Index,target
66,26.743604359120624
67,18.13190376691126
68,31.64974768410555
69,34.40828061934729
70,30.948990287944895
71,35.65629786720293
72,37.91487319489149
73,27.21710516199944
74,51.86223865978098
75,42.309168778566104
76,47.94747939502643
77,46.072194948555676
141,25.869220936836633
142,34.08003164886992
143,32.68482558733736
144,33.92874887795216
217,29.491626900832983
218,28.66471465901455
219,33.60003070274335
220,26.753488885863824
221,20.493179046210876
222,26.505440651672853
223,20.894014259938764
224,25.56414581650652
225,23.523627128603216
226,26.341498964300932
227,33.57730433876652
228,31.543885503800055
229,37.40934241963298
230,32.5446779314978
231,50.15755569376619
232,36.851819944563395
233,35.02035820035127
234,40.07358368746975
235,38.37252302853226
236,39.785616767874515
237,39.246345209611235
238,44.653601664768765
239,44.232625088424726
240,56.93203964409347
241,86.53844424017039
242,64.33202286146395
243,53.43515689207179
244,57.59928033241561
423,25.756209096434763
424,29.19150083908916
425,28.23496027171085
426,37.49910004515807
427,36.935336320107695
428,51.93547032953816
429,44.97698538364067
430,35.17481945537858
431,42.580087152150085
432,43.8136832653387
433,41.83399261661715
434,35.594620565030105
447,26.476378141770702
448,32.91780068715609
449,32.3530237860563
450,32.26885087123789
519,30.252671045793107
520,34.22779951492174
521,36.20991862490298
522,33.412399272871816
554,18.952777530189252
555,28.48129961035803
556,47.17440918459038
557,40.12937601438212
558,36.32830178782159
559,20.785540165193535
560,25.481993224689738
561,25.722895197579874
562,31.01044666110431
563,23.96407054736496
585,33.595076655151104
586,43.105833698998254
587,33.33426556775362
588,36.05674821325101
589,35.40260222350225
590,39.65101884072993
591,45.96105114800462
592,41.11976207572814
593,57.49141571883183
594,44.49308984211037
595,35.26122483432503
596,45.032759754075414
606,28.38283801570696
607,30.502321212395586
608,28.363208876429663
609,28.48949272784697
610,26.642516709697173
611,30.047101609558382
612,32.50890756585001
613,40.05265350541229
614,30.538856123493936
615,39.198202490346205
616,34.67405441926783
617,47.205175342309865
618,28.118432468653538
619,35.15095341806716
620,35.76135217385425
621,51.46344273897431
622,41.389980587363155
623,39.885913074364126
624,44.81098459130632
625,47.49312599291008
626,58.62797848776665
638,43.46020947003958
639,31.804497852866596
640,46.63174750887327
641,58.305951807988734
713,58.71222568864407
714,37.76247764218324
715,65.41001549550653
716,45.445545126759455
717,44.858528195376
718,57.430832080616995
719,51.91181523202427
720,77.551408914884
721,63.724231815078156
722,69.02474919452278
723,52.55288102582067
724,84.54921768643624
731,32.55302194584611
732,28.982114242015342
733,21.403313036493955
734,29.84103599568084
735,23.361155365125242
736,33.87488237038052
737,31.722201709955534
738,30.434229301012486
739,35.09547613681646
740,35.12829471188438
741,53.716917889335726
742,56.133661178968474
759,34.28626440216895
760,42.230681938945665
761,38.86428681150774
762,32.83846959851158
763,39.18953803850107
770,31.022793500437082
771,31.86127211158437
772,29.37614733616676
773,32.651470978869554
774,36.06765412096732
775,21.455234881977447
776,34.76924513593873
777,18.79609623490747
778,26.69539621440752
779,34.44854914403374
780,39.91380314773389
781,39.05811822796714
782,30.415175778616188
783,37.68147618291337
784,41.89295500753592
785,44.01976618241528
786,37.826590572730666
787,35.9654114151849
788,39.9815467428311
789,40.55313260283751
790,44.48392058396641
791,61.22815508122876
792,66.18841713062517
822,37.709077205092285
823,39.93184018646771
824,64.14720462301956
825,40.82794923567481
826,58.15362997570301
839,27.820681176090424
840,30.39564681563091
841,36.79040428642463
842,34.493658808756166
843,36.889047445837036
844,38.65778959117596
845,44.923608903907265
846,38.961891088479305
847,45.61344539910864
848,39.94479750592535
849,50.68768603848201
850,43.136068442935496
911,23.79604486895701
912,22.077396885996272
913,34.452116528058305
914,28.626109666362513
915,30.20914168814687
916,32.2038854634065
917,33.64723282244824
918,53.54355033674751
919,39.7257430987658
920,36.432805314638735
921,41.00950196330869
922,43.537708085894295
944,29.315382698924296
945,35.94442691708024
946,31.315514150525416
947,29.324559862033897
948,38.60295131453407
949,41.929488322131434
959,48.498119771066825
960,60.56034099173894
961,41.927879397322585
962,40.85618649706302
963,42.231186152823824
964,51.371209037440494
965,48.018371087619556
966,70.48777977917543
967,51.73407720153696
968,66.4384467553319
969,70.97623631149975
970,72.93448179332985
1097,6.072477109722733
1098,11.655577775261296
1099,11.198091109142347
1100,14.633382851796753
1101,18.257940273471505
1102,15.443102364184327
1103,7.623462086443503
1133,27.914104424380742
1134,36.905656015677714
1135,48.126919314529395
1136,38.84959620586527
1137,63.765801631059716
1138,47.329048821828266
1139,35.36471548276281
1140,40.97413765122981
1141,34.256383340695585
1142,33.89615113270649
1143,41.215070541751786
1156,35.22309585967378
1157,29.316120265925576
1158,36.99238262522432
1159,33.846096112792736
1271,33.20771324834522
1272,25.175044420723935
1273,32.104155972111236
1274,33.9741297078085
1275,31.32608219260034
1276,31.630266565981245
1277,40.346727571842564
1278,35.9281261061064
1279,45.282013800505226
1280,42.44014742789376
1281,42.35210438404924
1282,45.174629625644265
1294,51.30340020763384
1295,57.61121101510993
1296,55.999853267130035
1297,61.518474717886576
1298,65.01732888967577
1299,42.37220456172488
1300,68.31266504911015
1301,75.54640767434499
1302,101.27126673664044
1303,49.92074182841766
1304,53.62756658399427
1305,89.45718764046171
1318,18.596085945734455
1319,26.165058070052353
1320,19.721631301399874
1321,31.183381834491108
1322,27.209634693665347
1323,27.02573207210378
1324,31.255363773915363
1325,35.180686401169055
1326,37.153032909866525
1327,42.5498569553329
1328,38.322829978742206
1329,49.399522363211254
1443,31.375478136016156
1444,33.95569687288741
1445,35.07627926482033
1446,34.59654235026674
1447,28.20817738964028
1448,32.389831055376646
1449,25.81804354140767
1450,33.97698077485003
1451,38.206151203117024
1452,54.79916176808514
1453,47.10080518944525
1491,28.719711743287
1492,35.96681316266234
1493,30.066713093864877
1494,49.96130129804263
1495,32.73993196578369
1496,40.999708127051775
1497,34.74272419913906
1498,43.52021463444187
1499,37.9087882427078
1500,43.47156802806703
1501,37.18228208242184
1502,42.72826336138592
1540,34.95399410232019
1541,55.035236488421994
1542,35.586419293345976
1543,40.27832868546002
1544,57.91001014026919
1545,35.17547734019911
1546,42.25478369492028
1547,55.88977488856256
1548,80.63392643881024
1549,73.21833969558453
1550,53.25871832574771
1551,68.46857886067681
1682,35.72128925490583
1683,60.40124138764563
1684,44.95734885957246
1685,41.43974957988772
1686,47.42241217634631
1687,45.31359918596875
1688,44.91233263434024
1689,70.19537069809165
1690,45.81026532833375
1691,76.17337418421187
1692,55.26547066273968
1693,75.6776572948655
1788,16.745828098247525
1789,17.604149978094338
1790,18.24789138797946
1791,19.616342939802117
1792,20.474664819648943
1793,22.675116748389982
1794,25.600278819068564
1795,34.61867122726152
1796,29.088213567579835
1797,31.932406906205998
1798,36.173377522850345
1799,37.327248604711286
1823,14.398563456824231
1824,29.777568837528683
1825,32.1333118322527
1826,34.53144002703711
1827,37.83351384778286
1828,43.27432520136096
1829,39.08583363693134
1830,43.94576495579833
1831,51.94476269537649
1832,51.28395176529105
1833,36.73657406124954
1834,49.6649719567728
1835,16.467236758880663
1836,28.224536493986022
1837,36.17002655237044
1838,36.08905782031803
1839,33.00764590081637
1888,18.552020413194825
1889,24.752540985690068
1890,25.825443335498612
1891,27.301185122302115
1892,30.119056957999817
1893,36.34589903342351
1894,33.39241123654941
1895,30.081512647859334
1896,33.037836148710156
1897,38.022206252722285
1898,51.34468413682566
1899,47.532819753640716
1900,21.06751902146307
1901,33.60536063154191
1902,32.13183002956789
1903,33.558661015254415
1921,22.68643914515426
1922,29.208830422592055
1923,35.03283306102075
1924,26.20375403308645
1925,28.78863651660845
1926,38.05720824948346
1927,34.23945546869517
1928,34.74879045966397
1929,42.272332480496786
2057,25.015761106389782
2058,26.384212658212444
2059,28.477374351972625
2060,37.67015942777529
2061,26.559903806138372
2062,27.78877299995881
2063,30.14038645801314
2064,42.681077267372764
2065,43.4587470308097
2066,39.29861733022399
2067,41.025263609498154
2068,48.76667614205518
2139,45.571315018929525
2140,42.725117457036276
2141,46.16040919969067
2142,71.69951046625896
2218,24.81173087800494
2219,38.340321601927926
2220,15.514807619398116
2221,30.298110886762373
2222,34.73829933920736
2223,36.29892638356546
2224,38.36419775900291
2225,38.622583010135685
2226,37.43162996604237
2227,44.487647464012674
2255,38.73261118899336
2256,25.681423090108105
2257,33.48654570879109
2258,26.213252417021888
2259,32.79395776832568
2260,28.12998315997324
2261,35.033525056282244
2262,52.846926379790276
2263,46.91384498601571
2264,44.83443537558097
2265,42.984885838732524
2266,47.904680486086754
2271,35.240469343371345
2272,22.33216711496622
2273,31.307668773102748
2274,32.6267861678379
2287,28.79168424779322
2288,24.925227341948315
2289,26.601538593415555
2290,34.35469152304178
2336,22.414638417958628
2337,27.921094989986212
2338,31.388187696561815
2339,32.63302280956982
2340,36.703790712079396
2341,43.3249796082188
2342,38.88593424095984
2343,48.350178169095756
2344,42.54144961769073
2345,43.64216542129245
2346,45.8917302386074
2347,46.235868489859186
2413,15.643621079412945
2414,24.12556231270164
2415,14.058584834361497
2416,23.34620494164014
2417,25.14414349776036
2418,14.991471159335248
2419,25.478009288955043
2420,25.467431412903967
2437,40.64114517200082
2438,29.6549329036123
2439,50.762727157609824
2440,68.60260099213703
2479,32.73342634786438
2480,36.65675018085351
2481,31.062117911376568
2482,43.64012702009862
2483,29.530411419885766
2484,28.026343906886723
2485,26.00070992814406
2486,26.214080886749397
2487,28.15023821619343
2488,25.342568324747056
2489,40.2479285007113
2490,43.555326886888466
2491,40.866748026738385
2492,30.857191526021452
2493,38.275827537279696
2494,44.16820336964325
2535,44.132891661041754
2536,45.27448419980868
2537,41.020750860328945
2538,53.937562666515475
2539,52.0335936050908
2557,31.337141867963126
2558,23.551585050416445
2559,27.087688579521572
2560,33.10642863351367
2561,35.113982842572405
2562,28.29512735139759
2563,35.01651457959508
2564,49.49025999561671
2565,53.77336150952064
2566,43.67265976134649
2567,44.09005476305596
2568,47.50315390060981
2573,33.93859572751703
2574,44.6078018830689
2575,39.42591549097928
2576,44.19214971079458
2577,29.165103256634982
2578,39.61038988606083
2579,43.08775346276755
2580,40.26961394525241
2581,62.2588709870177
2582,48.592600081545626
2583,51.73480172800578
2584,50.88934225758619
2585,22.957099912780173
2586,20.647353525791182
2587,26.578646399200743
2588,20.430768832562393
2589,37.175013790933335
2590,38.250992894908585
2591,51.89834568656097
2592,42.030768873251525
2593,45.03064614277713
2594,33.95365991321126
2595,33.75286696477313
2596,21.817739875792512
2597,37.35437013370586
2598,48.07203775298221
2599,38.11705905986957
2600,47.14910546312472
2601,53.017061531852356
2602,31.501445877099556
2603,39.78601202005713
2604,56.25680728451253
2605,49.50903378107879
2606,18.261214091537504
2607,25.293735040951127
2608,21.775470342977222
2609,28.727022560338433
2610,26.79379410741598
2632,46.21085207323523
2633,41.24316709138627
2634,51.33368198352857
2635,36.15359811920877
2636,29.773037343907
2637,25.57430912361698
2638,32.19666686654529
2639,32.17585444051973
2640,31.93558680490058
2641,42.3095339930273
2642,67.53595493833753
2643,41.81119734973805
2644,47.05359826046687
2645,72.17485506878272
2646,60.68935614024144
2647,59.93664487034224
2672,17.534300684109
2673,19.65378388079762
2674,22.471655716495334
2675,25.611398257135622
2676,24.000040509155724
2677,36.18650118418449
2678,33.366625125219684
2679,39.81025578454398
2680,30.769586488043764
2830,31.511383804841387
2831,19.18930716863623
2832,31.161187373703292
2833,23.993050463113278
2834,30.267394402614407
2903,18.45466301498534
2904,18.2117568188281
2905,21.217887621559086
2906,21.887950534372653
2955,36.42405140330008
2956,44.07399225967039
2957,37.164343108950526
2958,28.3747459736107
2959,32.80854520066005
2960,47.47015529057041
2961,40.78933381107905
2962,48.85860591763034
2963,46.54893685228512
2964,35.98749763311845
2965,43.93098346823578
2966,49.51408413377435
2967,37.87335389851518
2968,47.03805807277538
2969,39.32154813359122
2970,48.71260907720916
2971,64.808224639689
2972,45.92449571317837
2973,54.85609025587933
2974,70.6326569922687
2975,47.99976389822236
3006,45.050334781663096
3007,78.72873187952763
3008,46.11573145188754
3009,85.9329788908426
3010,52.1266601352053
3011,81.12297059372476
3012,52.92047709542531
3013,52.92462865832295
3014,84.04668991025392
3031,32.134241702046495
3032,26.92565474730738
3033,52.96742733414605
3034,57.98782438495729
3035,33.74871964769855
3036,42.04235089245956
3037,45.68888491789373
3038,43.207980084110474
3167,22.023120202785936
3168,23.60615222457029
3169,28.19531504908564
3170,20.00691879454398
3175,33.46231880588173
3176,37.54520762520206
3177,32.88077531950053
3178,33.02829663506989
3179,37.985764415388395
3180,38.02970203360959
3181,51.34189878445129
3182,50.853938237088144
3183,46.946882599840876
3184,39.55960164274945
3185,75.54554297223481
3186,51.48699473681612
3192,31.35214489060062
3193,28.29136685874565
3194,31.497963189665214
3195,41.89872587863911
3196,35.86509494097203
3197,19.887942274889863
3198,18.598455231852526
3199,31.93878698874225
3200,25.79090942210388
3201,35.37791802412509
3202,36.38758611300902
3203,30.917918200885275
3204,43.01719790821227
3293,34.049655286297565
3294,36.33066105493428
3295,32.60236907533461
3296,37.779701426344275
3297,33.35926962467893
3298,41.30475968306335
3299,45.76031076966941
3300,38.99501329607437
3301,43.476885885608866
3302,40.482631891648964
3303,40.68042782110237
3304,51.05252632197833
3305,51.16070632222075
3306,46.69719826573633
3307,66.8446291882395
3308,40.52380358051553
3309,22.920026776166978
3310,28.529448944633984
3311,32.944056822093515
3312,36.885617538458646
3313,43.19166655216128
3334,23.10027668307852
3335,34.66931745115062
3336,32.324778909561125
3337,26.781631554493174
3338,27.14422080380284
3339,30.538882176174376
3340,28.546941276574827
3341,36.26364285404631
3342,32.00318329054776
3343,62.3988758851026
3344,38.62941903453535
3345,42.77743229456608
3346,54.51095124704487
3347,34.81673431634533
3348,44.93315015129396
3361,24.059712849009173
3362,24.944356231784433
3363,22.903837543881128
3364,35.813556414134965
3393,24.93642644333815
3394,25.177328416228313
3395,30.062040442757777
3396,35.45688214126307
3425,30.67650727907108
3426,35.208543656500396
3427,33.788813797982336
3428,65.62299283957994
3429,42.26588218853906
3430,43.29675818550127
3431,61.36027930527361
3432,48.23786202086522
3472,22.01363444207233
3473,29.046155391485957
3474,24.56227857868438
3475,26.333569567502
3476,30.896410889088905
3477,42.25754972231222
3478,36.9369762233975
3479,37.20539452642052
3480,39.26345575433829
3481,49.9322047549068
3482,29.21212618857159
3483,40.911293443172795
3521,23.064958952603888
3522,15.46766110209046
3523,20.86250280059575
3524,29.2371537989036
3583,25.668129764496797
3584,22.9292224375844
3585,19.97573464071028
3586,35.71291166895029
3587,34.28613495387063
3588,36.51721313248298
3589,41.48025204144026
3590,49.449157916139086
3591,51.52325107177169
3592,44.452595540559855
3593,38.83488176200113
3594,19.356802393537926
3595,30.844874429557606
3596,25.10487936032121
3597,34.27526793052486
3598,37.1688310109986
3599,18.50955710300117
3600,19.153298512886295
3601,24.03801053941575
3602,22.963103966340135
3603,26.58665467602779
3604,30.746656560619734
3605,28.83974961062573
3606,42.18008136751545
3607,36.2616188372365
3608,34.562917364116466
3609,39.6333928537218
3610,30.24250773760707
3644,21.01013313524939
3645,23.720714735966254
3646,24.364456145851364
3647,19.558708628107233
3648,26.913100282463414
3649,29.91923108519439
3650,31.905102543973726
3651,33.092802225780744
3652,31.34652826587078
3653,43.497700494717726
3654,42.65237967567293
3655,40.79754580406778
3812,29.38700384112424
3813,31.654818928617743
3814,37.224184200090406
3815,31.961079867896977
3816,62.082173935750944
3817,45.306610753046265
3818,34.35769883222619
3819,31.024330429086547
3820,43.052324849984416
3821,40.172028757979575
3822,50.993576306289526
3823,46.645167458564046
3824,42.414373173319504
3825,43.91569077816719
3826,73.80228389364203
3827,42.89459849147607
3828,51.76460635771656
3829,53.22866466161483
3886,28.476548024832212
3887,30.973243444927412
3888,49.56641161052256
3889,31.20314154116968
4051,20.84317526018308
4052,26.640856395683347
4053,26.55988766363093
4054,29.995179406285345
4055,28.491111893286302
4056,21.940394889652964
4057,27.308915085229813
4058,32.70375678373511
4059,26.501283556610257
4060,36.82586879705886
4061,30.525020640988032
4062,32.26649587957506
4128,20.765394611162133
4129,22.965846539903172
4130,31.528756505244274
4131,26.642040255447718
4132,36.547080269683036
4133,26.052233910852536
4134,15.489384245043112
4135,36.706467121352155
4136,47.62431083497871
4137,38.86557779858533
4176,24.07046213280993
4177,25.065516092452448
4178,27.60371037848349
4179,24.145844251043094
4201,47.026094021377574
4202,39.073097896014545
4203,39.866349363443
4204,36.970253226199034
4205,34.139823212510535
4206,44.58041906519641
4207,74.07893723878475
4228,46.455959184999465
4229,51.01880050658635
4230,38.696524271604765
4231,42.62938491452021
4232,60.61883979708573
4239,25.00137548855781
4240,29.483248078092302
4241,35.898349120549256
4242,29.76520636005474
4249,29.80475097865255
4250,27.683263558696837
4251,31.225845536332088
4252,34.01074937928077
4253,35.814103241688386
4254,36.306165864568
4255,40.57077337286112
4256,42.701776885883284
4257,33.36690688750091
4258,38.7033479397127
4259,35.68255476762936
4260,42.61100647635474
4270,37.33405536531764
4271,29.945411743728314
4272,39.42482282880948
4273,53.245646705483324
4274,34.045880618439064
4275,49.89553416149925
4276,32.40172316319318
4277,42.20925999555457
4278,33.15272001075269
4279,56.24975043192646
4280,58.7394538544179
4281,38.0071971730864
4282,64.10231577211324
4283,52.64737304528716
4284,54.6872268729494
4285,70.69327974955128
4323,17.524937043827823
4324,27.670879030953284
4325,27.74355510823608
4326,28.764324305996574
4327,34.32529265338263
4328,31.597071574093746
4329,31.9713002753098
4330,61.91464760733025
4331,43.29482583838801
4332,50.70929815451189
4333,34.21724265527905
4362,17.3498790515675
4363,23.550399624062724
4364,24.811560940904528
4365,17.536133795333665
4366,21.37426497498304
4367,41.260294107839286
4368,20.40162900922146
4369,29.862247371473686
4370,36.06393377590686
4371,32.32748233503073
4399,29.543656908226858
4400,40.89925656503255
4401,36.08930632273495
4402,49.17929180753573
4403,87.21881173776411
4425,30.37434807354795
4426,39.36641897881246
4427,55.84324152805781
4428,32.85368171348223
4429,33.5024109595114
4430,32.367380176176084
4431,37.41837318142999
4432,42.5902729411538
4433,48.09632162747454
4434,42.79874719810799
4435,56.93857639093034
4484,20.698564246402498
4485,21.79778809913947
4486,31.111729709346548
4487,34.98002072384008
4545,24.29604187864293
4546,30.093723014143187
4547,15.24249254331604
4548,34.656788571005116
4549,32.789736430548516
4550,43.19546594868284
4551,46.82551510965871
4552,36.46417218635355
4553,42.62484924114899
4554,48.54232282859103
4555,40.49175373601025
4561,16.930203872357684
4562,21.895884630939562
4563,24.096336559680605
4564,19.07600857197475
4698,26.27373512349479
4699,29.494446396187485
4700,31.234510711521573
4701,30.750875880897894
4702,31.642357531100956
4703,32.58305695743727
4704,43.42961935596374
4705,44.377096415090584
4706,34.50334008952531
4707,45.31683838005958
4708,40.54797065529151
4785,23.2337184838874
4786,28.252042248326156
4787,42.0486274833181
4788,26.998967260161027
4828,29.922790889081504
4829,39.39103700548003
4830,20.605383437544866
4831,29.89724000323161
4832,48.98189498031353
4837,13.589079878291987
4838,15.977790774066293
4839,17.453532560869796
4840,46.09174180723303
4891,26.493506333165723
4892,25.95505093499436
4893,29.926793852553033
4894,26.21742048738607
4956,36.08178358187699
4957,62.10266173715905
4958,69.61572392817679
4959,45.541897588397596
4997,22.89308826008037
4998,29.92560920949399
4999,27.36549825620991
5000,28.906983948745463
5001,24.1931044468257
5002,30.628769782316404
5003,28.349414568496975
5004,31.244717347055094
5005,34.05505311106816
5006,30.895082379992104
5007,49.63506644427977
5008,60.125820755459806
5045,15.188669720039172
5046,18.140153293646186
5047,22.514735648199824
5048,25.976348893782664
5085,24.053336291298912
5086,19.757718445530593
5087,20.294169620434864
5088,31.298433487407152
5089,32.049465132273134
5090,32.45634259638278
5091,30.981188936116055
5092,35.84227628429313
5093,36.2436317797833
5094,38.47597766022914
5095,33.711341453717054
5096,39.710212779259386
5097,31.643600108047792
5098,46.48799937793654
5099,36.71930990030944
5100,39.799636791916896
5101,46.49594688664388
5102,46.358266446156016
5103,39.240138195438476
5104,61.52989067726928
5257,15.72413607740296
5258,17.817297771163144
5259,22.487429327730908
5260,18.51368218690515
5261,25.22433243137621
5262,26.592783983198856
5263,21.997093615077137
5264,30.24288573071646
5265,28.06814127717906
5266,28.629702721360594
5267,36.36041397306419
5268,38.369607643837774
5372,37.6577846557715
5373,43.137926464409205
5374,62.396854447671174
5375,43.01938029937113
5376,50.170920568397705
5377,47.110024089008924
5378,49.519805151972804
5379,51.66712100167105
5380,50.5176650430976
5381,84.1685158598403
5382,60.889350746860394
5383,59.060290568642365
5419,26.912085576504793
5420,23.04562867065989
5421,28.55816181128246
5422,27.326785974160842
5423,48.76938734042939
5424,29.49090462423122
5425,40.111488268265646
5426,49.06363209730176
5427,64.6367057888835
5428,47.019165190029625
5429,39.15118949854606
5438,36.27131917657603
5439,53.39236116639563
5440,53.52639716390927
5441,58.701820347027386
5454,43.64957459175111
5455,29.098720300609376
5456,30.647095010441234
5457,31.981353597395213
5458,51.53493775694814
5459,58.47989832040747
5460,45.91322036031666
5461,72.7806494483813
5494,25.914790106997042
5495,25.564593675858937
5496,31.099355738325094
5497,26.601055025795265
5498,27.633022758841975
5499,33.39842054113463
5500,34.97326542964012
5501,41.31617015673886
5629,15.243147403710065
5630,21.148118774191182
5631,19.133921589216314
5632,24.206892582779044
5633,35.76257176172466
5634,32.66405703486081
5635,48.633455377144074
5636,40.381453925468975
5637,37.959099068264464
5638,53.16725388077699
5639,46.50604371601254
5640,43.12396643246312
5641,52.72388095672847
5642,41.53418709434637
5643,57.425657431422536
5644,48.04120904700896
5645,13.714313576755252
5646,21.44522316517797
5647,17.36418578937136
5648,25.953417257640904
5649,26.301609465511902
5650,35.64187257864743
5651,32.68758824848794
5652,28.73834351217136
5653,33.4109210108719
5666,41.16284721914681
5667,46.150422526042725
5668,32.9769282076864
5669,45.95110829384704
5670,34.3723373922041
5671,36.37522952755481
5672,57.860711008904715
5673,60.89058769461053
5674,46.612591795322814
5675,46.13890134326499
5676,69.18679904551392
5677,63.248866039574935
5732,21.81197506639489
5733,37.59566494818289
5734,28.870817518736967
5735,29.229898913819106
5736,35.76839750539907
5737,33.82531394479273
5738,37.42960741399265
5739,49.3682380286286
5740,46.53294741899612
5741,38.29181578080193
5742,38.78837859564225
5743,48.511421159859026
5863,43.49866285314194
5864,41.62712130259703
5865,63.63143607180119
5866,59.517242790661456
5867,71.28788208673082
5868,67.19453848612419
5869,76.31964592675443
5870,57.65086279808877
5871,52.53947256644667
5872,58.093295458099774
5873,67.99574015725993
5874,56.544991362672455
5907,29.64774692198283
5908,31.08394160480576
5909,35.016007597617886
5910,64.51459359251153
5911,35.513136573562086
5912,36.43732715201669
5913,35.70826338961598
5914,50.04494258098664
5915,59.0592914413636
5916,52.258161114664034
5917,62.926543393998244
5918,65.40286596582506
5940,32.71397185087914
5941,30.201339909791642
5942,32.02128551130374
5943,28.699009653577406
5944,19.153868884318484
5945,24.038580910847955
5946,26.828127020350145
5947,34.26348740675874
5948,32.14199998680303
5949,33.526664390074046
5950,37.25940127712364
5951,33.33468793234421
5952,38.90320160757665
5953,37.77894610156283
5954,41.6437923814517
5955,65.79978375227826
5980,33.59305708121021
5981,36.52251266778909
5982,15.659978281971632
5983,38.15713328119263
5984,54.84539528706977
5985,38.51884716606106
5986,22.921412028039228
5987,30.009314660418525
5988,36.52565832027938
5989,50.41735139109288
5990,36.77546713186003
5991,36.16665962475544
5992,43.201270360736935
5993,43.889811842076234
5994,43.68158936732631
5995,57.694013689143205
5996,65.24060313053785
6001,34.25149406484769
6002,23.8528240311516
6003,22.898563298272443
6004,50.32827938942566
6005,49.229566837580975
6006,40.960201850986905
6007,71.16601375885857
6008,80.75836542637512
6021,27.507176256490233
6022,32.23989063050493
6023,44.76964300114102
6024,45.5286222474254
6025,53.29655786382287
6026,64.21639770754827
6027,48.460003144689324
6028,49.11974912913137
6029,61.60910164988874
6030,73.38404665857642
6031,51.14312187638477
6032,73.23388438946392
6122,40.09668844813619
6123,28.954804396720434
6124,49.31477655532283
6125,34.45159804261247
6261,27.940924352010356
6262,40.02009479205827
6263,47.77732588340943
6264,64.69109526830356
6265,35.94674531433077
6266,42.25327695504245
6267,44.21568613200691
6268,56.34079649945736
6269,42.136864709580955
6270,44.830626911687965
6271,46.27794797974016
6272,45.23486596775335
6313,34.62098412071133
6314,46.25131506190749
6315,51.711800614795116
6316,38.64117158258975
6317,49.192292944759885
6318,40.36424302380689
6319,44.54966712511192
6320,48.064493305031974
6321,16.822173720491566
6322,18.297915507295073
6323,24.73933805268046
6324,25.59765993252728
6325,25.838561905417436
6326,27.31430369222094
6327,28.279915807048617
6328,40.466376482077386
6329,41.64656906686678
6330,42.9570839660453
6331,39.05558249771192
6332,29.320860165030147
6348,15.715108786496621
6349,18.425690387213486
6350,17.109881841247713
6351,21.88730363279633
6352,20.786075556792262
6353,25.267948146326756
6354,20.676781098544318
6355,35.73576083839478
6356,33.50698318345821
6357,37.55969483306929
6388,32.78137180377631
6389,32.914983541685594
6390,23.169876768288013
6391,28.870435173145054
6392,36.357616820050545
6393,30.062431467581334
6394,27.837116453397506
6395,47.39785244286398
6396,33.444598538688794
6397,33.832421527299076
6398,54.747320491853934
6399,40.29986018328975
6462,15.881619193857833
6463,24.254265968898586
6464,33.78278804906737
6465,39.90233988951019
6486,16.66105427000547
6487,27.47906339321158
6488,27.31712592910675
6489,24.470928367213496
6490,34.16138791148711
6491,30.188315273446335
6492,33.89944286188003
6493,38.54264812893747
6494,37.49555767142882
6495,42.97934088805887
6496,44.57305915746674
6497,54.474340816866984
6538,34.78891098396291
6539,28.860322172740847
6540,32.594265816661974
6541,36.07048697117976
6558,36.73198434976308
6559,43.898117037085996
6560,33.67637861947477
6561,39.239268237097775
6562,20.25170748518321
6563,26.263969090645176
6564,23.846932468675348
6565,38.824943476473386
6566,33.56554557410396
6567,33.56581822048556
6568,36.18122714025864
6569,21.790697260540846
6570,40.344573399027325
6571,40.28899592688543
6572,45.29880993935859
6573,46.44137693459692
6574,28.490340600858673
6575,31.374941785128684
6576,42.16223150979265
6577,35.51864622625265
6578,44.50750826784816
6579,36.026034118337364
6580,29.17976791268992
6581,24.131048778533636
6582,27.05121027289331
6603,33.06315083452727
6604,34.94173205832576
6605,27.571319808209342
6606,35.72527813750963
6607,33.00748663208607
6608,29.94511328368324
6609,45.83529921365762
6610,32.251078013352945
6611,33.747934081609316
6612,44.02273737750411
6613,39.21945488422095
6614,40.42673243135119
6643,18.734888815000314
6644,23.59127511533424
6645,21.979917367354346
6646,26.94559812593623
6647,32.528698791474795
6648,27.830241508711484
6649,27.239143104683265
6650,37.65431279089441
6651,28.445657192401086
6652,28.397880785994197
6653,31.20225541505401
6654,36.873262630328334
6663,29.100851233425345
6664,37.16961189624181
6665,32.29908501302421
6666,39.49343885122571
6667,35.50218220610004
6668,53.34199117299473
6669,41.601096127739986
6670,42.16138955670695
6671,40.914853459987704
6672,51.31965670546519
6673,53.2974161281512
6674,36.9602150413087
6675,27.894825491080155
6676,31.97385864361968
6677,22.969686053442597
6678,32.996182405075416
6753,48.086195836823784
6754,57.906197215080404
6755,63.69284142552189
6756,46.8006163257519
6757,33.73316946465045
6758,36.79676713015175
6759,40.722319452586675
6760,41.666015171179744
6768,31.897612182264638
6769,55.53815124770446
6770,50.63810494414128
6771,66.47011897873807
6772,79.17386194015408
6773,65.14668272893017
6774,76.6593918525134
6775,45.02405378614695
6776,49.04189175913052
6777,50.94415071061802
6778,50.07352766968465
6779,49.0361038129769
6788,19.848251426677393
6789,21.834122885456722
6790,23.498123639293496
6791,22.692444765303556
6792,23.953606082145352
6793,26.878768152823923
6794,29.16018881361738
6795,29.131863087421856
6796,36.27167427181632
6797,33.21621962021858
6798,37.99972147392328
6799,42.197403282865764
6842,32.34154709139341
6843,46.51233125878579
6844,51.418667944181394
6845,41.012700414534294
6846,40.716339872480376
6895,32.33525260955828
6896,35.554061072483094
6897,29.44828043624397
6898,44.45394446868038
6899,36.63866701968088
6900,37.64401622461304
6901,53.61561046923796
6902,53.9322979538137
6903,55.97771497409056
6904,45.49861130861223
6905,66.60828530091204
6906,58.93701617484388
6907,48.28717284268226
6908,55.592325119217854
6909,51.3274427455966
6910,44.59295979790801
6956,29.588536439690046
6957,36.540088657051264
6958,38.7405405857923
6959,46.57874040919587
6960,50.26215805646443
6961,47.380164591695326
6962,36.36134453349911
6963,64.70253954775791
6972,26.650052448748102
6973,33.494314431128466
6974,12.589788581469906
6975,31.889919250641015
6976,37.581225223678395
6977,33.817264733950346
6978,32.16054653789341
6979,32.67207576814458
6980,37.31318185028284
6981,44.36473231559005
6982,55.430165964175465
6983,42.57351264625361
7052,30.818301198088484
7053,29.042283927732157
7054,33.380777604504274
7055,44.71518898950092
7084,13.727682922039282
7085,15.015165741809529
7086,16.62451926652233
7087,17.053680206445737
7088,23.895937965559003
7089,24.780581348334273
7090,28.833292997945357
7091,35.97310418233984
7092,34.25445619937909
7093,32.6430984513992
7094,37.60877920998107
7095,28.77664154555429
7096,30.360329864575
7097,39.413528332656085
7098,45.09404151031186
7099,51.97390219074223
7100,59.131406125904775
7101,44.32485269118751
7102,42.775337704904345
7103,39.03264853935394
7104,41.09606510753551
7121,22.789970142376795
7122,29.20257406248634
7123,26.833994725011088
7124,50.620487682961326
7134,55.37301892962071
7135,30.678195856010646
7136,46.741657032554386
7137,66.74113594324216
7199,26.387032545214264
7200,26.225095081109437
7201,42.313461092474334
7202,42.22087979498201
7203,32.696257533310266
7204,30.300341290529012
7205,37.15977479344094
7206,38.59728614331647
7207,35.51736482589662
7208,39.70834344170127
7209,42.02249438824104
7210,41.16897041920943
7279,25.70814138371826
7280,17.922584566171572
7281,18.593666529544443
7282,28.82198076568393
7287,29.686510459410385
7288,26.67837543341232
7289,30.731087083023397
7290,23.46711518957009
7291,33.18837067879792
7292,22.95683400794091
7293,39.53959584076601
7294,44.41032566357125
7295,31.169726074179216
7296,45.304489258035126
7297,42.48969475353854
7298,57.186076360338376
7371,15.309729734635823
7372,18.127601570333542
7373,18.475793778204547
7374,24.809926088609085
7375,25.882828438417615
7376,28.619731542062922
7377,33.90728300558736
7378,34.765604885434186
7379,26.410477492505212
7380,30.338659431191616
7381,32.12691766536052
7382,31.841366192766152
7510,44.402854577244725
7511,47.273369418799334
7512,41.97788122014117
7513,48.239551021893725
7514,44.649244962314256
7551,11.142086594304477
7552,13.287891293921547
7553,14.253503408749228
7554,16.372986605437852
7590,27.90503781669286
7591,30.911168619423847
7592,35.76955914302487
7593,28.059762438208622
7594,42.797706583053326
7595,24.730591817204783
7596,31.78014411678504
7597,40.42644773267991
7629,32.18050893348778
7630,31.803990999421245
7631,31.280290428849497
7632,23.211719812951994
7633,35.81738026667474
7634,40.47310201809039
7639,31.26954287284208
7640,38.94580523214081
7641,48.654647447738206
7642,50.784011472770935
7643,53.483894920973746
7644,48.53026517098424
7645,58.02800761425183
7646,65.05772947700613
7647,56.67300662929689
7648,20.106729058667646
7649,24.347699675311986
7650,17.072272529741127
7651,21.017693944371352
7652,25.28498606394413
7653,25.74046850679598
7654,25.282981840677053
7655,44.072802525196025
7656,23.010092729029747
7657,34.650737920666145
7658,39.359291267228485
7659,37.36428104723696
7690,18.007279906032824
7691,23.294831369557265
7692,20.663214277625723
7693,25.183492171215317
7694,20.370610599833377
7695,31.654270389319763
7696,14.581100149903698
7697,40.584366766711284
7698,24.807424047189812
7699,33.568321110289666
7700,48.76006646183991
7701,45.53419609835408
7734,15.167737999043855
7735,20.026128522644875
7736,26.25297059806855
7737,29.16058611716364
7738,31.207764408099834
7739,27.577003502499267
7740,28.88100760144369
7749,14.777451851950836
7750,19.018422468595183
7751,16.279515141682793
7752,23.419326326077268
7753,22.53267872003491
7754,24.652161916723536
7783,25.018949581068572
7784,29.581790902655484
7785,38.97670124491497
7786,23.700826555790993
7787,33.90573465599222
7788,17.1995081015875
7789,23.614609144044444
7790,24.687511493852973
7791,20.203634681051387
7810,36.62800069663056
7811,53.536689121191245
7812,37.159148414894226
7813,43.8168494364844
7814,45.42041304117507
7815,43.69047620288673
7816,41.773725892490745
7817,71.20315411828606
7818,60.730129618587874
7842,28.19958637788311
7843,38.031880505921464
7844,41.508663532055714
7845,39.821640694804884
7878,30.627374921204023
7879,30.748561197962132
7880,38.805862108685005
7881,31.505061256175843
7882,38.63181010820688
7883,32.568112172965826
7884,21.5227079251085
7885,46.454462660236985
7886,42.07485697402331
7887,38.71206551991092
7888,46.125042799276535
7889,45.69871963127318
7895,31.87960101290068
7896,32.76424439567595
7897,22.283940698587063
7898,22.65081663039268
7899,33.68215525063439
7912,16.756947927961907
7913,23.091080238366438
7914,28.674180903904997
7915,29.12966334675685
7916,29.86874325093499
7917,31.701768034495544
7918,35.96762298320658
7919,35.56296542111417
7920,37.278916835444896
7921,38.85715100720911
7922,44.45578982326735
7923,43.0763287271127
7957,33.12417383806684
7958,33.11634267839774
7959,24.478097916969404
7960,30.09747998563003
7961,32.911089679515875
7962,38.97120527243571
7963,39.83472684828462
7964,42.51833972685265
7965,41.625879161668635
7966,49.598434702149326
7967,82.48353876662055
7968,51.554973742135466
7969,50.469837838962334
7970,69.46875634401569
7971,49.68873917243988
7972,50.27215975688474
7973,24.202889619307513
7974,30.702112778672557
7975,21.437100381940112
7976,27.615583263055917
7983,21.71334275134874
7984,19.832757304283167
7985,26.78430952164438
7986,25.923983418530465
8027,41.596182626231496
8028,51.82309334540939
8029,34.21800879045949
8030,48.00619534917866
8031,34.836923279150994
8032,36.46243131234121
8033,36.6894680703995
8034,40.213131372806956
8035,38.967294963526605
8036,39.37569765393128
8037,43.91752108446751
8038,49.60396364402795
8101,27.661394445181678
8102,35.22079280398844
8103,29.594745983719903
8104,30.491861909683394
8105,19.7461511481111
8106,20.711763262938785
8107,21.059955470809783
8108,23.98511754148835
8126,39.536535440139424
8127,34.32168745762514
8128,58.213873670528216
8129,42.28521856750441
8139,36.101039542551554
8140,36.62367022482536
8141,39.58028010356601
8142,18.942974598657077
8143,41.48708969046186
8144,34.756675414448125
8145,36.69958670165135
8146,24.53195332898973
8147,19.40433510630303
8148,27.80530760753931
8149,23.72427023173269
8150,21.46942067429088
8151,24.287292509988596
8152,24.018064810902928
8153,28.070776460514008
8154,27.291419089452496
8162,42.31189693227018
8163,47.49215816081377
8164,30.399595392465002
8165,32.66511135311681
8166,41.29089557708731
8167,45.63160127831644
8168,40.16564479953578
8169,40.40167228027387
8170,61.52769968703372
8171,46.00129350037794
8172,42.767464998205554
8173,65.47393842912167
8203,23.243283516276463
8204,24.638056571027548
8205,31.67057752044117
8206,35.087685225106995
8207,35.51420836492427
8208,35.79820224322993
8209,39.8380775201984
8210,37.15992080013892
8211,55.176787326165
8212,62.83232447358303
8213,50.67508040989511
8214,53.309855302318894
8215,18.27841842142931
8216,19.861450443213684
8217,26.033645289513387
8218,29.36164679718692
8219,37.35977986142824
8220,34.51358229953499
8221,37.51971310226597
8222,34.45893507041102
8223,39.02177639199793
8224,45.222296964493154
8225,47.93287856521002
8226,42.7242916104709
8305,21.634097187132745
8306,29.391328278483915
8307,29.122100579398232
8308,31.195730649473106
8309,23.764643068714488
8310,37.36199301480988
8343,22.876131572375094
8344,22.015805469261174
8345,21.558318803142235
8346,20.80528293500916
8468,25.955331752769517
8469,37.38804633209765
8470,23.252317337462983
8471,32.00184716947596
8472,28.80386777507621
8473,31.513784271359434
8474,37.72275256483926
8475,33.71064243243413
8476,27.802881617837613
8477,43.3768356763296
8478,47.45284471458682
8479,41.75480095647505
8480,62.87019326941187
8481,48.85099636521409
8482,47.80901932017042
8483,51.69746938483326
8536,27.73652553594855
8537,29.18815462065548
8538,36.83668160763594
8539,41.10960529507703
8540,21.80359546035953
8541,26.25914654696558
8542,24.137659127009876
8543,20.459461188198226
8544,23.46559199092922
8545,41.9072204675772
8546,10.852397162354531
8547,26.573494367575584
8548,25.053468159079916
8549,29.353386586560333
8550,38.23534168424575
8551,34.79360517787423
8564,24.63842750858852
8565,31.563658223021292
8566,30.78430085195979
8567,39.11317888754564
8568,61.287711860448084
8569,42.695569532287145
8570,47.776939326518196
8571,56.87725775800866
8572,66.54455376544104
8573,48.696256912117235
8574,60.785873528571116
8575,47.57020482095537
8604,22.992985664803005
8605,30.21176135798281
8606,26.637698892049407
8607,27.587101822839344
8624,25.713131906261594
8625,25.443904207175912
8626,30.006745528762828
8627,26.784030032803035
8677,25.458123021086138
8678,37.75187393109576
8679,35.271556513307345
8680,29.0991492795937
8681,31.615271689701878
8682,30.74689104178745
8683,42.26589160479247
8684,36.04606821350404
8685,25.58998486949712
8686,29.43185972018034
8687,45.83570366156941
8688,37.2836945097479
8732,47.892995724425646
8733,53.502417892892645
8734,41.21911016560054
8735,47.395060702521874
8768,36.315375916446975
8769,36.234407184394556
8770,39.965248129063085
8771,34.98464178586548
8772,40.54746758245151
8773,42.87110655709603
8774,41.90590486741177
8775,33.252963423943896
8776,25.252826136435502
8777,30.218506895017384
8778,24.868370274398142
8840,26.72601261308195
8841,27.545588919751324
8842,31.656543393459273
8843,34.90126682408773
8844,34.34339154653074
8845,45.11123997263908
8846,40.50798711752463
8847,46.32180788555939
8848,41.7377292949714
8849,44.154740485718634
8850,48.844937502665914
8851,44.739044686442945
8852,33.375288528217034
8853,39.816711073602406
8854,59.3198760544894
8855,52.553158456070065
8868,35.677685841106154
8869,49.19046067781356
8870,38.2586167335444
8871,39.93629426541703
8872,43.16210250483082
8873,40.558387721316905
8874,71.12846259971279
8875,57.68852928882262
8876,55.278246828608935
8877,45.602691277156424
8878,73.58825220083598
8879,47.87834607983158
8898,38.23266395421211
8899,23.762778395122787
8900,23.600840931017967
8901,31.50930706515333
8902,31.509170479345805
8903,30.63764314149273
8904,34.10996545083529
8905,34.541257041465094
8906,29.055443717277115
8907,52.22040468340261
8908,45.75099460862837
8965,33.61235590814673
8966,31.088029051196045
8967,30.997206070845166
8968,31.00787932202161
9070,27.257137348389705
9071,33.771096782844296
9072,28.1757647342297
9073,37.46226077186259
9074,25.865483246970527
9087,25.465484396336883
9088,37.46305882946026
9089,42.44627625656215
9090,13.6944538689432
9091,24.339936299140156
9092,31.372457248553772
9093,31.103229549468097
9094,13.133077271973486
9095,17.571764722683128
9096,30.950328744819714
9097,30.663130071609082
9155,31.04339510546089
9156,22.022998474000843
9157,29.065944662563343
9158,28.854038794786455
9159,42.24776152085841
9160,46.223142343885314
9161,35.21909191693318
9162,43.571236132314496
9163,44.882362438955816
9164,46.97345623018648
9165,39.04250981284571
9166,47.43082126873385
9167,29.84190722070487
9168,32.469236586010325
9169,34.277045232733485
9170,30.047694804032574
9171,56.782248549152904
9172,44.36302837733997
9173,57.95085873394077
9195,24.6314809710934
9196,21.70431467714774
9197,29.67612623846061
9198,29.4595415452318
9282,49.28612452734531
9283,40.051147425923574
9284,48.52204785788322
9285,53.917577745522124
9286,51.17336681266385
9287,55.39140081748697
9288,54.68629192373907
9313,21.225899814859464
9314,27.74829109229726
9315,28.20377353514911
9316,26.082288171468726
9359,33.23248112889033
9360,44.505972694948284
9361,53.52500967276217
9362,34.97873012231392
9363,27.480419148313032
9364,32.90158234974676
9365,46.321956977759136
9366,70.03719429070925
9367,70.01508503452142
9368,31.824137728394653
9369,33.48813848223142
9370,44.775710342200334
9371,27.429246475869483
9372,60.03771987627519
9373,41.47997380730533
9374,51.62340147316227
9375,40.20087835875188
9376,28.10932140760555
9377,45.985774030805764
9378,68.24445575329695
9379,40.3910467986644
9380,32.007453206257885
9381,34.9977664856662
9382,34.69463857395233
9383,37.60632526614668
9384,33.1301834849644
9385,33.62478903698451
9386,33.602077990646556
9387,30.63955613139082
9388,37.50835915072774
9389,34.44240773899776
9390,48.869085577583256
9391,43.690977148997305
9392,33.52345621270606
9393,22.033379953419278
9394,25.846308179084645
9395,26.712304660400772
9396,33.392586337356555
9397,28.977688501246035
9398,36.43583780116626
9399,46.5847124186133
9400,44.44642626286429
9401,43.73047569271565
9402,40.82142427554808
9403,32.070471121734755
9502,32.2602922391865
9503,22.622475700769765
9504,27.18876824866933
9505,28.660670188688748
9506,30.116260273134998
9507,36.76882368684888
9508,36.12315000814526
9509,16.643100631074365
9510,31.948220111052166
9511,29.37821323339107
9512,25.422461905009584
9513,23.846100526648407
9514,24.272146148734507
9515,24.9391053992939
9516,20.606850814755443
9517,32.82619466388002
9518,34.61943339211702
9519,27.827411718908262
9520,30.495745059423413
9521,26.358398238518596
9522,35.698203008019355
9543,45.193067224699746
9544,45.94535534267916
9545,42.0719777338238
9546,35.76224679449638
9547,45.950907440166695
9548,32.969135456137714
9549,38.629726657521175
9550,45.80754469230319
9551,47.724525342739625
9552,54.852802612424064
9553,43.54399018497379
9554,38.18973056026545
9724,34.235613848036294
9725,28.19502651637879
9726,37.80451732859997
9727,30.898716934687144
9728,27.41965237426919
9729,27.42675543373075
9730,34.32899162437505
9731,29.71859072359625
9732,36.66791402595875
9733,38.23594088526413
9734,40.21176561850094
9735,42.88944315093609
9778,31.643888604777757
9779,30.187933170428295
9780,36.131823383742926
9781,37.87158826086684
9826,34.31872602770133
9827,35.390716555116654
9828,31.830345519920144
9829,36.2614591976527
9830,36.009865204990405
9831,37.38406259347561
9832,38.00200607640385
9833,43.6922058357182
9834,40.98920454253938
9835,41.141983223976254
9836,47.34557774261302
9837,46.48012085661102
9850,23.35639622908495
9851,33.77790819559904
9852,39.9105601201408
9853,40.47007182156446
9854,43.40286742364418
9855,40.669907905060825
9856,43.914202783177195
9857,45.36359363694096
9858,47.411029968578035
9859,26.750239897664542
9860,31.458778591525864
9861,33.87090216164056
9862,34.14945771676089
9863,33.315605025376726
9945,28.327869918772528
9946,64.28143747255517
9947,33.49120410666209
9948,44.799375706117274
9949,36.20054981215624
9950,49.02848913434314
9951,80.65606346317598
9952,46.901679704885524
9953,48.91873573692418
9954,45.604680248126215
9955,49.432574199869805
10058,19.92128802039955
10059,34.255557618312466
10060,32.64419987033259
10061,31.54297179432851
10062,35.05618309168925
10063,32.365314968797314
10064,32.58659854811708
10065,37.0014278774877
10066,52.05445502322075
10067,41.9513690496403
10068,42.98481925813269
10069,51.754197718137235
10070,36.865435667483496
10071,33.269002803357424
10072,40.52771445289716
10073,50.00139184780838
10074,45.10186576713009
10145,26.828745208450314
10146,18.63608491861047
10147,33.10940545922505
10148,32.00771716336444
10149,39.44292680977072
10186,40.542777753936065
10187,31.603349854528417
10188,47.7898791733114
10189,45.4309643573777
10190,35.97755456973371
10191,36.8859608751759
10192,58.40094959661455
10193,60.44964692017198
10194,39.873907822303494
10206,32.13542634510553
10207,29.300904133064
10208,31.324764971262994
10209,33.35643098122413
10210,31.57785897365033
10211,36.81919232602548
10212,31.17164255675543
10213,37.265969442036706
10214,56.46774093572813
10215,45.53190617861793
10239,35.34064623693534
10240,36.49451731879628
10241,33.90300788056145
10242,33.8249258248531
10271,26.785664493451176
10272,22.087207210687872
10273,29.012437925120658
10274,32.95785933975087
10275,27.53469191505006
10276,37.07180102701946
10277,38.225767407436166
10278,25.853786716566873
10279,46.80872653549348
10280,45.13109490110035
10281,44.51751894318323
10282,49.86210192203299
10283,19.1382954902488
10284,24.559458691682547
10285,32.10210931307199
10286,28.968721394916287
10310,44.920744247067404
10311,39.14216918472192
10312,36.77872774033451
10313,26.87887579735237
10314,37.063442196376094
10315,55.25245158298513
10316,43.22002949507019
10317,37.229354432882964
10318,50.5419815155549
10319,56.48121853484064
10320,48.33481874697302
10321,46.64319556099521
10322,26.436208370845673
10323,36.170391390140125
10324,45.30030921628228
10325,36.95816263015841
10326,38.53736474821338
10327,32.87946676898707
10328,30.650689114050493
10329,36.04408365499174
10330,32.27365558403058
10331,41.73236660895609
10332,30.351774793028845
10333,32.50333261058938
10334,54.738266919079855
10335,33.53083971501438
10413,27.82169784028572
10414,41.45757879918955
10415,35.79022895813155
10416,40.99714505646793
10477,31.586422663593964
10478,32.76661524838335
10479,30.687045530701354
10480,35.56221889544699
10481,55.250686662267626
10545,22.141607189272637
10546,19.988806700115248
10547,28.99395186933378
10548,29.479831379764207
10549,31.540289152073328
10550,40.82493219872132
10551,34.562217458651645
10552,59.20493477956866
10553,40.95173880440207
10554,31.7394554633143
10555,40.366380481466116
10556,48.31291297532595
10634,41.72999458130669
10635,30.305962838839008
10636,39.70723360419571
10637,53.833010493626034
10638,41.50822032331066
10639,36.84871109919099
10640,55.70561159533086
10641,53.67270700873269
10677,26.94997516014739
10678,25.445907647148346
10679,22.685599477495735
10680,26.565964772007245
10681,28.008422426582488
10682,35.36034745994954
10683,20.13074304176941
10684,37.320969794206235
10685,33.42259554348589
10686,40.32697817904231
10687,31.859923406679577
10688,45.45092461958738
10689,32.63433589457243
10690,36.00743246754616
10691,55.40811252090882
10692,39.13764014223726
10699,25.934905380962967
10700,29.16764972252971
10701,37.96382772344745
10702,33.557832296330815
10703,35.30553475234757
10704,36.58132509251161
10705,40.32393228763643
10706,46.77017549917821
10707,46.135164177674405
10708,40.154706646096976
10709,46.913712213468294
10710,43.01448978972579
10772,30.721355246712577
10773,33.35493151453774
10774,35.254449226696956
10775,41.11355378859723
10776,40.95685010000431
10777,41.282610003401665
10778,36.768468775645765
10779,46.15636728949798
10780,62.87926509965483
10781,73.52400528377571
10782,44.22964688729792
10783,51.36100417157756
10793,18.189241587031294
10794,22.671114176565784
10795,30.64292573787865
10796,34.72195889041817
10797,28.96884375587627
10824,47.295521154334466
10825,38.075507500549826
10826,30.975214050819673
10827,30.99790855971498
10828,35.922544147556025
10829,55.07481821732527
10830,68.56358965199017
10883,16.95640442979569
10884,23.371505472252633
10885,22.403889134157858
10886,27.584150362701457
10934,30.980739599509853
10935,29.476672086510817
10936,25.395634710704208
10937,20.969875991127658
10938,30.397214038341232
10939,32.164237487248144
10940,33.4426001498284
10941,32.421088781088145
10942,39.243080775929116
10943,35.935382833912485
10944,21.99159769033241
10945,40.59121122806638
11128,30.98138532614417
11129,19.17230894492795
11130,37.57642041923056
11131,38.431039868142115
11132,46.070996657076975
11133,36.875432040768644
11134,38.97561017701082
11135,61.02256290050532
11136,44.36844419913961
11137,62.80497149839486
11138,40.79808149207265
11139,42.530444501995035
11189,25.600404348765114
11190,36.03905762278276
11191,29.742229320065036
11192,39.15818203361493
11193,37.950840098306024
11194,36.67394798544814
11195,40.4185124465817
11196,38.78923080651388
11197,39.374168665120344
11198,44.33731785018715
11199,40.974614075898714
11200,53.04733574950635
11236,18.77735095025196
11237,18.963605694018135
11238,27.767417632249376
11239,29.994191063918862
11240,30.261414539737466
11261,20.070192488595183
11262,19.31715662046211
11263,25.463029963833378
11264,27.187380602718626
11361,46.23079584351141
11362,50.07306579983468
11363,57.26018818505611
11364,37.42068807918619
11412,15.352808883045647
11413,24.747719225305147
11414,25.09591143317614
11415,24.71939349910961
11416,32.154753885518204
11417,31.906850059606526
11418,23.66875110647538
11419,25.92604686673979
11420,38.63616816838228
11421,37.96600403440769
11422,45.831678391707726
11423,46.64893908062275
11424,16.91708177761286
11425,20.88882469517153
11426,23.437468831783573
11427,30.28173081416392
11428,23.789479153530387
11429,39.51860632712956
11430,46.292730940391735
11431,41.40363935372308
11432,39.3829409452898
11466,21.60078289663054
11467,21.627104399558984
11468,30.457237840718676
11469,29.866139436690446
11470,33.50576630202735
11471,27.044179141750448
11472,32.783055942555414
11473,35.55620882952313
11474,33.933774269471186
11475,38.33643017235455
11476,39.60419284095703
11494,32.51357795652552
11495,33.54759126664929
11496,36.31606216592649
11497,31.53895787724734
11539,32.04808262193219
11540,24.345983275353742
11541,41.03662500224102
11542,27.40730905494262
11543,31.639904804632017
11641,16.28216665817353
11642,18.375328351933717
11643,17.488680745891354
11644,21.944231832497408
11645,24.35926423120015
11646,25.94229625298452
11647,25.88764902386054
11648,26.235841231731555
11649,29.24197203446253
11650,32.54164781594056
11651,42.87584877009928
11652,39.41223130124935
11757,37.64887910876663
11758,16.468343305206236
11759,39.15094239849857
11760,28.278286046168482
11761,33.884003746464764
11762,55.35677165768642
11763,43.816463272438156
11814,37.773148360802026
11815,31.748292059048964
11816,32.640890232824816
11817,39.193436136141514
11818,44.265386996533664
11819,43.275057922073564
11820,20.562178434776914
11821,35.56305524194263
11822,39.420941719144196
11823,40.944784727604485
11833,15.989805539190865
11834,16.418966479114285
11835,17.894708265917792
11836,19.477740287702133
11837,22.295612123399867
11838,21.919094189333336
11839,28.548775701751982
11840,29.299807346617957
11841,31.500259275359006
11842,34.45174284896602
11843,41.591554033360495
11844,43.401321052888214
11995,13.826594334279452
11996,14.873175181159532
11997,16.751756404958023
11998,17.39549781484314
12009,36.57286638101276
12010,28.57272909350435
12011,52.17842448946241
12012,46.862335159387435
12013,67.76199745092477
12014,53.68327089623214
12015,36.72314767429785
12016,38.45126381388312
12017,53.27992516731436
12018,42.51674833401378
12019,66.12090026870851
12020,58.9633746505434
12032,40.123011126006624
12033,42.645333759690224
12034,42.60392189767591
12035,37.3972985515892
12036,45.90655570673889
12047,29.73816864772678
12048,33.09249165832877
12049,26.04202154486288
12050,39.125668675995406
12051,42.155141225828416
12106,48.72324187014746
12107,49.8771129520084
12108,42.24538169131807
12109,43.42953617704094
12110,79.76965339438969
12111,47.31948819641829
12112,51.1912707094652
12113,60.85485839763343
12114,84.2240462067704
12115,61.03839302710511
12116,29.635620901455397
12117,38.52040157173906
12118,45.9247688327319
12119,32.90776347775209
12120,45.56992066100885
12121,48.87586385840068
12122,35.265622562335146
12123,35.66745527506755
12124,37.41342177361328
12125,56.80400117207098
12126,56.884763785440875
12127,40.87048055561624
12132,50.0312392232734
12133,35.32526546980632
12134,42.04512836199792
12135,46.24225889621002
12186,29.6342049292507
12187,18.070224890089676
12188,35.8545288283824
12189,28.34515625458082
12190,34.88061994540873
12191,41.63987621140495
12192,35.11746796167967
12193,37.72107204523644
12194,43.63565525699174
12195,38.19752644092914
12196,42.582233707986404
12197,44.40390397410356
12210,36.93254661462779
12211,27.321051579139493
12212,17.420007583562835
12213,30.04078819514789
12233,20.19489040381238
12234,22.395342332553433
12235,24.488504026313606
12236,31.010895303751404
12237,32.309077904722045
12238,39.2133077654036
12239,33.0998166902631
12240,35.40713674235472
12241,36.664253327835354
12242,36.96038528919108
12243,38.62478813320239
12244,41.615784044387176
12245,54.44006425296047
12246,56.44320769243449
12247,51.58882187788259
12248,53.506803095813524
12249,58.588861213790835
12250,63.5368959107293
12251,66.40310836537067
12252,60.66676432286599
12253,61.924410267371854
12254,63.440759759388456
12255,65.74632411039978
12256,67.50697674312634
12269,36.39222537616
12270,51.7555563872059
12271,46.57735592361229
12272,46.46745716513045
12273,49.62291695135366
12274,43.55249388027724
12275,50.01019260089492
12276,46.73477651653924
12277,58.01954276757251
12278,69.05207415011635
12279,57.35051643571062
12280,77.53494097217767
12307,21.210696575056087
12308,21.156049345932114
12309,22.84637160269733
12310,28.882179313294806
12311,28.694868909938357
12312,34.38083116739139
12313,32.626571681234225
12314,58.89985459554397
12315,44.32523756493704
12316,41.534965851789096
12317,36.64685492345741
12318,51.017134824927076
12363,25.792546624283332
12364,23.482800237294352
12365,32.39390241050646
12366,15.08333174603559
12367,31.45814546069836
12391,39.49365572560084
12392,42.75929912319455
12393,37.0955189100445
12394,37.621967565368266
12395,41.87022111384223
12396,40.605030742684136
12397,50.47362708226362
12425,32.177886456335806
12426,48.00073161662002
12427,39.251626153595524
12428,44.83936618943399
12429,56.69657882003379
12430,47.73235806863813
12431,55.90883751894752
12432,47.154366423478976
12441,23.675264734849033
12442,33.39204578205108
12443,30.9027223616988
12444,23.052351320577124
12445,35.02075811959742
12446,25.427326883080582
12447,33.537103802765934
12448,36.42707245072218
12449,36.21538605997558
12450,47.3485533495112
12451,43.110726871865054
12452,77.35930794424316
12514,17.559438327273057
12515,21.021051572855896
12516,20.027113731832692
12517,24.48266481843874
12518,22.656726600497144
12519,47.58988532164223
12520,39.508779302081415
12521,37.44193889694844
12522,51.62265852558813
12523,57.60716433333491
12524,65.53971373945551
12525,43.61618867070216
12526,65.94671687057253
12527,43.92197461427409
12528,45.05289320733394
12667,32.20147093454857
12668,31.51779950126995
12669,35.81840940457908
12670,33.04205767147222
12671,44.80726985624858
12672,53.9671782646749
12673,40.48379126583801
12674,65.4681181314872
12675,59.50927359605204
12676,54.15285632678298
12677,48.942067126255246
12678,48.56416977695926
12711,38.84353775800544
12712,26.91116451200444
12713,33.47187222845146
12714,41.559643569368134
12715,39.35568418740158
12716,39.236981708064434
12717,32.57897446945025
12718,38.59123607491222
12719,31.889084633715235
12720,35.97864258050595
12721,33.09686144970831
12722,57.835825538621336
12723,51.4586252493369
12724,40.50917766466749
12725,50.2105725028553
12726,44.52698090113965
12727,40.71406810975395
12733,22.391785270197644
12734,23.65294658703945
12735,30.175337864477243
12736,28.563980116497355
12737,36.0256620058344
12738,33.90417458587868
12739,29.7174660309963
12740,45.025422981181045
12741,40.00003706203567
12754,35.76817349950528
12755,34.371396221487096
12756,27.83266059163757
12757,23.07094594797233
12777,13.97360765577491
12778,20.064833770022194
12779,22.18431696671083
12780,21.19037912568762
12781,30.90716017288966
12782,24.866572841232163
12783,31.684513320684083
12784,27.522507212825047
12785,35.58701488073366
12786,34.473522446734044
12800,37.23254859770252
12801,30.682907243199203
12802,35.677348436579805
12803,40.07347301716027
12804,40.806493951128786
12805,42.14746333577279
12806,42.10596610500118
12807,61.09116023386866
12808,46.132931030107635
12809,63.184002593378324
12826,27.12686626363239
12827,18.83117977410987
12828,20.306921560913377
12829,30.74841275005297
12853,17.350615051979446
12854,24.328488772269093
12855,32.62217103852453
12856,35.063524940155716
12857,35.41171714802671
12858,41.96176668100685
12859,45.31412674042645
12860,39.90988610336656
12861,40.47329616709132
12862,44.28167149863554
12863,42.47283574491006
12864,38.939506388844734
12865,58.88455921315545
12866,57.97507260551507
12867,48.44914508571978
12868,56.327802072477866
12875,24.696878267312805
12876,26.816361464001425
12877,22.842817769103256
12878,33.72648477200988
12879,49.32477682196393
12880,36.575826533696386
12881,42.568912400845235
12882,42.058246994129775
12883,39.204717626886605
12884,75.90617132688998
12916,19.434210936363264
12917,30.84033162463399
12918,29.809835464620825
12919,34.747199949262736
12920,40.6358185818724
12933,20.296911019055894
12934,18.685553271075996
12935,20.268585292860358
12936,28.910459766986786
12937,35.83569048141955
12938,30.500405643630522
12939,32.012655364448904
12940,34.09412393907497
12941,36.72025464477106
12942,36.23939759462845
12943,33.371411604988175
13020,30.524946895692743
13021,29.472223050500652
13022,31.024075567095657
13023,38.03023421023738
13024,47.32962567396302
13025,69.9417605614137
13026,39.17342341051002
13027,39.90300436879555
13028,57.23400606852889
13029,60.48285676045728
13030,54.406583704709654
13031,49.615540763362084
13032,64.6478792541893
13033,50.93764719997678
13034,42.317541162032995
13039,17.671549539344163
13040,26.046200537652012
13041,33.58885115904147
13042,34.258914071855
13043,30.983555570038348
13044,31.439038012890208
13065,21.108226925518153
13066,30.984941213557946
13067,33.82913455218411
13068,28.916096799459115
13069,35.33119784191606
13070,35.061970142830376
13071,35.86808408191432
13072,37.99080446719213
13073,30.694493835988496
13074,47.054656126177875
13075,43.30203321164337
13076,52.113685058897055
13077,21.89359148331829
13078,22.37539542909858
13079,25.72971843970057
13080,38.96275996160942
13081,31.419216354725016
13134,16.424894785824783
13135,21.84605798725852
13136,30.623548422561335
13137,26.19605155216188
13162,25.40540035190648
13163,25.539012089815774
13164,22.800104762903374
13165,27.362946084490286
13166,34.90559670587974
13167,53.973936325699206
13168,35.12139933562032
13169,47.96916660670154
13170,38.976566786532686
13171,46.02876433029806
13172,62.74395809522592
13173,49.41417694214947
13195,41.242798895356614
13196,29.440107245374698
13197,31.613490962506418
13198,29.72147557841336
13199,32.12596626531423
13200,36.49119822035359
13201,36.546413493763524
13202,38.950053131567216
13203,37.611651460253725
13204,45.59233406309743
13205,41.269719419985584
13206,55.2931672442354
13219,28.96854389627076
13220,21.39756754868577
13221,29.960477514026877
13222,28.787792239544004
13223,32.506677259874714
13224,33.53904777777667
13225,46.98589090584654
13226,41.312484051900775
13227,45.92504908457184
13252,32.936114304904805
13253,19.701068559728853
13254,19.53913109562403
13255,31.725591770652798
13256,35.72534066831219
13257,30.43836871400461
13258,49.83078466997881
13259,53.79084337127944
13260,55.88568540728473
13261,40.530929536799405
13262,66.35013068142737
13263,47.622389173949635
13294,40.13938824401883
13295,34.8544329008257
13296,48.906039371969825
13297,46.15561335958518
13298,42.68784564879506
13299,53.23016346143601
13300,38.89797656544192
13301,45.18676546085195
13302,44.386632671959816
13303,52.53498413708256
13304,48.41843370475704
13305,68.11804235383727
13332,45.596450312209605
13333,33.011408796177236
13334,43.60549059471553
13335,57.93263288446113
13336,37.93299896578159
13337,39.81071585316501
13338,58.80449083368138
13339,57.56529739930483
13340,45.7208958419558
13341,47.06251615863131
13342,72.97663301125695
13343,45.17821673578598
13344,14.677354621709643
13345,16.153096408513157
13346,17.736128430297505
13347,23.64109980077863
13348,27.72013295331815
13349,29.920584882059188
13507,16.842120623946414
13508,22.77341349735597
13509,13.182720998742989
13510,30.19599781866949
13564,49.663918517213624
13565,38.066552022946006
13566,33.67560845295088
13567,58.059457622119744
13568,34.63012810855299
13569,50.28428692568279
13570,36.926339335642325
13571,48.428738000199836
13572,73.17615283113712
13573,41.981493584084504
13574,60.41705763019578
13575,52.298767779940206
13674,22.456365336092997
13675,19.10003810222392
13676,25.94430008460427
13677,26.29249229247528
13720,20.530868804334915
13721,17.281831805446686
13722,26.38119294569206
13723,21.065315755972094
13724,16.68198638264812
13725,26.184186959888464
13726,28.89476856060534
13727,36.30238971663276
13728,47.56121028680517
13729,33.550794379829775
13730,34.81195569667158
13731,43.33270106371312
13732,51.327745595671566
13750,22.55489237529963
13751,32.53925484434013
13752,25.983601552600756
13753,26.663689042126457
13754,43.1402651622332
13755,31.35981689663393
13756,33.44488921937054
13757,32.156446726471074
13758,60.34329435913607
13759,52.74203141644183
13760,37.3223041548872
13761,40.454991017648965
13867,27.07303743977448
13868,18.27730589132156
13869,28.206560123927922
13870,33.78955532679038
13871,34.819924115607606
13872,37.6643656617385
13873,41.1865565611329
13874,34.01268333483412
13875,57.14052851711865
13876,43.766005055453185
13877,74.21089543674975
13878,47.7277057836803
13896,39.412487168029855
13897,32.658977111733634
13898,42.29341627944234
13899,37.67481092280769
13918,23.928471572159943
13919,32.088542100506075
13920,53.435340232049526
13921,36.839630893291655
13922,44.61153823561195
13923,41.03643293118902
13924,39.80673734916604
13925,34.230207227687686
13926,39.075383979934514
13927,40.644217083719624
13928,46.75420414276629
13929,52.645682836888604
13946,19.937229610498864
13947,30.16414032967674
13948,25.358392811932596
13949,30.324073570514464
13950,30.457685308423763
13951,31.452313069816057
13952,33.362421554045845
14097,22.368005340371695
14098,20.272839423344422
14099,34.7143992562382
14100,35.68001137106588
14219,29.77524021775065
14220,29.10317308167
14221,36.93158438542206
14222,31.257564813087697
14325,36.49511637835488
14326,51.06020657981509
14327,38.766680391428466
14328,39.69017119074539
14329,44.13821499693629
14330,39.85916639829598
14331,68.79756341693717
14332,47.191710622492906
14333,38.712387917982326
14384,18.784913325963245
14385,22.220205068617652
14386,25.92272028709064
14387,26.807363669865904
14388,34.35001429125536
14389,29.890273987957336
14390,32.67543158900343
14391,40.07743809607696
14392,34.28389540924972
14393,34.193164992141845
14394,45.04076011889418
14395,31.592482725928924
14396,22.29550821103872
14397,46.13558564910212
14398,52.60367592542862
14399,56.48296393873997
14400,18.24470447988999
14401,21.08889781851615
14402,24.63147979615141
14403,26.026252850902495
14404,29.864384030551868
14405,32.896836336211294
14406,28.117410321395603
14407,30.280515017425643
14408,46.47336482671211
14409,37.03640902758768
14410,38.056018292885085
14468,23.717695806740544
14469,35.796866246788454
14470,34.10626446083173
14471,37.066907442730155
14472,35.53208737401066
14473,33.376785897973036
14474,34.406215628799
14475,45.53940288828724
14476,41.35561375078004
14477,44.87962346216486
14478,42.25996068648535
14479,40.55578470971054
14498,16.445288373690058
14499,17.30361025353687
14500,18.269222368364563
14501,20.495995800034045
14502,24.038577777669293
14503,22.749090734631956
14504,25.755221537362946
14505,27.955673466103995
14506,34.55903347559422
14507,25.538636844134153
14508,36.81212841019213
14509,31.89909065746712
14510,21.0639631340493
14511,21.814994778915274
14512,28.149127089319805
14513,24.68550962046988
14514,21.3291823866008
14515,33.70390202866284
14516,20.123152814531714
14517,35.55228294137946
14518,27.65165308890345
14519,30.107856964196188
14520,34.13716649735033
14521,33.062104735457275
14535,18.93409689135289
14536,20.32886994610399
14537,25.213581972633456
14538,32.889844331932196
14539,35.68424903485922
14540,31.34733118032362
14541,32.6433902058054
14542,43.68316840454054
14543,42.789702644224896
14544,33.31918472556153
14545,36.356431580625504
14546,40.07650881443799
14547,14.13791518929246
14548,41.75987353823823
14549,26.315003366467387
14550,37.043421928513986
14551,35.152029811410266
14552,36.60885298378105
14553,53.70958635173771
14554,48.393414723179355
14555,44.04204462054887
14556,55.31498210623652
14557,46.617200277116964
14558,56.24076216829531
14563,59.786271392143036
14564,49.09610387337917
14565,47.21713966751868
14566,50.38344285696467
14567,56.841453049503315
14568,60.853825121468596
14591,15.452337308443983
14592,26.296667934578544
14593,36.861669227664564
14594,55.71690534758062
14602,41.87415577749819
14603,51.350743157458226
14604,39.348438253676036
14605,41.21006860150937
14639,22.35406601530281
14640,22.70225822317382
14641,20.28522160120398
14642,28.988561600917237
14663,16.17168794851388
14664,25.673888525754208
14665,32.19627980319202
14666,22.129302324851885
14667,17.485197734183764
14668,27.817161147908358
14669,49.57174039316047
14670,35.90416640475641
14671,46.30785681810068
14672,40.446499689101486
14673,39.50163662842588
14674,46.02714653462083
14675,52.321039881749556
14676,37.63657385269853
14677,38.69524744840552
14678,60.826120422495435
14679,37.18747477209761
14680,36.78800965563005
14681,42.55598605465879
14682,40.29447901517009
14694,45.20530097598624
14695,33.45461887762459
14696,33.4433025670665
14697,50.987432511181105
14794,17.916132246459334
14795,16.59708838968576
14796,36.01705106490063
14797,32.3378623092197
14831,13.766757148740911
14832,14.303208323645176
14833,18.248629738275408
14834,19.24056335603153
14835,23.05036880948537
14836,27.613210131072275
14837,32.06876121767833
14838,41.06083212294284
14839,35.315182503483406
14861,42.66908575933471
14862,35.5009488487447
14863,29.094442057561903
14864,28.874055622836156
14865,35.93817064976087
14866,34.141002448366834
14867,30.349085035455914
14868,44.21379838261569
14869,54.78676380418226
14870,37.62782088659425
14871,42.962619515318785
14872,45.0923384307809
14873,36.19852025742973
14874,37.54918361120875
14875,42.43222139871554
14876,50.77234909890176
14877,20.58935062641934
14878,21.3403822712853
14879,25.285803685915543
14880,25.71496462583895
14881,24.31818734782076
14882,33.73941919300868
14977,14.715243422057572
14978,18.76795507166865
14979,18.60601760756382
14980,19.678919957372358
14981,28.160861190661052
14982,23.757953109911874
14983,22.87130550386952
14984,28.668986639369788
14985,33.95653810289423
14986,34.92215021772191
14987,37.529801270753154
14988,29.91408997254002
15001,33.81086623394355
15002,33.08180247154282
15003,42.73159075049138
15004,41.04228823224752
15005,41.34985358475247
15006,61.17439409368308
15007,41.2843997772891
15008,67.45228972226316
15009,36.6737534633548
15010,49.3465176176956
15011,34.462050931419
15012,22.72906847597499
15013,32.69535451816741
15014,31.045345498300563
15015,39.35740843498961
15016,53.279924580331254
15017,64.91867880356567
15018,45.98363542779168
15019,56.740858694051454
15020,63.83599654289256
15021,46.53993865889457
15022,55.83817866288632
15039,23.969894119330846
15040,34.24824055933736
15041,32.89802015743169
15042,26.84598730538098
15043,33.29471664013553
15044,41.77426426727337
15045,41.73957118039884
15120,43.72787911873335
15121,41.46510150133616
15122,50.273759990014604
15123,37.795839800422634
15136,29.58416214701022
15137,43.30101183796647
15138,27.219838125510215
15139,18.53912983890112
15140,30.995078883137317
15141,33.68540398563635
15186,18.90994680726063
15187,20.06381788912158
15188,17.94233046916586
15189,29.914210674232926
15190,30.181434150051516
15191,27.44252682313911
15192,26.473036256648818
15193,26.263034312170813
15194,33.602709094659865
15216,29.104611391314357
15217,34.567576193067744
15218,39.57826276462663
15219,43.086636047465554
15220,20.86846982779059
15221,31.396873460380576
15222,47.72997810611095
15223,29.549117384580633
15224,31.40005057429825
15225,38.25050304210747
15226,37.760880870129824
15227,33.317581701763984
15228,38.365811762986795
15229,33.06979064293627
15230,47.97251184473425
15231,39.09927987996072
15232,20.750470076905422
15233,25.394384644054316
15234,34.59822753426992
15235,31.556083168059352
15236,41.78922209258674
15237,16.271371295652898
15238,43.65149377158422
15239,43.477945497287834
15240,45.634271765660905
15241,49.52113234671958
15242,45.04250831799408
15243,55.007093985425705
15260,31.036201317426567
15261,26.85822109760063
15262,37.22901413599795
15263,28.633144985095214
15264,39.634870539994466
15265,59.83057687063096
15266,45.2446846426438
15267,60.441639738021514
15268,37.918729959754515
15269,39.43079576906695
15270,49.654487699680914
15271,41.50305279430472
15281,18.3948258294468
15282,28.514446313643823
15283,26.07108818874554
15284,25.638947818582825
15285,25.905091543015928
15286,27.803875286669125
15287,32.49169092733974
15288,42.507419221646614
15289,25.82160689751067
15290,33.07519652090345
15291,36.95353720354565
15292,35.8437115643353
15574,32.15774488456244
15575,38.358265457057676
15576,26.358059525795085
15577,25.563291651955325
15578,38.45410949890709
15579,30.08719068603491
15580,34.75801253169026
15581,41.34210875180642
15582,49.68137634126804
15583,37.42764750004258
15584,41.933846891204524
15585,40.32874262492685
15606,20.631614894389084
15607,24.780930521053264
15608,27.855593798487767
15609,34.752316608425616
15654,20.673876029180178
15655,22.60510025883554
15656,27.489812285365012
15657,24.750904958452608
15711,38.666483096485386
15712,42.54829979889698
15713,37.92403854421511
15714,35.93171415745095
15715,54.78377488491846
15716,39.54906212153932
15717,38.694083856864665
15718,40.26255088467949
15719,39.948437672428994
15720,44.84382642562818
15721,23.542018059790724
15722,33.25879910699278
15723,30.815440982094493
15724,40.31764155933484
15725,46.3137836061197
15726,59.246640358801294
15727,60.82967238058566
15728,62.09083369742744
15729,50.06917609455605
15730,53.48148049030779
15731,57.92475584568616
15732,53.881046058225046
15733,54.36335973622405
15734,93.66355840962049
15735,95.3571545962585
15736,65.26238835747688
15737,63.17800374243629
15762,30.356633734765694
15763,40.4683608701236
15764,45.24392003898566
15765,36.43060714019357
15766,43.15474637301336
15767,63.42204702048127
15768,41.562689501760495
15769,46.80672353035237
15791,33.16330126496556
15792,38.40087741758679
15793,37.18843503154368
15794,36.25655619025213
15795,49.863507231984265
15796,39.84541787213237
15797,61.680589591347385
15798,47.510173100911274
15799,49.81248922687189
15800,51.63456120849711
15801,55.72508463084869
15802,67.07053532415198
15815,27.453559512254525
15816,26.674202141193028
15817,21.57290542143476
15818,25.245514737772915
15819,33.39976240106881
15820,36.48021905264717
15821,33.80053748034243
15822,33.701479672965874
15823,48.85150020755905
15824,35.54906602727793
15825,42.56956139694571
15826,40.10846880091962
15882,19.81837051150919
15883,22.555273615154498
15884,28.88940592555902
15885,32.24372893616103
15943,36.16202473208695
15944,34.94454554468069
15945,43.034614513190334
15946,37.98161795373791
15947,48.374241933510305
15948,15.889877071108092
15949,16.533618480993216
15950,18.841360644715103
15951,22.16936215238865
15952,24.987233988086366
15953,25.87187737086164
15954,28.26058826663595
15955,30.246459725415285
15956,29.46710235435377
15957,30.94284414115728
15958,36.09477964350533
15959,37.57052143030884
15960,37.62443853373085
15961,32.34195815109314
15962,25.7181039045675
15963,37.399213967212084
15964,44.76469785038272
15965,35.61645723745893
15966,36.57475359803134
15967,39.105474705129446
15968,39.32997750785796
15969,58.871857633725924
15970,45.500637668716266
15971,15.63679039599295
15972,17.219822417777316
15973,18.373693499638257
15974,22.560016887158632
15975,26.50543830178885
15976,24.598531351794847
15977,33.376021787097656
15978,34.448924136906186
15979,37.910537382489046
15980,36.48743860154241
15981,29.53385706795892
15982,33.604597627536215
16004,34.71024269890734
16005,23.56470388933639
16006,31.700679796339145
16007,38.13981017568284
16008,37.24147356811551
16009,28.62340048036078
16010,33.712592536969574
16011,49.37274274353857
16012,41.15322173794946
16013,42.27698756309174
16018,19.077274053298567
16019,24.713017724694005
16020,29.409470784190205
16021,32.57159600775371
16061,46.73814713574838
16062,46.769333105841774
16063,48.084268667168885
16064,47.96703956197858
16065,80.47384553241827
16066,80.18031268748406
16067,53.12502250881029
16068,85.42501046960668
16069,55.52904748605696
16070,56.35240072661185
16071,61.05479452064538
16072,87.66794709073828
16073,19.82610399926289
16074,17.490036109345468
16075,20.603457147057313
16076,19.09938963405827
16133,20.31493336256642
16134,19.85744669644748
16135,18.701571391319437
16136,22.136863133973847
16137,31.87996568410432
16150,35.423132718615754
16151,48.48279003080485
16152,46.46464942821125
16153,35.23416295469115
16154,42.4440826884853
16155,43.64094896091115
16156,46.20858240032611
16157,41.5441445258721
16158,65.75096799771892
16159,48.29235570793584
16222,31.41755041970795
16223,35.63364939295728
16224,31.43848763759692
16225,36.651356825690655
16234,32.442346058342864
16235,34.52633922732102
16236,31.41334644593522
16237,37.31399054666275
16238,57.5772266427228
16239,45.75210191172537
16240,55.02484322848447
16246,28.87902914590856
16247,37.17271141216399
16248,27.669793120496923
16249,34.63655848153281
16250,37.40123352568675
16271,50.8757486431852
16272,35.29692290441668
16273,44.09201447516455
16274,39.13916347667754
16275,42.628933040222726
16276,42.755621736299396
16277,46.577089374889546
16278,70.22148584145611
16279,53.55797732171266
16280,49.50361698512869
16281,53.644053815671555
16282,85.11812860099347
16354,34.68854959438168
16355,36.92445253110164
16356,37.0761533443351
16357,40.66129201582979
16358,43.79211657843578
16359,42.59502042755753
16360,23.803038048178117
16361,24.365810726010828
16362,29.760652424516124
16363,28.57845561645965
16364,23.68406101942913
16365,28.65196138534483
16366,26.987200808602594
16383,23.13599406459027
16384,30.194836516932334
16385,35.26780751049506
16386,26.691690586339405
16387,32.879893848259705
16388,39.54767025995977
16389,38.085290490820704
16390,35.93356189808428
16391,35.04665183224654
16392,41.97188254667931
16393,32.136779749220494
16394,44.02891661159289
16395,62.80071781540069
16396,38.67675043055881
16397,48.41935906567692
16398,65.36853087042113
16399,56.60000740826304
16484,23.703310188908553
16485,23.729631691837
16486,26.037373855558894
16487,22.681046621689813
16488,25.39162822240668
16489,28.48763459588058
16490,33.854720496670666
16503,16.10065205323283
16504,17.495425107983923
16505,18.78290792775417
16506,20.070390747524403
16521,27.757118166037717
16522,23.783371025211956
16523,29.902922865654773
16524,25.821885489848164
16525,27.083046806689982
16526,30.089177609420958
16527,31.443100989952185
16528,38.431015429747404
16529,36.04526490617326
16530,34.002169092800855
16531,39.79635071955523
16532,41.591911150390175
16538,26.41945150865896
16539,24.40525432368409
16540,27.221671863738756
16541,32.07491727519926
16542,32.9473443640039
16543,42.41415947175033
16584,15.362990145298216
16585,15.792151085221622
16586,17.48247334198684
16587,17.830665549857837
16588,20.03111747859888
16589,25.962410352008447
16590,25.69318265292275
16591,31.81273449336559
16592,36.40189731788094
16630,35.15349303293297
16631,30.965165422145503
16632,36.54826608768407
16633,36.896458295555064
16634,39.72047138618022
16635,34.12109338889502
16636,33.98521447526689
16637,40.261719131987846
16638,59.1250643859984
16639,47.738272099420776
16640,40.15464869868151
16641,46.683646492021076
16676,38.16164074479848
16677,19.97059246957122
16678,51.567040905243864
16679,67.18309811006002
16680,69.15256022800212
16681,45.22811642875542
16682,62.92630777958813
16683,49.74360254120677
16684,43.21677809084436
16685,51.60041139265578
16686,53.89026284324394
16687,65.15509151449898
16712,46.04417212042093
16713,35.57631173736543
16714,41.41535671440157
16715,44.82093539652058
16716,44.30389666468705
16717,47.034055213982946
16718,48.159909649933844
16719,45.88591068464298
16720,63.841166991904146
16721,48.257944256400265
16722,55.6415566571105
16723,68.0949060009948
16743,59.74102158617953
16744,40.58393078336772
16745,42.54738852486787
16746,38.88039247054223
16839,21.826931055659067
16840,21.664993591554236
16841,23.677186553262015
16842,21.74395810033957
16843,26.709638858921437
16844,30.554711187773428
16845,29.58277722124481
16846,30.94152957356389
16847,37.201560227191685
16848,37.236218420767266
16849,51.0752863391441
16850,37.9716843534381
16855,40.22765023614408
16856,33.56964299752988
16857,40.280293242000944
16858,32.046194675360745
16859,56.979641364631476
16860,36.088381332997784
16861,61.47493026036335
16862,48.202095513891464
16863,74.07804840611125
16864,44.64640922933655
16865,68.00933316266652
16880,51.83011485006726
16881,29.679168525708555
16882,34.81323376102955
16883,35.072175935723536
16884,34.22103619209821
16885,33.73759679515977
17000,25.082791296667992
17001,28.975092642142123
17002,17.44158337487864
17003,22.950541793997573
17004,12.363948197779687
17005,37.18023428355739
17006,52.13004474777448
17007,56.30700650043512
17008,34.83066766278154
17009,49.042293526826825
17010,51.29567631719173
17011,42.487057598365695
17072,31.090647086914693
17073,38.608624375096895
17074,74.69841919693623
17075,41.534820260510685
17076,40.51044788932701
17077,41.878899441149656
17078,39.75741202119395
17079,37.15943557213559
17162,15.944276266398187
17163,27.539638537398723
17164,23.673181631553817
17165,26.38376323227068
17166,25.84700189302046
17167,42.0315585027862
17168,39.81928749499168
17169,49.90515990913295
17236,21.79803769956267
17237,17.931580793717764
17238,20.964033099377197
17239,31.19094381855507
17240,23.431708503936818
17241,30.571519688331293
17242,35.64449068189403
17243,33.57342678306382
17244,30.006747486999487
17245,28.42171124194804
17246,29.980919117039704
17247,31.727542778687074
17248,24.045680725731206
17249,34.590980817329395
17250,35.34154396816496
17251,33.69426324506769
17252,39.3856862986962
17253,47.83400674702285
17258,35.511746342224306
17259,36.563985313479726
17260,41.21627794620518
17261,43.905271697499686
17262,49.38349172151512
17300,28.445415424924523
17301,22.00198865627205
17302,38.42941994794516
17303,26.32192378170172
17304,26.76943343848121
17305,33.042766653467325
17306,32.613264518255576
17307,41.997216988677586
17308,38.62841611098144
17309,43.986110982007084
17310,46.755166169756826
17311,39.85835397763863
17324,25.38132758125301
17325,27.643402838120945
17326,26.88075514190032
17327,33.82291749829608
17328,34.56828364580703
17329,35.07822339245402
17330,38.54169887739758
17331,40.19409865423895
17332,46.44394102860166
17333,42.02582729874761
17334,44.83779217599894
17355,19.890593399733277
17356,23.700398853187117
17357,31.243049474576566
17358,27.779432005726637
17359,33.684403376207754
17360,18.594758063810808
17361,38.375362990196116
17362,36.23429188227773
17363,32.40700229156309
17364,37.14576668359766
17365,36.937259168360626
17366,35.76383931743363
17371,17.02817632548868
17372,28.649860099417655
17373,28.218694936227152
17374,34.25727804461757
17541,23.67580286797908
17542,20.212185399129154
17543,37.55258579977306
17544,37.42470558303946
17545,32.90523537878379
17546,32.952093923512464
17547,46.630091022943695
17548,24.141215218549753
17549,30.15082579152029
17550,41.87249489669768
17551,37.038002611854225
17552,33.641631545193185
17557,18.288972187832176
17558,20.780104711008494
17559,21.95804531357956
17560,26.648879700868854
17561,30.189893613189753
17562,32.41419097050755
17563,48.4408269438059
17564,43.64365930989315
17565,35.92630074825074
17566,34.29904143009118
17567,36.23702556274765
17568,33.965932748113545
17653,15.657553746477191
17654,19.20013572411244
17655,23.762977045699344
17656,26.258978176454505
17657,26.526201652273098
17658,30.900784006826726
17659,29.30209047844308
17660,27.337539037020566
17661,33.08393958151501
17662,33.68250587663488
17663,40.05366962429069
17664,55.377885151461406
17681,32.732901306844035
17682,37.470433998442616
17683,32.314166941096175
17684,34.28241212722686
17685,34.95011673138822
17722,19.149494199991324
17723,30.85214670597272
17724,28.945239755978704
17725,26.823752336022995
17726,39.60711897612279
17727,39.41655414810996
17728,40.590342801037295
17729,42.50119894168131
17730,36.415508933328354
17731,42.19944920283707
17732,26.36121243262697
17733,34.150410787659304
17765,12.578834601023818
17766,18.993935643480754
17767,17.971672076262017
17768,22.830062599863037
17769,29.888905052205104
17770,26.935417255330997
17771,36.947747504547166
17772,33.449893106119944
17773,18.703274782642538
17774,39.27303418316434
17775,31.801305893871877
17776,37.82486764649907
17797,24.608337842127746
17798,35.528609077066555
17799,23.284237068982467
17800,37.179479374900815
17847,30.76059901886729
17848,26.679561643060676
17849,28.87896849512026
17850,29.9162026098967
17851,29.903296632336918
17852,34.138349452170274
17853,35.48235399425207
17854,64.94496125387631
17855,68.36339880061438
17882,29.164566239475867
17883,27.47223975944356
17884,35.87321226067984
17885,30.262827512104927
17886,41.99263671997373
17936,16.68153813164836
17937,22.021732601029683
17938,31.442964446217623
17939,29.133218059228632
17940,36.91677065350823
17951,31.866770876664006
17952,38.11452842609974
17953,36.854057632233875
17954,38.57169349283319
17955,37.47312716809127
17956,53.345552672437
17957,43.369343780226096
17958,45.71767318195547
17959,44.901614748704375
17960,44.10551627358512
17961,46.27492971830688
17987,32.623804677326646
17988,35.25251271462465
17989,35.39607340013215
17990,38.731938563301014
17991,55.60643413639823
17997,34.15653142327252
17998,38.35900707959743
17999,35.61838744724483
18000,52.54601531283292
18001,34.4808481497017
18002,42.057621647086606
18003,43.88615025714629
18004,49.75785878419569
18005,61.367712547970335
18006,41.82732521775458
18007,50.14601736149392
18008,53.228506693754724
18096,26.563892976986452
18097,27.529505091814144
18098,26.53128304154317
18099,27.975330179722576
18100,28.908357880664596
18101,31.766761548268875
18102,13.695553666243434
18103,14.553875546090268
18104,18.203747758706378
18105,16.592390010726483
18106,20.027681753380882
18107,20.912325136156152
18108,25.985296129718886
18109,26.950908244546564
18110,32.157490976018586
18111,28.07645360021198
18112,39.18997495120651
18113,41.706293582943815
18124,22.450725170442013
18125,32.38208668760577
18126,24.999369307054057
18127,25.260184295750527
18128,27.432500454528572
18129,34.66484695460552
18130,31.04797404701951
18131,31.665299052106832
18132,44.065216219150344
18133,57.99040877636747
18134,41.550746070714595
18135,42.47900495404901
18184,15.607280810033053
18185,19.55270222466327
18186,19.28347452557759
18187,17.779407012578556
18188,24.220829557963945
18189,20.890823827023308
18190,28.75534515335532
18191,34.59709649405919
18192,37.28168798383116
18193,32.807391959499526
18194,30.465092964128672
18195,41.52641690380743
18221,34.32950367437297
18222,33.47769188817914
18223,31.529740539793615
18224,51.232474159050625
18321,19.85880245154893
18322,19.91144545740581
18323,37.35913609303057
18324,30.915709324378106
18325,29.635580053834722
18326,31.591420843052916
18327,32.53087194648346
18328,35.23392143652512
18329,39.14073537128802
18330,30.749560983136092
18331,42.7374963699078
18332,22.524984989937764
18391,34.67318064329212
18392,33.84869872195594
18393,29.70536309306712
18394,15.354521823639818
18395,29.928545385426347
18396,34.56457977719622
18397,28.167519195449316
18398,24.663546804260235
18399,19.57667672124208
18400,27.202084406952892
18401,30.273663679843466
18402,38.01695058399794
18403,31.87056092943783
18404,42.54117346541544
18405,51.20364833602973
18406,36.49920366654742
18407,55.91087049950099
18408,49.54134744214177
18479,15.060247938544439
18480,16.643279960328798
18481,21.232442784844146
18482,21.15147405279173
18483,23.862055653508605
18484,24.477471337198185
18485,25.12121274708331
18486,36.07283360819872
18487,34.354185625237974
18488,37.89676760287322
18489,42.32399296328376
18490,43.50418554807314
18566,20.48742028495345
18567,25.801293251406335
18568,32.02813532683001
18569,19.700389567535762
18570,40.17815210124499
18571,38.509737561587066
18572,33.36720923078457
18573,37.02684312845613
18574,36.21893521787734
18575,33.38262916180551
18576,49.580975154905325
18577,39.26601274365932
18578,67.64912541467415
18579,45.3863498966492
18580,45.788299689972746
18581,47.53294933806837
18653,30.668433143661687
18654,38.04914630094631
18655,33.56526948814473
18656,55.426320208553086
18657,40.10663014600954
18658,65.63590179690242
18659,44.91698152638516
18660,50.634039073870646
18661,47.483714951610246
18662,48.74735533392028
18663,77.86742878514518
18664,50.771659683879584
18665,29.317554509407813
18666,34.283235267989696
18667,26.693150492941353
18668,30.13460666897177
18669,17.05588503852605
18670,18.10246588540614
18671,23.390017348930577
18672,21.804981103879136
18673,26.475112660446896
18674,26.930595103298742
18757,28.463068397463427
18758,34.66358896995868
18759,37.562715822536134
18760,32.28709159504192
18761,25.896832562940943
18780,25.535623006323753
18781,29.104526486887455
18782,28.16854820777071
18783,38.87424682273915
18816,22.144424334743142
18817,39.78037393740117
18818,29.739717961989484
18819,32.75675994826817
18841,39.84247107928539
18842,45.792860501871324
18843,41.06316130661298
18844,32.26314458814039
18845,47.31812774786383
18846,49.47898059902417
18873,25.908305827303973
18874,53.57475085865672
18875,36.872408405362485
18876,54.791761299572926
18947,33.12817875977505
18948,31.731401481756862
18949,31.96730646080441
18950,21.864753192983112
18951,28.32018760167229
18952,32.597627211492025
18953,27.25386858694089
18954,38.11567455891068
18955,35.11534012798869
18956,39.399988721322295
18957,40.13799749143489
18958,44.297650199820715
18979,36.15527273850883
18980,47.187862331676655
18981,39.402305514129964
18982,24.531718630576798
18983,42.36494061306807
18984,40.8032015273049
18985,39.184793292539766
18986,46.459539157587784
18987,44.574930884820354
18988,50.21801268732734
18989,40.772371854788545
18990,45.48919718551872
18991,18.505105105235216
18992,28.00730568247556
18993,29.48304746927908
18994,34.95885789983678
18995,20.21713739359138
18996,24.46233425341615
18997,26.68532118761276
18998,33.369321725489215
18999,45.54862395426986
19000,31.907647454263397
19001,31.47241904840059
19002,32.857711508821666
19003,44.37204653121526
19004,51.13927118598104
19005,48.20642944910735
19006,46.45614385831915
19007,40.53631055503304
19008,64.73667498211022
19105,16.46221517297718
19106,19.89750691563159
19107,18.393439402632545
19108,21.318601473311116
19109,26.391572466873857
19110,22.041307391981555
19111,34.12047783202947
19112,34.18541152836229
19113,33.548113820191645
19114,35.69807850351155
19115,40.737231919732004
19116,33.3917579301554
19259,62.54949599871681
19260,47.893001121556345
19261,51.36730495961991
19262,61.881367895930254
19263,70.53891239277672
19264,56.46515373206932
19265,54.39269024406007
19266,79.5375218501219
19278,37.02753276848254
19279,30.682973790179034
19280,30.834069816830606
19281,37.33792245208349
19312,34.22658264065664
19313,30.199195076363985
19314,38.642711404714916
19315,28.003145932689655
19350,46.56843937639487
19351,40.63214815198222
19352,38.613101194899414
19353,50.20557688125465
19368,27.824726927982113
19369,25.223379771636758
19370,32.884532546645715
19371,45.132058611368194
19372,36.475179157147984
19373,36.98848785712725
19374,38.4302457325648
19375,40.59938292413448
19376,49.7979916744828
19377,47.99322681150557
19378,42.9412389724821
19379,46.471415398123725
19397,25.320874949145626
19398,19.602158322430682
19399,21.99086921820499
19400,28.08409955571938
19430,39.10192789372626
19431,35.12818075290052
19432,39.18089240251159
19433,52.790846144788475
19434,43.58302066980323
19435,41.13663335811091
19436,24.666390219684065
19437,49.12439200070079
19438,28.29554981054934
19439,47.83997401614944
19440,39.762681532156066
19441,52.41573614805988
19454,25.38570187393283
19455,22.565825814968036
19456,19.194216975913434
19457,29.388584540071996
19458,39.6972096090479
19459,30.705973213388035
19460,52.015981977731215
19461,33.65465757594869
19462,36.55739014053633
19463,46.986499857597636
19501,33.80472190950083
19502,35.24628979881448
19503,31.745829319075177
19504,53.86536117309394
19505,37.11418495737466
19506,35.8659644143868
19507,43.615843414140244
19508,38.60067306444853
19509,40.08305810125212
19510,51.25337884010702
19511,62.43348027502125
19512,49.54628165447373
19566,14.992849552236606
19567,16.68317180900182
19568,18.883623737742866
19569,20.573945994508083
19570,25.163108819023424
19571,28.59840056167782
19572,29.966852113500487
19573,30.396013053423893
19574,28.891945540424857
19575,32.40608152295608
19576,33.60894164775826
19577,33.603188529814794
19590,17.68667429076676
19591,18.35673720358032
19592,19.85880049331227
19593,22.864931296043252
19687,21.29166491546116
19688,19.787597402462133
19689,26.20269844491907
19690,22.184277915578548
19691,30.711226967628768
19692,13.999127267369108
19693,33.09110268489279
19694,40.63566004916395
19695,42.45842003850498
19696,38.183556366813114
19697,43.79645859407022
19698,60.617689321458336
19759,42.91354557787528
19760,30.163552371204638
19761,23.792801527341123
19762,32.48155630864445
19775,42.2436776417154
19776,61.32679292260396
19777,54.24673896592006
19778,44.7738046962011
19914,19.661626528644913
19915,17.75471957865091
19916,24.277110856088704
19917,30.825823636454942
19926,25.33458700700842
19927,27.263601082271656
19928,37.54521833971022
19929,37.43248645870685
19930,40.57389047956675
19931,34.499829595328336
19932,42.52001577045665
19933,43.15269166010732
19934,67.10966274253737
19935,42.10247453212867
19936,40.212416410855816
19937,39.973440356588796
20000,18.38088807096725
20001,36.01683767362528
20002,29.406169889785282
20003,40.712530818517244
20004,36.182973750748744
20005,42.46671752073178
20006,36.277738285405256
20007,47.40496241007845
20008,35.55541242966907
20009,58.22640071276983
20010,52.462003831087976
20011,39.91752909676249
20012,18.5077546634893
20013,18.131236729422785
20014,27.149629137615744
20015,26.262981531573367
20016,28.758982662328545
20017,35.36234267181875
20018,31.388595530992987
20019,24.360058931427343
20020,35.24426612313452
20021,37.85029228731699
20068,25.218037103578062
20069,39.30721131625607
20070,28.332132429773665
20071,35.09987569096697
20072,36.231162063242834
20073,30.232062157002318
20095,24.480293574084
20096,25.553195923892538
20097,41.44417604066139
20098,31.806359502244653
20147,34.82565865787489
20148,40.874337800172995
20149,35.29464245520055
20150,35.66786446305771
20151,39.87113486118473
20164,33.64950635819873
20165,25.56840033863791
20166,29.728402223229835
20167,31.772905415328992
20168,27.264882954561006
20169,34.80636357394817
20170,30.262244653077182
20171,41.980973381463286
20172,39.21458437672216
20173,45.43293489788523
20174,42.33441548764098
20175,46.389948103577396
20245,24.786220730690594
20246,27.389512096426607
20247,32.381514357936936
20248,34.36738581671625
20249,32.03131792679883
20250,32.67505933668395
20251,36.620480751314176
20252,35.626542910290965
20253,40.29667446685873
20254,42.71170686556148
20255,42.12060846153322
20256,36.99299023884653
20285,40.93979925523301
20286,42.44186254496496
20287,34.14617605544244
20288,53.94223126415282
20289,43.69082133079526
20310,21.219322648335982
20311,25.379324532927914
20312,27.87532566368308
20313,25.53925777376565
20343,18.412032117575265
20344,18.841193057498685
20345,19.189385265369687
20346,21.89996686608655
20437,14.444831079912856
20438,15.625023664702244
20439,16.48334554454907
20440,17.019796719453335
20441,21.447022079863864
20442,26.734573543388297
20447,17.227015422516967
20448,18.514498242287207
20449,20.12385176700001
20450,24.095594684558677
20507,22.89353651108012
20508,21.685018200095207
20509,23.456309188912826
20510,23.58992092682213
20557,35.09630775553252
20558,21.136551868419033
20559,26.531393566924322
20560,32.155111679173366
20561,32.42762077179795
20562,43.686411517083435
20563,38.959881385627305
20611,43.730421203371094
20612,31.886784774315295
20613,29.52046435264093
20614,33.09840380967201
20615,35.130640618403966
20616,32.79501510576516
20738,25.67507473540259
20739,31.069916433907878
20740,31.410746321725938
20741,20.017149209128906
20762,26.199959787829357
20763,32.6150608302863
20764,31.513832754282234
20765,24.855825515668055
20766,22.355609891868227
20767,28.484914110713955
20768,32.02676132850754
20769,49.054913459243366
20770,21.5119038327803
20771,24.601672602553354
20772,38.325570517013915
20773,50.67851238432475
20790,46.70104580445427
20791,43.156006552678065
20792,65.86415890825032
20793,60.16393151035254
20888,14.76351370182395
20889,25.71513456293936
20890,30.385266119507122
20891,23.431709678878818
20892,31.637320837790256
20893,37.684131900909186
20894,32.04206772853524
20895,44.583906345128895
20900,21.301477198389428
20901,20.62941006230878
20902,31.285481721410058
20903,31.17969005715335
20904,29.24917978581141
20905,32.09627837390018
20906,44.13616918778796
20907,31.816875760240734
20908,37.59878685641608
20909,43.280811103359326
20953,22.334119895142628
20954,21.47379379202871
20955,30.921347140145087
20956,36.12792987161712
20957,30.558910008974138
20982,31.765485185915153
20983,35.145148646184936
20984,35.398905809028804
20985,44.498762551257585
20990,25.05528358409117
20991,34.986645101254936
20992,26.931241226186927
20993,31.904064053588115
20999,48.111581116095536
21000,32.82190856707979
21001,32.02556744412804
21002,38.856580167493576
21007,28.123422207902205
21008,31.45142371557575
21009,26.70271711150823
21010,33.14301532290843
21047,36.06911326674717
21048,23.293872917199124
21049,33.46488496100149
21050,36.44527647300258
21051,35.53405804249037
21052,33.55510136227486
21053,54.23435804575297
21054,20.220842535769187
21055,22.20671399454852
21056,24.407165923289554
21057,26.28574714708804
21058,31.895169315555044
21059,32.3506517584069
21060,36.9134930799938
21061,36.134135708932305
21089,42.0946645541704
21090,38.336051525791355
21091,57.75390771323873
21092,48.4391454586778
21093,60.103232360100804
21094,49.520549579534155
21095,48.0103783147564
21122,19.787677065784916
21123,32.376977177808655
21124,30.362779992833794
21125,20.724963454417058
21126,21.583285334263884
21127,24.40702360316042
21128,30.943238379559887
21129,30.814670845884784
21130,30.12604659982324
21131,32.63856745838402
21132,37.83887700200263
21133,37.07103396933597
21189,29.14825645334691
21190,25.89921945445868
21191,27.482251476243054
21192,39.76745907305378
21193,38.06157365600867
21194,50.187057423898686
21195,42.794160296445625
21196,43.427160477146934
21197,49.299028681642234
21198,64.55331188428633
21199,48.54229863320912
21200,47.623749690618496
21234,26.02289835559661
21235,29.13568914697634
21236,28.07713312913006
21237,41.138513508101276
21238,37.47572056888782
21239,37.599135335091724
21240,35.94707137598569
21241,41.908591436101304
21242,56.71902638622406
21243,59.86166716032835
21244,58.708787520469855
21245,43.883895450269435
21246,33.88979210122535
21247,29.379593785495338
21248,25.594105611702837
21249,27.1771376334872
21250,26.14773085020837
21251,27.378501992446854
21252,27.786904682851517
21253,33.16339766450073
21254,29.528980271910797
21321,39.816064563673436
21322,34.392897138972614
21323,19.966651640067766
21324,38.171718223442
21325,42.599513633922996
21326,47.977385645846844
21327,42.376644550652074
21328,47.76865233428788
21329,46.1847968093233
21330,55.60637189072122
21331,44.851602542882915
21332,44.89141071613318
21421,34.90923303991095
21422,32.27761594797941
21423,33.85330530742106
21424,26.359583532711206
21469,33.60781089507182
21470,31.486323475116123
21471,35.28239402085204
21472,32.09262880690093
21473,43.61397997901074
21474,43.142933170907824
21475,44.05174843083256
21476,43.86570526097317
21477,36.56452932675781
21478,47.19368377941723
21491,22.425422488181226
21492,29.618351827646038
21493,30.046622879705424
21494,30.146060720124865
21495,29.725262028571706
21496,37.05313267292177
21497,34.77324139116962
21498,53.64163715307973
21499,46.74269326585906
21500,56.80961063963633
21501,43.188259998985686
21502,72.67978828032496
21553,37.17908914481624
21554,35.4604411618555
21555,38.49088924424783
21556,35.87564192327031
21557,55.35977308507342
21558,42.79800404812957
21559,49.46202416780927
21560,50.35466564391329
21605,70.96657284369837
21606,46.68522773820029
21607,54.00540463092811
21608,41.60516165238511
21609,46.57290628234036
21610,69.08898331142618
21611,77.03727488823738
21686,26.460438509908045
21687,35.34521918019172
21688,27.214304524075473
21689,38.754597265593
21690,25.649938658827853
21691,26.71545823228286
21692,29.93882603069406
21693,39.258269795427665
21694,37.45214451488012
21695,53.02415906291205
21696,42.43867053461875
21697,54.900932105136235
21698,46.627766378885475
21699,58.43107016422943
21700,44.038807086186466
21701,52.94891245860357
21735,20.82980591489905
21736,14.789218583241542
21737,28.210519072183672
21738,22.0911720442063
21739,22.049996849155114
21740,25.711721093429745
21741,28.728512055496438
21742,28.337267265300138
21743,36.265260607009836
21744,37.77974198045548
21745,30.691043886240422
21746,34.94470489866417
21840,31.217267279720176
21841,27.22759990389746
21842,30.534903327410206
21843,37.90076645023821
21844,37.44744357095238
21845,40.3834122807654
21875,20.28141807160366
21876,20.52232004449381
21877,20.36038258038899
21878,29.3524534856535
21879,24.761286437871057
21880,29.00225705451541
21891,20.308108553856407
21892,30.909532983833728
21893,27.096240434922308
21894,31.52038843280713
21934,33.81774071669102
21935,32.12541423665871
21936,20.232498540376966
21937,33.83944097862421
21938,39.04850202494647
21939,34.669474571278336
21940,30.816778692342822
21941,49.17651124639185
21942,51.57674483955883
21943,60.24785642655572
21944,37.40073423368793
21945,45.080880472639514
22029,49.28658452776503
22030,55.80897580520282
22031,75.0154343454573
22032,40.09985243268165
22033,43.718789880374196
22034,69.39590761883436
22208,43.29843998479851
22209,25.770484659136464
22210,26.914243311975532
22211,37.548363503040086
22212,44.88233003108788
22213,46.2156663444981
22214,45.53924047184831
22215,41.13494435854976
22216,49.697434507286935
22217,48.80992026980319
22218,20.687983724760144
22219,19.694045883736937
22220,29.248889466834157
22221,25.132383148771922
22222,38.58514407365275
22223,32.083166053177564
22224,34.66715883223305
22225,41.57839438846554
22226,39.69199571990597
22227,39.97257452584388
22244,30.776739259543163
22245,36.86439490860832
22246,36.918975361876484
22247,46.42751822671541
22248,34.131063445087136
22249,47.316078799757264
22250,32.86271450121391
22251,33.96735318358471
22252,34.40940050415276
22253,27.257608260649846
22254,65.37622039107445
22255,36.77780417489822
22256,41.35968638561086
22257,59.95360024452456
22258,60.12551781061412
22259,39.60558821589821
22296,13.895010168077224
22297,14.967912517885754
22298,15.718944162751736
22299,19.771655812362805
22300,18.67042773635874
22301,21.891139009051436
22302,25.541011221667535
22430,30.218588124929482
22431,46.10956824169833
22432,50.79103137050086
22433,44.7828593622334
22450,19.14467322290107
22451,21.023254446699543
22452,18.49892758974886
22453,24.082028255287415
22454,26.38977041900931
22455,29.88447659624765
22456,28.054800218706113
22457,36.38587910522747
22458,32.951853487730816
22459,35.871163932993326
22460,40.628574526850144
22484,42.93630962680063
22485,43.28450183467162
22486,39.43508179377194
22487,51.96615466936744
22488,41.43938066129108
22489,42.995716180445136
22494,25.738838354268523
22495,22.113283421313763
22496,17.817665575545448
22497,31.21807122916131
22498,36.65089304001947
22499,55.23447348450498
22500,48.72208414081501
22501,32.73983079054237
22502,35.6833051799395
22503,37.17370835111473
22504,44.01818281159547
22505,40.7016016416416
22518,18.142604592971033
22519,22.81273614953878
22520,28.689381793824374
22521,36.768483590118095
22522,26.26240308242401
22523,35.95540204092133
22524,44.92607508288738
22525,30.066740458421485
22526,38.09742307844692
22527,43.368120346055036
22528,44.289226919965714
22529,42.44247001205113
22681,20.7011835245911
22682,19.733567186496327
22683,22.25588982017993
22684,31.569831430387005
22685,36.0517040199215
22686,15.230563442095299
22687,17.216434900874624
22688,19.09501612467311
22689,20.356177441514898
22690,19.36223960049169
22691,26.82392148982873
22692,24.192304397897182
22693,30.607405440354135
22694,34.28359915589868
22695,37.611600663572226
22696,37.20571969730713
22723,36.247511933445956
22724,37.746179838411784
22725,38.21668136938028
22726,58.74880173698685
22727,52.05934013569738
22770,37.75739338492502
22771,42.34649053523573
22772,39.49215759403127
22773,37.637972592367596
22774,44.11687576694182
22775,49.17598160646776
22780,31.629302378132557
22781,26.968375348206127
22782,43.661330031073966
22783,38.2145057915769
22784,30.41585123113869
22785,38.748410048351374
22786,35.561174616432034
22787,41.792810419020945
22788,50.78812535769759
22789,50.09768512960233
22790,47.07975376444423
22791,42.59407954763783
22792,47.715934683840224
22793,38.73595638480818
22794,60.88603910862367
22795,32.656027894199596
22796,47.385118242081774
22797,68.0217663684273
22798,62.88820736630227
22799,41.29305764464735
22800,57.7008506812295
22801,55.34936588867332
22802,82.93025745979021
22803,71.13760141326235
22839,37.16518746969652
22840,30.482388278721544
22841,31.454616552064337
22842,25.24517079305918
22843,40.64160396081543
22844,33.92304795135796
22845,34.22486018591943
22846,40.6868469635435
22847,40.69735636915909
22848,43.270646757797635
22849,44.73772950846191
22857,24.881131137695874
22858,31.913652087109497
22859,37.389462517667205
22860,28.953970942987418
22874,18.980612939922715
22875,39.19353240538831
22876,32.03008163142252
22877,33.9399325769349
22878,38.86783037827051
22879,22.71319099871217
22888,38.910936535960616
22889,42.45188173528244
22890,65.32441687757219
22891,71.08789359786417
22892,64.51783131462223
22893,46.51751881352523
22894,50.79761546530284
22895,83.42936430956222
22896,49.294953962365994
22912,32.63300429376872
22913,36.49446942299984
22914,36.150216703867244
22915,41.12322189481936
22916,42.76815378806056
22917,43.69641303819002
22918,70.9719052477336
22919,49.85869426074162
22920,75.78762754175723
22921,75.6452460933467
22922,79.1611105604093
22923,90.29904809817265
22964,37.10637228958464
22965,45.53735201018803
22966,44.3164607613134
22967,39.81336542718123
22968,47.96997972475273
22985,44.23608493882223
22986,47.01650125847409
22987,38.85699982449251
22988,46.61344880191821
23022,18.583454559099035
23023,27.468235229382692
23024,22.98435841658111
23025,34.90109617926731
23026,33.05495311554098
23027,45.08781651452589
23028,34.533409151041305
23029,34.33014049827967
23030,33.89273520825749
23031,57.30913846292704
23032,46.77251757058457
23033,42.50571458515532
23034,38.43810911241147
23035,48.950973129566165
23036,48.15345917574659
23037,58.351173340862644
23038,50.071918663048194
23112,22.836439549220632
23113,18.459852971399904
23114,24.76766377887599
23115,29.974246510348017
23144,23.22232151521567
23145,31.039952800128106
23146,23.185927856885833
23147,30.06073514189186
23148,30.327708680529824
23149,35.53838526833066
23150,42.32495090604835
23151,42.66719051980189
23152,35.312713453626436
23153,88.15380069563241
23154,36.651759619566846
23155,51.79462747794122
23178,32.33243389833845
23179,36.07109240935822
23180,59.05292003563178
23181,39.46057425866495
23182,52.999046967455556
23183,21.024888124053007
23184,19.628110846034815
23185,21.613982304814165
23186,26.06953339142022
23187,25.693015457353685
23188,22.98042963336973
23189,17.64641346276943
23190,28.383453853923132
23191,19.470347457443935
23192,27.120288313814235
23193,28.891579302631868
23194,26.877382117657
23195,40.415181317631536
23196,35.262586971735054
23197,38.58247922564165
23198,35.39927633410154
23199,38.43034552621718
23200,54.381187920569545
23224,26.86965332967128
23225,37.09656404884916
23226,32.612687236047584
23227,32.531718503995165
23261,26.930229648800427
23262,28.219700031792648
23263,45.845494092202514
23264,34.84104718490407
23265,51.04400936752356
23266,57.87471118998521
23267,41.17799663783477
23268,62.61182117216423
23269,42.61314588023072
23270,44.577144540799345
23271,46.85140425120016
23272,45.37179945589058
23301,15.20799843539384
23302,17.112901162120757
23303,20.333612434813446
23304,19.63522379580436
23305,27.499745122136368
23306,21.566448025459717
23307,27.766968597954964
23308,29.242710384758475
23309,31.791354521370508
23310,40.46371600282954
23311,32.10450211768955
23312,25.37700057691577
23313,31.595010895141797
23314,43.903885992198646
23315,34.00134725305702
23316,35.13712925959381
23317,38.185607589003695
23318,41.730782351287644
23319,61.18292666202658
23320,45.96819245753615
23321,42.15363684302498
23322,43.12454667599167
23323,46.19995773142135
23336,52.33322380067988
23337,54.533675729420914
23338,62.093275282276366
23339,45.58667198502421
23340,39.974442781311154
23341,45.26951900408318
23342,70.06068710601743
23343,77.80289172099486
23344,73.41255659974645
23345,84.49553361141137
23346,57.54135837810591
23347,64.89640160538525
23360,18.2765860934993
23361,22.75845868303379
23362,19.804970886159687
23363,26.327362163597485
23364,27.292974278425163
23365,26.809166109377784
23366,35.07652687270476
23367,34.80729917361909
23368,43.29844918686186
23369,36.8210945115997
23370,51.60677287826151
23381,21.535634809187016
23382,25.588346458798092
23383,31.573606833541078
23384,34.814356555159094
23385,32.12079432486594
23386,34.97667948029703
23387,42.47397373179506
23388,42.03174592587828
23389,32.77957320240404
23390,40.620674213210336
23391,45.032417937206006
23392,39.43300531714077
23442,43.1827724936663
23443,43.73935702764483
23444,41.339852415296114
23445,66.72152277716425
23506,29.07865440990077
23507,21.40038782733493
23508,31.305427841570257
23509,19.044853029066722
23510,33.76480414849804
23511,26.018066536250675
23512,19.710905995550107
23513,38.68720060618214
23514,41.18537994580308
23515,38.51313543068435
23516,44.92605282605966
23517,47.855653383305025
23552,22.57796348381971
23553,21.9322178506675
23554,33.90409805573455
23555,27.661481677969615
23556,29.181414095609153
23557,32.89188118315466
23558,26.851288657395266
23559,41.63054481071023
23560,35.09444898375862
23561,40.09243267384424
23562,34.26233717052098
23563,44.35404843906921
23564,72.1391822560782
23565,49.00400445438936
23566,30.06168039828151
23567,44.30078366313272
23568,42.27072590729831
23569,42.91409219589143
23570,65.3017619741201
23571,47.73922756091887
23572,44.88575896697176
23573,46.92716202203776
23574,70.3717872623827
23575,78.1389121556031
23604,25.1384229516851
23605,25.486615159556102
23606,27.68706708829714
23607,30.61222915897571
23608,33.149277281846366
23609,31.376098188363542
23614,14.797666341901646
23615,23.730065538049374
23616,8.034608889214457
23617,22.567472408507633
23618,52.73980479070576
23619,32.464827459920784
23620,28.830408477404845
23621,42.07562364625915
23622,54.064698655824735
23623,38.376458939979734
23624,48.94867273537847
23625,45.781951082366774
23655,46.80170166013493
23656,40.76111432847743
23657,33.59297741788742
23658,31.364199762950847
23659,36.48896111244226
23660,34.501689234989826
23661,43.115635890457575
23662,40.71310804686097
23663,41.06228756547689
23664,43.862532067114785
23665,52.3820103791464
23666,45.7518527843881
23667,33.37226920734398
23668,23.11703276197058
23669,24.914645253716657
23670,30.491640161691976
23671,30.8724388405803
23672,37.71961724928943
23673,37.74997364275187
23686,34.44622153964043
23687,31.045470271939358
23688,35.65784048329838
23689,36.51452838032294
23690,34.39987833750589
23691,36.96309065741716
23692,33.83740790532377
23693,44.56019776779111
23694,44.17464381509035
23695,45.92280919189552
23696,47.59694477179824
23697,41.80776071428451
23711,41.6850827319546
23712,38.81009821213
23713,37.439843219361876
23714,38.84739300794122
23715,39.131335491715014
23716,46.56532641625307
23717,66.50944679851203
23718,70.63375095165443
23719,45.670788551615594
23720,74.12382616604069
23721,72.84380456047262
23722,49.10442889097067
23809,29.611301663557384
23810,46.92538056127287
23811,25.984831566385903
23812,30.009692455617362
23813,53.12590191706278
23814,28.182589563082278
23815,33.240270192370836
23816,30.77201191671861
23817,46.03897576867842
23818,53.75939008324869
23845,35.440943684342415
23846,39.49365533395351
23847,26.20089541035119
23848,36.215265589067485
23849,38.14757688229291
23850,53.664839001336375
23851,51.15792076483993
23852,37.61503206044668
23853,52.539571514559086
23854,47.71830681499405
23855,59.09080409978692
23856,49.055702724034234
23890,26.14830159951297
23891,25.664493430465583
23892,26.92565474730738
23893,39.95485333353761
23894,27.25632794364938
23895,46.437661514965505
23896,45.16931306276465
23897,39.246897498449584
23898,41.50270393780801
23899,39.169769748194184
23900,44.243000026798015
23901,74.85929361937092
23946,40.42167031431875
23947,29.978174901912077
23948,31.964046360691412
23949,40.76785829892267
23950,44.96845412045333
23951,42.62108069693981
23952,32.673787655880645
23953,42.97208054622641
23954,39.149723814803295
23955,51.88115861669341
23956,38.77237506638426
23957,49.36767291432295
23958,23.762977045699344
23959,22.902650942585424
23960,33.74698156871998
23961,30.456134352192194
23962,28.95804291818002
23963,36.61671449933378
23964,37.579147830350635
23965,49.14010068010869
23978,18.573968798385437
23979,27.780620173611656
23980,29.671057017476855
23981,29.904716509692946
23982,34.861966033229734
23983,46.06649369395647
23988,26.282112771293477
23989,35.17656414362119
23990,34.95639848470829
23991,37.80809501179838
23992,47.15811061605586
23993,40.71763503208307
23994,43.97169398197999
23995,42.72584145290679
23996,44.85858656739056
23997,41.275971319819945
23998,53.14082307637171
23999,31.901472455736112
24034,19.348951485119784
24035,33.57593084805185
24036,38.24606240461962
24037,19.08657148170459
24047,32.63362091527955
24048,30.297553025362127
24049,30.291927104920703
24050,39.46227991076282
24051,22.204260551884655
24052,37.50723713832024
24053,32.29439564863728
24054,31.463270217529725
24055,40.82578960813742
24056,40.48192975392129
24057,41.86651509312872
24058,48.376078321987784
24147,26.13228034609086
24148,23.779708548365235
24149,30.10413634358335
24150,33.442151835160814
24151,43.18003415242664
24152,40.553157666765195
24153,38.6902568716236
24154,31.93241965180107
24155,37.14145454487132
24172,32.15537207361838
24173,32.06514641517094
24174,35.329424042855706
24175,35.39985202509548
24176,30.767257253945147
24177,39.693359858843195
24178,36.00717116181854
24179,42.24353356628749
24180,39.106379821237155
24181,43.662776863062845
24182,41.69308585784681
24183,37.25942582931528
24184,26.517825571063728
24185,32.530087176525704
24186,35.35454494929158
24187,27.26520676691853
24188,34.003824740062115
24189,43.05487687739918
24190,32.9751265057347
24191,38.313539996255656
24192,40.05787529635532
24193,39.77470804916723
24194,49.741923240091495
24195,49.38040112064345
24201,17.76584019165996
24202,20.610033530286124
24203,19.535126957210505
24204,28.660809600384315
24224,34.79745129292687
24225,37.91073810466682
24226,33.25439564883274
24227,49.30839381153802
24228,43.45000003249423
24229,40.45723967162465
24230,45.54826145919196
24231,47.42979486098389
24232,48.17351521759562
24233,45.71560428145534
24248,14.224442465436415
24249,29.068841735325165
24250,19.242766229875176
24251,23.912897786442926
24252,29.5874203025422
24253,27.49488265782425
24254,38.611789650128955
24255,26.582106883888557
24256,31.530989662150404
24257,38.142007116824104
24258,35.7423124575564
24259,34.05105159190066
24260,63.49664685306854
24261,44.23233285300964
24262,44.173970856770254
24263,56.03479258990081
24264,38.22001996328936
24265,38.31911208162443
24266,48.97509579353785
24303,23.353393246611805
24304,20.829066389661108
24305,29.821137294925634
24306,27.8332616128792
24307,35.69778293921122
24308,29.039775700597037
24309,37.50374746117656
24310,33.88198254139128
24311,44.06958746587226
24312,42.508454198226765
24313,41.23156574193721
24314,43.860108304442086
24315,36.68785618997211
24316,46.35834783899928
24317,41.7212802261162
24318,44.8573323807315
24319,75.23147539154805
24320,39.280297045490656
24321,46.29108094346572
24322,20.361738335490426
24323,30.534001825544337
24324,10.07994276402923
24325,38.0358408838794
24326,33.41718653848704
24327,16.625099014930903
24328,40.55153723894843
24329,41.9567267733389
24330,34.9210495461063
24331,40.637761949554175
24332,33.68471530193962
24333,38.22485428620726
24334,36.78827966102789
24370,23.37489416409732
24371,26.5146367047376
24372,26.970119147589457
24373,30.66035050386283
24392,29.900471888472012
24393,34.67922358288795
24394,37.167752291329506
24395,37.99180531102205
24436,37.335995231834296
24437,53.737105020578966
24438,33.26342051565203
24439,45.14189549742943
24456,27.83658232521381
24457,37.01125252812043
24458,47.719334668367985
24459,37.98774947259031
24492,26.210510029406233
24493,37.59129183044506
24494,28.48096355483539
24495,33.47007571678361
24496,33.85237179268667
24657,46.06513451312907
24658,59.26403538602615
24659,40.027143955726245
24660,45.56346312861121
24750,20.837367898963016
24751,26.124919362487454
24752,17.72194263798409
24753,34.12305242672876
24754,19.438586397677735
24755,27.110501081755196
24756,24.5610383594499
24829,22.944994482230626
24830,29.46738575966843
24831,30.647578344457813
24832,31.166534393214164
24833,21.891758763740942
24834,30.26640976204878
24835,29.05789145106386
24836,25.939006152750576
24837,28.789010891496083
24838,29.900587330755165
24839,32.36335517768318
24840,35.861357115333234
24841,41.57249554953985
24939,33.183056135547844
24940,36.17453978261478
24941,35.12229209006518
24942,49.141343613669875
24943,32.2894748615757
24944,35.06076980269789
24945,39.737113856666575
24946,27.860753716253807
24947,52.19951336910801
24948,45.0915182603768
24949,53.900212168134864
24950,42.23091455043782
24989,23.57034535257559
24990,38.5220348574452
24991,31.495674360742257
24992,40.16789976616316
24993,36.60669942587863
24994,33.85272938485194
24995,41.217627579723214
24996,47.02698675331075
24997,42.94870938802518
24998,35.81861576165712
24999,43.40274723714558
25000,67.76375323437027
25076,59.4895649204725
25077,49.59033797277584
25078,50.81339039928175
25079,47.21854701875986
25080,47.87022850458988
25081,51.22214720753479
25082,56.130492401740106
25083,56.244377241599864
25084,74.87418888017564
25085,76.68935682390999
25086,53.18628321333056
25087,89.48632744677626
25144,44.83921126343911
25145,38.28849425980578
25146,43.176081840894476
25147,44.9579776746457
25148,47.82919133334872
25149,46.258748868743105
25150,54.0875873620788
25151,52.17290604994076
25152,46.19918559105094
25153,75.71432030479924
25154,48.71230529791195
25155,67.14904543517197
25182,33.561713600730954
25183,37.72171548532288
25184,32.850201634506426
25185,32.53147570740387
25186,32.70096361846295
25187,35.25556995443213
25200,21.7704308102814
25201,40.53326287926169
25202,45.96035990301259
25203,60.0162593771685
25204,39.19501420314167
25205,62.58934158217393
25206,23.479165469852454
25207,18.673417952108302
25208,25.92051937148364
25209,23.369871011604506
25210,21.35567382662964
25211,29.249895038477373
25212,25.742281821724195
25213,27.799680134390346
25214,37.41043119407085
25215,29.541660760785213
25216,44.19461260638227
25217,39.963938804954914
25218,19.96008549979116
25219,24.44195808932564
25220,19.126080899605668
25221,20.091693014433353
25222,30.936023640567917
25223,25.405565980886237
25224,27.002308181178865
25225,32.80398839374103
25226,35.063061321411574
25279,9.145547081636504
25280,10.003868961483324
25281,12.74077206512864
25282,14.671996294783995
25283,22.628851866832687
25284,19.513426605853766
25285,30.169498264955052
25286,28.262591314961032
25403,34.52560293936954
25404,32.94056669431809
25405,20.563026948435258
25406,33.911504250667335
25407,31.420577153826493
25565,27.642803296828284
25566,37.705761973678506
25567,31.673825297604196
25568,28.30376470595261
25569,32.8933216098333
25570,35.830596768547935
25571,46.643585258772795
25707,23.307942853847255
25708,28.595494317371692
25709,31.332397421016992
25710,25.39910032434034
25827,25.2869898955639
25828,24.50763252450239
25829,29.366023048103422
25830,22.600725574508374
25831,29.633246523921997
25832,31.430859015668076
25892,26.31836516516801
25893,27.109039029172806
25894,30.72708677239885
25895,31.966090342241635
25896,32.2224026555439
25897,15.558547694008588
25898,34.260753640680605
25899,19.2446125295566
25900,33.54865245983719
25901,38.69583999857701
25902,33.90124149052458
25903,36.61565869602935
25904,35.66085497906169
25905,68.7176777772007
25906,43.37393865975494
25907,51.08762358869182
25949,36.3793341263227
25950,34.97048053245573
25951,33.41736381115754
25952,32.27573372401286
25974,2.0440827397730175
25975,4.43279363554732
25976,6.015825657331671
25977,10.685957213899435
26011,30.266978566891638
26012,34.2387214844503
26013,29.272280872059245
26014,59.18460781404798
26113,14.465345221621227
26114,15.94108700842473
26115,17.41682879522825
26116,18.489731145036778
26117,22.058634625600476
26118,29.091155575014092
26119,23.775278385294122
26120,29.680249755775243
26121,35.28967192424224
26122,33.9192161491525
26123,30.427678618955888
26124,37.17204997688483
26140,33.24811356109943
26141,40.26591292360558
26142,40.87172611232191
26143,58.63213571712356
26144,40.70961895763291
26145,51.37374501735802
26146,41.60770004551091
26147,79.28118857805751
26148,59.780143830158245
26149,51.358877139311105
26150,68.93608269264651
26241,27.336243804957114
26242,50.04394269187932
26243,29.47866177671375
26244,34.05407221528858
26245,49.62515514932961
26246,50.04090682198534
26247,61.44579843527346
26248,39.83912911208824
26249,42.77126963070032
26250,45.3126586520191
26251,45.66512231865878
26252,43.35041571599397
26289,22.149617424336355
26290,31.03439809462003
26291,25.42297170288594
26292,39.461692098784745
26293,25.873097039118086
26294,34.58978614348377
26295,35.09128718070363
26296,35.899334836952484
26297,38.640781547184886
26298,37.865504842686335
26299,43.27062554857549
26300,39.64806422323532
26315,30.5396734481159
26316,24.27942499566231
26317,30.158290400787884
26318,29.200616233518147
26319,38.43783093734552
26320,40.56363532716726
26321,43.03685348803957
26322,53.70627165353535
26323,47.27547504147754
26324,34.986395119080925
26325,57.385697976915196
26326,51.03673616634474
26455,33.608998671309514
26456,28.104862514556284
26457,37.28519238685408
26458,49.33948212883979
26459,29.895282784857358
26460,29.150577345256217
26461,24.572099937927444
26462,27.43849659638793
26463,35.03949777897723
26508,28.23810605643594
26509,32.07623723608531
26510,30.464879488105424
26511,33.90017123075982
26512,24.343323424395493
26513,29.062833608804834
26514,24.298346566444977
26515,11.031060377632965
26516,39.15639342444245
26517,34.285983621815966
26518,39.91943939741226
26519,35.511964316905335
26520,24.387760286143426
26521,37.27260960018129
26522,31.680337030258713
26523,24.226315186789385
26524,28.54127110362053
26525,42.31014704830783
26526,37.01298825311941
26527,31.05124130327586
26528,39.312007792126096
26529,37.96169401748199
26530,51.06281891500185
26531,61.28638994482574
26564,24.321546934541956
26565,5.9370107053074115
26566,28.404652059371926
26567,19.287151412687134
26568,29.449757687959043
26569,17.714073670302895
26570,35.0535530659527
26571,44.65450413249328
26572,31.192455653718532
26573,32.91586675018803
26574,36.89762628141301
26575,34.501965185385686
26576,16.447659226397466
26577,33.9840411369664
26578,34.40126441241581
26579,36.037465862212244
26580,37.43451052777947
26581,44.58769212170431
26582,48.2906039415665
26583,38.64264655778161
26584,25.917980148265162
26585,25.0313325422228
26586,27.741914142939667
26587,30.774366448599103
26629,26.18819266489132
26630,20.9796057101522
26631,23.79747754584992
26632,27.528318490518444
26633,33.0304504240046
26634,30.833595654231914
26635,37.06342426950988
26636,36.58432477087191
26641,22.494487927458483
26642,35.99461216758305
26643,26.69712962959362
26644,26.392560661044172
26645,40.929321764593965
26704,24.07782507464999
26705,17.150590136950136
26706,27.403822359056452
26707,35.345398934583436
26708,49.77997571327078
26739,64.96938356518449
26740,48.89045981927851
26741,44.794096837700934
26742,75.44830235574368
26779,19.775661909013003
26780,29.89528239321004
26781,34.45812371479693
26782,34.142291167272596
26783,29.907574143195504
26784,48.813769092962026
26785,51.971703973675694
26786,32.26088582364238
26787,34.65806503889143
26788,45.910623738971914
26789,42.32518858648716
26790,41.50558047424452
26819,33.80663888549343
26820,40.57361398881236
26821,66.71541944948699
26822,44.79640448632607
26839,40.49777443722927
26840,40.524095940157714
26841,38.447954019873094
26842,28.031584120900092
26851,29.357645791952052
26852,32.49738833259234
26853,27.27498045037791
26854,28.614311565106632
26855,32.37779708901877
26856,35.063611873104904
26857,36.374427153924046
26858,33.052248541192135
26859,62.85016746098641
26860,39.35461654756453
26861,43.79859168208057
26862,56.857429468815646
26863,27.25183004145177
26864,16.122540469064877
26865,24.896584816202783
26866,30.777456348050748
26909,14.940405588603618
26910,20.12066681714721
26911,23.663248794782458
26912,19.689501653956697
26913,22.426404757602008
26914,29.270666739982367
26915,24.25033875227652
26916,29.465729471820367
26917,32.41211456957401
26918,35.23446277606
26919,33.557772819733515
26920,44.12526941175159
27006,35.81075998197574
27007,31.234441986662027
27008,43.4009876176373
27009,36.74320600715551
27028,19.82548463622073
27029,30.455234792393583
27030,31.438475762688846
27031,35.62385663910856
27047,31.818733606107592
27048,33.724243063393516
27049,30.900386009834442
27050,35.610859447391455
27051,35.47794011564016
27052,38.25521098026266
27053,61.15636873224596
27054,43.25943067022532
27125,46.028600684587914
27126,57.275770747717445
27127,34.234685726943404
27128,33.966989320984794
27129,24.25953793851992
27130,23.990310239434255
27131,35.32192124377304
27132,25.539075457339678
27133,34.239536446343806
27134,31.166091702596013
27135,16.4759519471757
27136,35.50755380412926
27137,32.79248011395962
27138,41.16871116661664
27139,56.02800998238127
27140,50.0363776443886
27177,36.456012288584844
27178,32.9553803041414
27179,37.3951089130954
27180,41.12753295037629
27181,36.08909151218777
27182,36.062455630359686
27183,42.985602278870076
27184,40.36868676671558
27185,44.14386675104662
27186,49.193341651692776
27187,47.8620520530347
27188,49.2690577067381
27189,27.578961972876215
27190,35.0079161209535
27191,26.406570061042665
27192,26.228792782104883
27193,29.312808433934478
27253,25.975535579931922
27254,17.787139325390264
27255,24.71237003982303
27256,24.477901145542912
27257,28.404317592749557
27258,36.35346700888981
27259,31.2073675565044
27260,31.390222003753564
27261,24.344880571604826
27262,26.719640596535406
27263,34.8917177853223
27264,29.290822635791805
27285,37.770252824668646
27286,45.45171750399634
27287,47.935019645253554
27288,45.08746545655931
27289,40.530566875379705
27290,39.89954815804536
27291,46.5656035284892
27292,40.9365124956404
27293,44.629675370622
27294,73.32607456580332
27295,55.77086168485928
27296,55.48421049591585
27349,30.005392906840036
27350,28.01751722479361
27351,21.404054579984738
27352,30.76322263492218
27353,41.585043449570584
27378,31.353699687925946
27379,33.58047311959544
27380,43.16411724119796
27381,56.04880193716339
27382,50.77667052726235
27383,41.24391509553885
27384,42.274696129836634
27385,46.412790358116325
27386,43.50813650706479
27387,46.178376383589125
27388,71.21970147755667
27393,39.483239188748556
27394,42.87763517834324
27395,36.48736332664414
27396,52.66311842392029
27397,43.13597802534926
27398,38.15996521838676
27399,52.567191292925436
27400,48.06902042157372
27401,57.16943204691048
27402,42.402724804101176
27403,53.88954798420892
27404,47.02896137747012
27425,26.98991865074329
27426,30.914811374092203
27427,43.881751267505315
27428,37.78977033087958
27429,32.99865797582167
27430,42.26372914291936
27431,40.89994182308309
27432,40.69751654963619
27433,26.87721609702992
27434,40.50880335663592
27435,31.314142885439182
27436,18.317079726681868
27437,31.403439037651665
27438,32.29196110597791
27439,41.06203922352998
27440,52.39688112806998
27441,34.971228030318485
27442,35.26744009776009
27443,53.520809607374815
27444,36.98408385745374
27445,40.56168854200314
27446,40.15073381879008
27447,36.0112981700326
27448,49.33915773580482
27449,42.05313763708698
27450,46.35478791118686
27451,49.844923664022076
27452,43.16517271986225
27453,46.84286762968937
27454,13.902741305946932
27455,19.80771267642805
27456,17.068805349515657
27457,19.269257278256696
27458,21.872548643992708
27459,21.81790141486874
27470,30.26544208409409
27471,29.467130531025653
27472,24.701330375150206
27473,38.595404160490105
27474,50.23256377459946
27475,38.18706094521561
27482,24.84211492378983
27483,39.20142300909585
27484,48.85878526639805
27485,53.19392688144888
27486,67.46667713424925
27487,79.54053793509685
27488,43.846197799096785
27489,46.42839333389601
27490,52.6489906469404
27491,48.6812941522604
27492,51.210866399708024
27493,50.09636718065078
27500,31.874820243581148
27501,35.839375595915755
27502,72.8712906039541
27503,67.20443167054894
27504,46.17347224884149
27578,26.88951939486135
27579,28.26348686660936
27580,51.83261136182831
27581,38.91442671017994
27582,34.557125635718826
27583,33.78891482383615
27584,48.79532351202893
27589,48.320650367470705
27590,43.55083156668968
27591,80.75565141981706
27592,60.84274601171043
27593,51.96755616267894
27594,62.19584844506038
27595,72.0966663257365
27596,48.758582280110915
27597,77.72809996944689
27598,88.73093829554473
27599,84.08894139888619
27600,54.47497703393493
27719,22.977245075164245
27720,27.540086396751143
27721,37.766997115929016
27722,24.892739055946542
27723,28.90154992031881
27724,34.074493854571145
27725,46.44072148829205
27726,32.823284330498836
27727,53.030536150635314
27728,54.05893295952682
27729,53.23160607075657
27730,37.968352257910226
27795,37.05266962835194
27796,38.52841141515545
27797,62.21940445149728
27798,40.331206800668895
27799,61.40895712867523
27800,68.96404260329304
27801,44.10780102742724
27802,45.452812354566646
27803,64.94139987189097
27804,54.85370698757866
27805,76.53728985715027
27806,53.62485637676948
27807,27.357018952721777
27808,31.51702083731371
27809,34.450333585885886
27810,24.258490179956297
27811,32.27463232293946
27812,36.86959668347431
27813,37.96553186139148
27814,34.16411620222482
27815,70.19982937301499
27816,40.38512382845665
27817,40.382261750512995
27818,65.23289259329012
27848,22.20863737955083
27849,28.24722048794124
27850,30.581284154591586
27851,33.22426731262361
27852,39.59588025221697
27863,35.190197581869185
27864,43.26929937816291
27865,49.87265938765313
27866,39.549830877241945
27867,38.14573111083063
27868,36.20158892387259
27869,42.31691673072984
27870,64.18422699631243
27871,74.34132207226732
27872,49.0843199111179
27873,71.94224850997306
27874,50.09089537813798
27898,30.08799414130391
27899,42.78458448830851
27900,22.445563679769897
27901,39.440194309962976
27902,20.74854594154469
27903,28.631108949272175
27904,33.41929517977773
27905,50.16831916916937
27906,41.94888761241815
27907,41.053193362656714
27908,39.69381766721558
27909,50.0190067025773
27933,16.80259736295035
27934,16.53336966386467
27935,25.954601509052594
27936,21.36343446127017
27937,25.308855875900388
27938,34.19363654618405
27939,24.663110242748182
27940,32.59306025268468
27941,49.30153591776032
27942,40.43487924169742
27943,39.80871723571283
27944,34.930777943045726
27945,36.83445243271169
27946,51.91975367549058
27947,34.062596800651846
27948,42.106637221317335
27949,39.399725839761096
27950,56.24604605146059
27951,38.60718751186793
27952,39.37761474175473
27977,60.94039834078451
27978,53.67450927739115
27979,43.86078236019123
27980,47.97864473020364
27981,42.55407261392067
27982,51.97933430232082
27983,83.04376664190265
27984,54.204067469076485
27985,57.781997157057326
28002,50.73498266438216
28003,39.271227908023846
28004,40.20478915889579
28005,37.495415677620784
28006,39.612280118043486
28007,56.82532832931237
28008,48.88696300556826
28009,51.03406681201097
28010,57.97475965865453
28011,88.17838931230193
28012,56.0279235452531
28013,57.81190822317007
28037,42.2957497277684
28038,28.30445624832538
28039,32.27001113534041
28040,35.25573126291538
28041,59.55791621031215
28076,23.723254742479405
28077,33.86919672960487
28078,59.86369356794076
28079,38.82389934537303
28080,42.31512637675287
28081,40.63979059256719
28082,52.19871179388965
28083,44.526658974195655
28084,40.86850163228344
28085,45.37306129952692
28086,52.89880481773515
28087,65.87832444250328
28124,44.63683698283476
28125,24.291587764373908
28126,35.64733719782223
28127,39.950688847416224
28128,40.40708601963999
28129,41.16273484535901
28130,45.761674504830296
28131,49.18442306690059
28132,51.00712067303496
28133,49.13820623242258
28134,61.831212279784125
28135,59.37242518787369
28169,28.57625923074537
28170,33.58310540338811
28171,35.56797651799162
28172,46.998665022351176
28173,36.80078810752913
28174,20.363940817686743
28175,28.550332848961318
28176,35.222575722797714
28177,28.907811776071856
28178,34.285099499523156
28179,34.58859618035324
28180,48.18540497018872
28329,25.770966435122368
28330,26.678808692844825
28331,28.9381484196974
28332,34.923616898238535
28371,36.58266866970601
28372,57.42174287850353
28373,57.464208642904566
28374,63.663525870360175
28375,75.93608452252379
28376,69.1200416165169
28377,48.26916812483911
28378,77.93602859183953
28379,63.918905022183125
28380,58.25293649119725
28381,62.158658141523276
28382,52.27695964636411
28399,51.52174481619991
28400,35.27971803257328
28401,37.99960440940886
28402,42.404488801738005
28403,49.08920816852424
28404,39.99120522820316
28405,65.89495441438314
28488,52.223687687019954
28489,43.13697815188584
28490,49.08276773079962
28491,68.55203923816025
28594,15.360057882890526
28595,34.218251283389804
28596,30.36398993628422
28597,28.60641038689348
28598,34.55467915387795
28599,37.93529618228649
28600,44.640366077857124
28601,42.701073979108195
28602,49.47129658017993
28603,42.96138135827526
28604,61.623829062186005
28605,65.87947520320374
28618,29.053810212237927
28619,28.910436758369485
28620,26.89198100729461
28621,35.329666759449374
28622,28.214717475940187
28623,17.40951523664548
28624,18.77796678846815
28625,19.95815937325753
28626,23.071580410969357
28627,27.017001825599596
28628,26.747774126513903
28629,31.632486153043374
28630,32.59809826787105
28631,32.221580333804525
28632,33.079902213651366
28633,44.86352345168514
28682,25.556834607807758
28683,20.348247653068636
28684,27.030572171344158
28685,27.888894051191
28686,27.19050541218191
28687,36.18257631744641
28688,23.318167235597258
28689,41.23402961263471
28690,42.43275939127179
28691,32.03468793716411
28692,41.17653353304197
28693,60.744309014483804
28711,17.966729762033992
28712,23.254281225558415
28713,22.770473056511044
28714,27.11873390813623
28737,23.20376182186974
28738,29.793213595538596
28739,23.66960714686898
28740,26.52930566968459
28741,14.472538226360886
28742,17.102151095025334
28743,20.349183870646467
28744,23.703506881248465
28745,46.42642775957877
28746,43.470391119225965
28747,36.94660989515303
28748,48.34661110651058
28749,38.49607280501709
28750,69.9703536515865
28751,50.79791686170633
28752,62.506487256197445
28753,53.05320618808045
28754,57.59900332762713
28755,74.46249811486432
28756,56.45400434794526
28761,29.767108645549172
28762,40.49469979395102
28763,36.18851316740612
28764,29.000871198072172
28765,31.42623721508292
28766,37.748932042387
28767,41.62330357371853
28768,51.99860565323495
28769,45.61325210004942
28770,43.275510620856174
28771,44.72389924726205
28772,48.412876369977646
28825,23.112043414369232
28826,26.225464452081077
28827,24.802365671134453
28828,32.434856974261564
28829,33.78775886498376
28834,18.482633308234952
28835,36.56304046425089
28836,38.54509753503761
28837,43.466057073556655
28838,59.19406411004919
28839,50.48202744059016
28840,61.57898155810341
28841,44.343759326046204
28842,43.64171250231304
28843,53.14385953603511
28844,20.82388230795653
28845,28.983952836302667
28846,22.84424734851313
28847,24.089121116890496
28848,35.51151911828882
28849,23.408607687563027
28850,25.17105618669809
28851,26.985918897702938
28852,34.86491097253592
28853,49.86751484364264
28854,39.145598951085034
28855,42.617827887689195
28901,33.60899827966219
28902,27.461120713023817
28903,28.93686249982734
28904,27.4327949868283
28905,30.750426742848376
28906,27.381502077375444
28907,31.629387846633385
28908,35.80234850116337
28909,46.28601365163004
28910,44.8415623109931
28911,36.45828200134076
28912,40.73063872065325
28913,29.14968952188715
28914,30.92098051070478
28915,30.93760980058827
28916,27.696684837793374
28917,22.039163421538085
28918,35.54501695004025
28919,35.699896730482074
28961,35.06310831342924
28962,42.940264297360315
28963,42.152520287571264
28964,36.52399427923205
28965,38.42797010171505
28966,26.221719134300585
28967,38.99807658342748
29047,28.336001587775485
29048,33.51626281631907
29049,29.00606450058904
29050,28.14573839747512
29051,35.285549581869596
29052,27.805205438603323
29053,24.54551073731446
29054,49.91747019314398
29055,37.489041522481436
29068,26.573824247168503
29069,28.881566410890397
29070,26.974659460896387
29071,27.10827119880568
29072,41.54983103169947
29073,42.75055708257722
29074,33.24874602842982
29075,30.965675779469322
29076,21.90296784637462
29077,31.612656291017046
29078,28.916285232567198
29079,39.95684761180737
29221,18.35857148974699
29222,24.451801827261377
29223,22.625863609319783
29224,20.423407457311654
29225,27.670508876686966
29226,24.931601549774584
29227,37.84277236674088
29228,31.483853452138213
29229,42.45754718979259
29230,37.877621323450676
29231,45.44503657288948
29232,41.02827568404079
29341,19.888511863027382
29342,21.256963414850038
29343,29.309743708215315
29344,22.1416067976253
29345,31.751097609846504
29346,25.307670841194025
29347,23.159861918309865
29348,28.047727635694987
29349,31.340155656699643
29350,33.83046386577298
29351,36.51062049458006
29352,30.451858554188988
29384,58.67115815452279
29385,40.17230672801894
29386,55.46536603159793
29387,66.04611750781272
29388,44.234796235370275
29389,48.08176111428901
29390,52.75577269244674
29391,53.73320075349039
29392,71.64301362196703
29393,49.12574390001167
29394,49.33161148675558
29395,77.75878528167414
29417,53.76597727718328
29418,64.8831722641011
29419,35.86473027549023
29420,37.09884831392935
29463,35.27316818730472
29464,37.47362011604575
29465,37.7118392415793
29466,29.01793272474542
29467,32.47120781476555
29468,48.97111567580207
29469,46.91744705801022
29470,36.458291721884024
29471,34.95103859923752
29472,36.8753636356752
29473,36.10009520193691
29474,37.35791890863118
29475,30.337813853359464
29476,32.538265782100495
29477,28.574307750657006
29478,22.076412655536153
29479,38.7704638768254
29480,43.17618358893155
29518,54.72623388102966
29519,40.37935249637751
29520,45.26132281722937
29521,64.03862607067828
29522,72.3007009004046
29523,45.09518118023384
29524,73.70742223583083
29525,49.433572643964325
29526,83.08292509589752
29527,85.2367769649969
29528,57.20104375688943
29529,59.689572373632224
29557,30.7204875628436
29558,34.651183365684304
29559,44.09307554318036
29560,37.76387540743605
29561,53.61457844010011
29574,31.028269962390965
29575,39.168517425878505
29576,44.24647667336147
29577,48.42381356868569
29619,52.415897518056
29620,38.100226849276076
29621,59.54250837775106
29622,43.55511428964012
29623,43.06910570097519
29624,36.180016646342125
29625,29.752268392852947
29626,46.45583571107482
29627,44.72292856552942
29628,70.84482384580265
29629,44.66384123331857
29630,48.51697174250322
29635,25.79209837328358
29636,31.48248927380299
29637,26.569451521077998
29638,27.042474658009517
29639,10.447807009557494
29640,35.38460859102821
29641,29.759349078787032
29642,43.29148430406083
29643,36.34459201057953
29644,54.6719993618023
29645,37.42090014670269
29646,41.48976741771469
29687,50.860051125513
29688,41.96059287287481
29689,39.34429283387563
29690,47.944943798038366
29691,46.772503976575365
29704,17.6719792200273
29705,25.878156064732245
29706,30.48013715452018
29707,36.528296555238796
29708,32.603703694339316
29709,36.698950075790556
29710,31.551910362171235
29711,35.20179674269996
29724,16.53381948145376
29725,20.371950661103142
29726,19.16343235011821
29727,23.645304939652707
29728,30.918727861956484
29729,37.36015040734187
29730,30.70751984653519
29731,33.49532339379537
29732,36.25145066945613
29733,41.36309262250744
29734,42.09972107619639
29735,49.50619856774449
29736,22.9876265545827
29737,30.34201820893888
29738,35.62956967246332
29739,26.71646327598412
29740,29.198406502801802
29741,31.24235079603808
29742,30.555164763621235
29743,27.161738731964256
29744,35.47786897980767
29745,35.26856672276858
29746,53.84993425974084
29747,48.11965361297905
29796,30.625800288014972
29797,34.99440455779723
29798,49.93718728477141
29799,43.26325041280896
29800,48.9488982305673
29801,55.27859141800293
29802,43.019904353129945
29803,49.946430112328486
29804,48.804800025183816
29805,64.74626373673736
29806,49.61912621792246
29807,74.76653203551449
29817,13.343972374880426
29818,13.880423549784691
29819,16.080875478525726
29820,19.86435942905113
29826,45.96029708077642
29827,34.86820593249621
29828,37.276333032459604
29829,44.94927195730937
29868,14.088627853683473
29869,14.9469497335303
29870,16.529981755314658
29871,18.515853214093994
29913,29.796003176587554
29914,21.688575654098308
29915,28.721096603511935
29916,27.834448997469558
29917,34.29909978507772
29918,29.188291976885907
29919,39.65314970414455
29920,34.4467611115427
29921,45.36857093070344
29922,44.61741287438508
29923,40.365983015699214
29924,38.53771014550856
29998,26.262417317980372
29999,25.614791193927605
30000,33.04423291521516
30001,29.31706080101178
30028,21.26815938306124
30029,25.83100070464814
30030,32.48700371999523
30031,25.156929345300405
30056,13.103070010342943
30057,15.920941846040677
30058,15.437133676993284
30059,21.878556222378663
30060,22.763199605153943
30061,20.105261010293958
30062,26.520362052750894
30063,35.431464225963
30064,21.686288808811216
30065,30.48089523984062
30066,37.30580647956432
30145,32.476058527149235
30146,31.29386171909276
30147,38.111655779541
30148,32.030239474156815
30149,27.622133803633673
30150,23.150214201256144
30151,44.9599950903562
30152,33.38941046425841
30153,70.32112796038051
30154,42.169345710151454
30240,30.196839565257434
30241,41.04117019139199
30242,35.2151633296962
30243,30.919545483927877
30244,21.78257164619947
30245,40.41132466876564
30246,33.218616933705775
30247,36.24049803665693
30248,36.75575237477693
30249,67.05049500367716
30250,45.41300767737771
30251,35.80977540323887
30252,27.00662230441779
30253,36.02501471261075
30254,35.38119980980061
30255,34.013512272866585
30256,38.748733837334704
30292,19.177002695862797
30293,20.035324575709623
30294,28.920105245993298
30295,29.187328721811888
30415,25.945487860841965
30416,30.1054897454339
30417,34.26549163002583
30418,30.161346393203168
30435,18.084153442599423
30436,24.82112518999893
30437,24.766477960874944
30438,30.72409233721295
30439,35.797063330775686
30440,33.151549013521695
30441,32.48097445440369
30442,32.716696781079335
30443,43.26284459427647
30444,39.168235550627735
30445,46.60243192928585
30446,32.60052995574688
30452,43.53563375459967
30453,69.53937111439329
30454,45.49748244264305
30455,48.042483908177054
30456,83.5116043846855
30457,51.33104256058755
30458,53.39093225435618
30476,13.889170568555027
30477,15.257622120377675
30478,17.672654519080425
30479,17.913556491970567
30480,24.543238004389224
30481,20.247620158620904
30482,24.998720447241073
30483,29.15872233183301
30484,30.017044211679845
30485,22.741617066108972
30486,27.19716815271503
30487,37.4240788718929
30500,31.657626929386097
30501,50.38429546719293
30502,51.87903770261308
30503,31.449607210826294
30504,30.895118294334658
30505,35.00545742453604
30506,32.57271740098553
30507,41.39726338362978
30508,38.416911702276174
30509,55.59683473805788
30510,49.134185770711184
30511,45.91735682007639
30517,18.240337628509472
30518,15.594154531144174
30519,23.111276304228245
30520,32.59970068405924
30590,23.16468720352077
30591,40.98889577321208
30592,15.188496591885869
30593,37.17351766597258
30594,30.65480237971292
30595,31.95502236358312
30596,38.55270547158246
30597,41.107028919411036
30608,35.34656559894004
30609,32.80669169802511
30610,33.2691471408216
30611,34.53362844577657
30612,35.218608900480675
30613,66.79836119904262
30614,46.12605799148457
30615,59.17637615573197
30616,50.758706647375796
30617,45.586752243852935
30618,45.077400715441485
30619,51.08818870201417
30655,26.275537563006665
30656,32.716960108392044
30657,22.56901389799949
30658,58.14452533746655
30769,19.60077228726377
30770,22.60690308999476
30771,23.894385909765
30772,21.181800085781042
30773,31.408710804958915
30774,35.35413221958915
30775,32.95841870310664
30776,36.59875053008457
30777,37.9345956108899
30778,40.44298552230773
30779,39.06061660110443
30858,16.560957823058935
30859,18.03669960986244
30860,19.29786092670423
30861,19.672374637503673
30862,22.490246473201402
30863,24.878957368975712
30864,28.82437878360594
30865,27.83044094258271
30866,30.755603013261293
30867,36.55328414876155
30868,34.93672336295607
30881,29.815500654100646
30882,34.700212680630116
30883,30.467355313515654
30884,30.013162751219063
30885,34.825244667007375
30886,56.80611686103813
30887,39.42945807340028
30888,47.211797064372284
30889,41.81081362745211
30890,44.66448219321312
30891,45.92286210622502
30892,71.54873449435048
30893,28.91671812073794
30894,32.24471962841148
30895,36.75458440317155
30896,32.17983377353532
30897,39.44301598392018
30898,50.19032006626932
30899,44.91899098104719
30900,42.67974126971676
30901,47.8070631394793
30902,44.407670118373886
30903,57.26775322371912
30904,68.6999627858689
30993,34.986815038355346
30994,31.01306789752958
30995,28.7184543355072
30996,28.05538123253589
30997,8.642297520713619
30998,38.77694329881122
30999,31.596334109825037
31000,49.32268471393059
31001,36.4885587025703
31002,44.94574080445032
31003,44.10990873231921
31004,48.522461882268935
31005,30.488182845102813
31006,39.815644634349525
31007,30.587370563931778
31008,32.43372434758015
31009,18.61639987027694
31010,17.138653860206343
31011,21.91607565175496
31012,27.096336880298537
31013,25.375968862680025
31014,28.220162201306188
31015,14.010296644918675
31016,27.650531376779533
31042,28.87316263438121
31043,33.31352440532808
31044,35.64733482143828
31045,34.61708575887603
31046,30.382062490744104
31047,51.25695042250103
31048,40.74575636896667
31049,44.766092133030824
31050,47.93823889504324
31051,62.13915216727895
31068,20.754395335290837
31069,28.80717562865612
31070,34.50875304885903
31071,15.51889164188654
31072,33.46239710699944
31073,38.215622040289034
31098,19.769654330627056
31099,22.93571837419577
31100,29.350819416652715
31101,26.90746129175443
31102,32.195012755278874
31103,31.186015167915116
31104,32.86597638204556
31113,35.38029005177448
31114,42.43913250411655
31115,46.599134388708485
31116,35.103743021709334
31117,22.265657027971535
31118,16.54694040125659
31119,25.56533280944955
31120,33.107983430839006
31181,16.17304292032066
31182,17.970655412066726
31183,24.27846621954282
31184,25.861498241327183
31185,24.652979930342255
31186,30.960790737818357
31215,21.824559419656993
31216,36.025407203977146
31217,34.171143351538774
31218,44.15921657713797
31219,49.621386697884326
31220,42.61124840049024
31419,28.91855162360995
31420,23.158245704622946
31421,27.006541843047472
31422,42.466340081170316
31443,35.45725229552937
31444,50.306975519583276
31445,31.469190454405506
31446,31.423224318552407
31447,29.593728154047575
31448,41.398072671200374
31449,50.63420641709651
31450,74.96115863746344
31451,52.652004777332515
31452,42.860806419896264
31453,46.577867672838096
31454,46.43594544788545
31483,49.02234656792803
31484,36.44295244188068
31485,46.576274985095374
31486,41.702177662970236
31487,42.79960736182718
31488,26.444664115377826
31489,36.34970412961313
31490,24.97314309839593
31491,41.669663286184594
31492,39.39488071885631
31493,52.99451112913633
31494,66.88120550681295
31495,48.996810739117024
31496,40.78337355752085
31497,55.58371528678603
31498,47.9749266092785
31499,34.67111841411982
31536,33.38939544050234
31537,37.88670675573225
31538,37.54658644934432
31539,61.250846849055534
31540,29.232622156058707
31541,65.41920356611494
31542,33.88931983468291
31543,54.54471594492955
31544,54.248410621892766
31545,63.31355692694895
31546,47.73312000716904
31547,64.58032367178949
31548,24.35051838737182
31549,25.003036287274142
31550,52.44092498906554
31551,33.751388446069264
31552,47.16124615976673
31565,29.12781317879741
31566,29.128193211840284
31567,36.14853345348571
31568,32.43375208452156
31569,38.20886061176975
31570,48.43550238175082
31599,24.4011606947876
31600,29.07129225135536
31601,36.3183936707307
31602,28.078604055286462
31603,34.96612196352089
31604,30.194026074870038
31605,35.57998311340661
31606,41.04164968891989
31607,41.019336154868924
31608,41.62933002682254
31609,40.177648751752734
31610,43.14643342392337
31627,27.663566255665188
31628,30.816059339842923
31629,30.502740869394515
31630,32.214011545199895
31631,37.14427379162909
31632,63.746438363075484
31633,66.00017288156177
31716,27.95011688024912
31717,33.65297371140902
31718,33.122500620263786
31719,15.708733637935943
31720,37.70209171494388
31733,17.115152244279734
31734,19.637474877963328
31735,26.2651521671149
31736,35.68638401230282
31786,19.15166601047484
31787,21.807600382067733
31788,23.79347184084707
31789,30.74502405820828
31832,48.03817554304908
31833,51.66172625273675
31834,49.3088266564398
31835,46.48010470517383
31836,67.48400633504386
31837,50.679109255919926
31838,80.50437161713158
31839,53.09251698875719
31840,53.82012887614556
31841,80.09989420258894
31888,31.344254426085335
31889,41.73898737538403
31890,39.507048317838404
31891,37.06438875762892
31892,37.35827338752858
31893,39.19189971164596
31894,47.04413471454954
31895,57.647191403314835
31993,58.62237919394666
31994,52.703690474962244
31995,62.27248617324345
31996,58.94807913186079
32014,27.40464037267517
32015,20.343793697066026
32016,27.26902441149879
32017,26.926565594798916
32018,27.391868004882102
32019,25.83919807086162
32020,30.00219441747376
32021,36.059513033088194
32022,29.572992677263244
32057,31.407528903431185
32058,23.917521287898623
32059,26.50607243908768
32060,24.59048752578478
32061,31.525650172292167
32062,32.1348097235947
32063,29.158404143527186
32064,25.682235515615027
32065,30.247106366713098
32066,42.102685106189384
32067,34.26888331219569
32068,33.53009272284106
32119,16.121215186551186
32120,16.979537066398
32121,19.716440170043306
32122,23.473602617640275
32123,26.961537366151546
32124,32.35637906465685
32125,35.79167080731125
32126,32.83818301043714
32127,26.474145255379256
32213,38.03202085108262
32214,25.307104777882486
32215,29.4767732931667
32216,28.965564022299226
32217,29.255550000795022
32218,46.359652261288886
32231,22.014450889101724
32232,43.70032020069365
32233,35.72242662357589
32234,37.30921015375925
32235,52.26065864398086
32236,27.671496435758794
32237,24.529876964240756
32238,26.055862367338506
32239,36.69836781204996
32240,25.67038585529056
32241,40.34930845768258
32242,38.1773480066789
32243,24.90728382455871
32244,39.04924702260729
32245,42.735045178114525
32246,50.95032654383778
32247,44.93977050960136
32353,22.477496490959528
32354,21.69813911989803
32355,26.957364857226935
32356,25.560587579208743
32383,18.472604128583757
32384,19.86737718333485
32385,20.94027953314338
32386,22.442342822875336
32449,18.35318092451921
32450,20.87550355820281
32451,20.713566094097995
32452,22.10833914884908
32453,20.685240367902445
32454,25.972791831426896
32455,35.07215297167227
32456,29.03156564001476
32457,27.74207859697742
32470,31.094035846287333
32471,33.99145482852187
32472,30.677508582599145
32473,34.50085375072241
32474,37.95862131706778
32475,53.27747398820478
32476,46.51452784976558
32477,54.687887424537934
32478,48.37587548243435
32479,54.9842168299384
32480,54.46928976913198
32527,41.69746410788441
32528,28.81862749151455
32529,32.47084907143538
32530,33.040074646349225
32608,16.92427478235252
32609,17.24614548729508
32610,23.794858267661322
32611,21.806982585614897
32627,11.875875368642323
32628,16.438716690229228
32629,29.28837173862736
32630,19.041215339534794
32713,27.000447530462754
32714,40.20716754944318
32715,20.360408913854386
32716,28.2916538459542
32717,31.588150691127552
32718,33.6284445646968
32719,39.39153703315292
32720,41.58177764918267
32721,40.02042856107525
32722,39.86993728908955
32723,43.933930604446076
32724,70.22722522777657
32725,28.555972622964973
32726,36.823333386291964
32727,30.48719685262033
32728,34.63612423319825
32729,42.05872775262972
32730,35.5255154679605
32731,31.84357952135663
32732,47.72227575288673
32733,77.12325466816868
32734,59.31218259981733
32735,64.22162047444395
32736,57.26424739426452
32741,21.777473782949656
32742,28.809994732363275
32743,26.98405651442168
32744,26.419279613321887
32745,37.8252430922445
32746,33.39928756002979
32855,30.94067859703108
32856,27.18151192616703
32857,31.34151381075896
32858,28.388026013884847
32859,31.9370007232433
32860,27.79235863521807
32871,4.068005494701378
32872,5.140907844509908
32873,6.616649631313413
32874,8.950713297963746
32875,17.32536429627158
32876,13.566197625407533
32877,22.450978295691197
32878,16.517681199014554
32879,22.959103744399933
32880,25.817112633470458
32881,24.510808706123967
32882,26.63722991433674
32901,21.896780349644406
32902,25.25110336024641
32903,22.109356596339033
32904,24.819938197055897
32905,25.072778796573825
32906,32.36262938705269
32907,20.601216925845502
32908,34.48810261633956
32909,57.48621155169029
32929,39.13463417895894
32930,44.529475877464236
32931,33.57601317148131
32932,34.94449618909117
32933,34.766145491307185
32934,35.48676218632049
32935,41.54503444583998
32936,59.391094487571785
32937,36.6660944349473
32938,46.23630335287151
32977,13.049608990867338
32978,14.954511717594265
32979,14.980833220522694
32980,17.288575384244588
32981,17.636767592115596
33029,40.19858890118393
33030,18.184027414982808
33031,37.65319982461807
33032,43.436259454973964
33033,37.21048488932412
33034,40.306454833756774
33035,40.920635061004106
33036,45.658064586917305
33037,48.677669691032264
33038,41.596744203852445
33039,44.71652991011885
33040,50.57142859730672
33107,46.47962296578474
33108,41.13532505731345
33109,45.37028291448242
33110,60.7007796161604
33111,45.3613508293306
33112,57.913902832334315
33113,47.2147853250456
33114,53.372139688746145
33115,41.61290541668541
33116,50.82320120398214
33117,52.0191934787514
33118,55.04922697599929
33119,27.36055339810758
33120,32.00083700811696
33121,25.495758932003177
33122,36.340700874860495
33123,33.505401603846295
33124,32.60542217315346
33125,52.095526521290076
33126,41.205494904770674
33127,37.96276480234354
33128,49.22484954774981
33129,39.33482317315199
33130,40.726773231833754
33135,32.69365831798398
33136,27.082104253458034
33137,29.395096961583146
33138,29.416145862976727
33139,31.805244369681724
33140,26.563985092255027
33141,47.709537233075736
33142,43.253661498789356
33143,42.316089759844886
33144,42.62444985415193
33157,35.78571723140165
33158,41.09874051570006
33159,34.0288835028106
33160,43.24957279142225
33161,45.48282215929238
33192,20.365574886687533
33193,21.94860690847189
33194,23.934478367251234
33195,28.094480251843162
33196,27.82525255275749
33197,26.750345979681853
33198,30.80305762929293
33199,40.72325495553993
33200,30.078939797542162
33201,33.376486842399565
33202,38.61598447854662
33203,41.81620961863528
33204,29.11691179792566
33205,23.740926603505706
33206,30.639363403228643
33207,24.397194048594184
33208,40.68711098967997
33209,33.2141897607375
33210,31.52052594269938
33211,38.043134642255865
33212,31.75104308649862
33213,42.66069236202678
33214,39.8489379825249
33215,33.229324089998784
33228,23.973184006275893
33229,27.30118551394944
33230,26.199957437945375
33231,29.017829273643095
33232,26.17163171174984
33233,26.627114154601706
33254,26.082206843517945
33255,25.329170975384873
33256,30.697514077506497
33257,33.52575824767661
33258,15.86711145559342
33259,17.691045450267932
33260,18.978528270038172
33261,20.695172029731825
33262,22.450727520326005
33263,23.523629870134535
33264,22.74427249907303
33265,27.628984525602498
33266,23.333366679834175
33267,21.319169494859306
33268,28.539949411306203
33269,24.754461237513716
33270,30.287933480219657
33271,32.18448873442705
33272,30.942625735990717
33273,35.32035456439718
33274,21.94722165659964
33275,19.611153766682218
33276,33.864454632542724
33277,29.16599734977945
33278,30.583551106276516
33279,30.705687860797177
33280,26.527673959160154
33281,36.64084038028983
33336,37.87629157417697
33337,30.62718593153454
33338,29.88512116811455
33339,39.17516701164434
33483,17.934600114590822
33484,21.048021152302653
33485,20.67150321823612
33486,22.87195514697717
33487,25.716148485603334
33488,26.97730980244512
33489,36.586800614666316
33490,30.546213283008825
33491,34.473696717219276
33492,43.35847738750294
33493,27.587667930813435
33494,56.041072576307265
33495,28.813160981719438
33496,32.81179517718074
33497,44.81281175813818
33498,42.08466042595605
33499,58.262472952967514
33512,36.61394326439213
33513,18.776760932756805
33514,30.662306818307044
33515,29.406043894633868
33516,50.481803560718
33517,45.33084769626294
33518,41.06188683039757
33519,41.254607211419724
33520,48.4136781540321
33521,55.13625605374274
33522,64.64459635317017
33523,51.330211747358945
33528,30.405780652862816
33529,33.64712488110436
33530,40.28397259881262
33531,38.87293954151402
33639,15.433946768903809
33640,19.08381898151992
33641,18.304461610458414
33642,25.873433734776306
33659,37.34156954990088
33660,33.15175447789864
33661,41.55628188743491
33662,42.281109170758654
33716,30.298122221852324
33717,41.24974308296775
33718,32.44233734616647
33719,32.12981361752014
33720,41.22113231628513
33721,32.35069191733568
33722,57.07726424606805
33723,50.1663738029695
33724,40.39967918014955
33725,62.89748313070653
33726,44.627994214908526
33727,63.424587420000975
33958,22.384144797752906
33959,21.819367896653105
33960,27.61704903215337
33961,28.663629879033465
33962,20.367943389510955
33984,16.757147753480464
33985,23.81599020582253
33986,23.54676250673685
33987,26.874764014410403
34035,15.834245024443636
34036,16.799857139271314
34037,18.194630194022412
34038,18.838371603907536
34039,22.273663346561932
34040,24.876954712297945
34041,28.741407394875765
34042,28.043018755866676
34043,27.77379105678098
34044,30.806243362440412
34045,37.24766590782579
34046,45.836897376095344
34047,48.261751457262335
34048,38.71830983871041
34049,65.69974598194409
34050,66.91905593309725
34051,71.7510925452383
34052,43.40317768995486
34053,45.145450454720184
34054,47.243280269433335
34055,49.737096477862934
34056,79.58351919833895
34057,84.16185962862458
34058,88.59936484089594
34063,35.570348716788295
34064,31.660440653360396
34065,39.72672212810617
34066,39.18909636074214
34067,40.937624846882564
34084,21.894777301319323
34085,20.28341955333943
34086,26.93942256868651
34087,28.012324918495054
34088,32.897036945024524
34089,29.326129241193744
34090,32.18422250025948
34091,26.90728784223942
34092,42.73683838336939
34093,33.68097290135248
34094,42.8279488943152
34095,51.27126749449259
34108,32.6190657519945
34109,35.03409815069724
34110,31.73423235117931
34111,37.37321536842995
34112,43.77661063803091
34176,25.42158880089767
34177,23.70294081793692
34178,19.83648391209201
34179,33.91373179504017
34180,27.79924296583841
34181,33.376011065011724
34182,35.64360136907486
34183,32.519503542885886
34184,35.62405266080384
34282,24.75691567001722
34283,18.20619866638389
34284,26.17801022769676
34285,29.02220356632291
34334,17.61436308700171
34335,28.59230545104556
34336,32.45675813362337
34337,31.999271467504435
34427,43.550173254696205
34428,48.75436665926999
34429,39.20368774893184
34430,53.0727521454516
34431,46.583828496841576
34432,39.76519824462004
34433,45.335707838042055
34434,25.399840241225608
34435,34.400578677346836
34436,33.99772264211414
34437,36.35475108229615
34486,34.87232827380885
34487,41.39471955124665
34488,48.21266003069857
34489,40.53439344813273
34490,35.63719027439282
34491,47.905344889458206
34492,44.98927012264025
34493,39.56003920236112
34494,41.213993322354106
34495,42.2351424923624
34496,49.34496890324791
34497,46.65181151761413
34538,15.002613235202222
34539,16.504676524934165
34540,18.435900754589536
34541,23.427903016099847
34594,38.37428514389045
34595,32.22860169393199
34596,49.4410739407922
34597,38.89079817811719
34598,17.457907636844297
34599,13.162289791075981
34600,18.127970549657853
34601,23.334553281129885
34602,24.19287516097672
34603,28.4601672805495
34604,30.04319930233386
34605,25.559322489532274
34606,27.395814036700486
34607,29.37200217485107
34608,37.99108506034737
34609,45.450012381229506
34610,31.53778340450328
34611,32.90623495632593
34612,32.03122146194701
34613,35.472828999635674
34614,37.919401699433514
34615,35.235615816859024
34616,35.23897263795456
34617,23.626175266521926
34618,29.87933884487404
34619,34.361211434408546
34620,33.17901462635206
34621,36.9367218476668
34660,22.148063801953022
34661,22.925416949747444
34662,19.273540513864237
34663,24.56109197738867
34664,36.53312351321029
34665,37.09862128757783
34690,17.05114137487459
34691,21.74759443437079
34692,23.948046363111814
34693,24.591787772996952
34694,26.684949466757136
34695,27.56959284953239
34696,31.031206095115238
34697,37.25804817053892
34698,39.42041824659422
34699,38.51321146109892
34753,14.268708215141935
34754,15.851740236926297
34755,27.957232179902654
34756,34.5869136923213
34757,20.305287100265257
34758,28.346806054328503
34759,46.46116441097544
34760,34.18775764734097
34761,53.87375645651735
34762,37.4107841587651
34763,43.67757314171096
34764,38.966200421751196
34806,22.844448217695017
34807,28.37290165410962
34808,34.19690429253831
34809,30.061117678563072
34810,35.72256717942092
34864,20.545701889871992
34865,22.273095897609394
34866,31.500841576432748
34867,31.564216311119104
34874,28.69040159119833
34875,30.29975511591112
34876,30.058871280282347
34877,45.817213628126616
34906,31.95235968437082
34907,25.508932915718347
34908,29.086684375762232
34909,31.80356202210436
34910,35.24034480168541
34911,38.325821940299775
34912,27.188156615452804
34913,36.24006093703899
34938,39.514338629467616
34939,32.119890077104756
34940,32.5289925466471
34941,44.80578471632714
34942,32.93542581109115
34949,23.889028366134013
34950,22.170380383173267
34951,27.47233852523867
34952,27.782924745805023
34953,27.113842418001134
34998,43.47058977451604
34999,33.168114933756286
35000,36.67346786142232
35001,31.59939193080784
35002,51.040060827499026
35078,40.77950643460694
35079,27.57078219235942
35080,28.83087646708689
35081,37.20179502575415
35111,20.01255896019495
35112,21.08546131000348
35113,25.781914369499685
35114,35.46883060955328
35115,20.433904073273
35116,19.504172076041524
35117,38.64637257338068
35118,33.389381422220985
35119,41.64585994576359
35120,33.00833236779245
35121,36.59774214406745
35122,45.11781421252546
35177,27.68451142087803
35178,38.222926609172966
35179,32.890492245194004
35180,32.28934414449864
35181,50.964494437828066
35207,30.160136191263206
35208,29.058908115259136
35209,34.318947916209005
35210,24.363024787067665
35211,26.96286747247435
35212,33.592786441359586
35213,35.43215807492568
35214,40.85396611514473
35215,37.5752788852925
35216,46.662782374784314
35217,42.040251021093404
35218,52.10543172883813
35277,31.569419611685802
35278,36.66584885590726
35279,41.14760929378737
35280,55.641651328311774
35281,45.547122360757996
35282,41.24939424608017
35283,46.71113961158226
35284,59.8103334957296
35285,70.66553247772511
35286,46.998585525506094
35287,34.42619638142996
35288,35.46382299432782
35289,38.69426319044537
35389,37.06202856886513
35390,39.772610169581995
35391,24.438703129534428
35392,39.28632836305661
35393,40.41190027275836
35394,25.181823862006183
35395,38.06267922157305
35396,39.521338718110016
35397,43.739065830332905
35398,45.712286952831896
35399,45.97022234246826
35400,45.167145196034035
35401,31.223993849226254
35402,30.839685225992234
35403,41.0500215173227
35404,32.96839869399533
35405,50.28582790117648
35406,48.90939266473852
35407,42.64377878115546
35408,60.859222139594564
35409,50.60654478090126
35410,42.29039511954019
35411,48.04217246098344
35412,55.13482969386118
35438,23.44192357108085
35439,34.47451316424866
35440,54.53954327238989
35441,31.261461948491018
35442,41.2922003789206
35443,34.39953161861088
35444,44.89018169376972
35445,47.334034349483055
35446,41.100262236774064
35447,70.45312215887965
35448,67.62162177885318
35545,70.00464720189096
35546,60.66716532064678
35547,48.537366242966506
35548,58.83860230171265
35549,72.29979469628984
35550,57.12492148763814
35551,68.12290880588442
35552,54.10976424502904
35553,73.31647646114483
35554,81.59501622289926
35555,57.30637435165538
35556,62.487261237927626
35557,27.15180251468857
35558,53.129688708937884
35559,34.28851800049138
35560,36.312694630667046
35614,34.531700791533126
35615,49.50971179933118
35616,32.1276655476411
35617,44.16356951761575
35618,40.25541145936095
35619,35.46418387023887
35620,32.728598071475645
35621,24.816921226066846
35622,20.84317408524109
35623,33.32518396228397
35624,33.16324649817915
35625,29.699629029329223
35626,28.163748797145324
35627,31.94911220118901
35628,33.11177893488809
35629,37.65730325788317
35630,16.215575137109717
35631,36.54657313835557
35632,36.660031290725556
35676,40.39839785132664
35677,39.571217350656354
35678,47.94133679321931
35679,42.37032739247353
35680,56.67952685367879
35681,65.9503846498006
35682,51.618829797974676
35683,48.52007608886415
35684,73.894970478834
35685,54.22438839921228
35686,69.78020414947757
35687,55.731139861244316
35706,28.542403452162382
35707,29.400725332009216
35708,34.5809865605528
35709,13.436950589926717
35710,20.05326803919204
35711,23.166689076903882
35712,25.880312624176753
35713,30.843707045981787
35714,26.701178083705337
35715,16.644782549493474
35716,35.824772269544944
35717,46.850594525936934
35718,25.331872658427592
35719,33.491943186773725
35720,28.22837638474662
35721,30.60621641396868
35727,22.648349735993115
35728,31.666742144186074
35729,10.510265652647522
35730,27.8339000035484
35731,34.769282035387306
35732,38.8395264227204
35733,34.483677284066694
35734,37.78972316310185
35735,48.61603862702138
35736,43.23629708785376
35737,39.36679742655825
35738,38.69341742225239
35745,23.004552962222498
35746,21.393195214242603
35747,22.97622723602696
35748,21.364869488047077
35749,22.437771837855607
35824,24.701451993863856
35825,25.559773873710682
35826,19.223637340039062
35827,21.934218940755926
35902,17.754887949161994
35903,25.455467588122087
35904,28.890759330776483
35905,37.93547324189789
35922,28.921538314533528
35923,30.39728010133703
35924,17.639219054230843
35925,36.52112545768018
35926,29.424809748116623
35927,38.19825681900098
35928,37.27168213673024
35929,34.59209558788498
35930,40.31729050962391
35931,38.517518697492086
35932,40.99959444805743
35933,40.48380662080257
35974,25.251351785727607
35975,29.089482965376966
35976,31.28993489411802
35977,28.980188507129025
35978,42.992587400099396
35979,27.277160705994103
35980,40.05333013604438
35981,33.94022736451119
35982,56.77058248069167
35983,39.158804334540584
35984,40.60433055862455
35985,42.72856470444077
35986,18.284594761973683
35987,30.01356877088351
35988,18.31373460235382
35989,35.268836122195744
35990,39.47191668669268
36068,24.686775885088366
36069,29.13663598368548
36070,39.45854956913039
36071,35.01094285286708
36120,35.01904441678348
36121,32.20912012069678
36122,42.3779703092668
36123,35.12423555753159
36124,67.22156915908032
36137,29.670766736592967
36138,38.04541773490079
36139,30.045280447392408
36140,33.42976368596912
36141,36.39722231232298
36142,33.414860918916986
36143,37.13503381503076
36144,35.90818576641648
36145,47.021443375056805
36146,43.89481758676152
36147,39.03074360062507
36148,62.119634148512915
36192,33.98286498072232
36193,40.02672627214397
36194,42.5036188023425
36195,37.9662093400126
36196,53.201492122558506
36197,64.04737721967723
36198,43.281957134532064
36199,60.58010639889929
36200,54.96390212709764
36201,56.51225045837837
36202,81.4293803544421
36220,32.35245811439209
36221,26.92143291763044
36222,19.962122103876133
36223,35.47604953886929
36224,30.95294089979572
36225,26.78661772197846
36226,43.5073844005511
36227,35.85127295370131
36228,47.011623357502486
36229,45.31336836592545
36230,47.271852890797305
36231,42.993053045792415
36245,41.92937298640702
36246,38.08923758349055
36247,37.819059582814326
36248,38.51796638327265
36249,30.90445523921131
36250,53.93511048800734
36251,36.68813924163047
36252,36.86056429841183
36253,36.32668542095199
36254,38.68896323574069
36255,35.01076529692904
36256,29.27431419908629
36257,29.63970559441742
36258,32.53682682689373
36259,32.94522951729838
36260,29.73291535107748
36261,29.2081004152113
36262,35.00033868881282
36263,38.40221647847298
36264,39.223185493621614
36289,13.635515871891688
36290,14.064676811815094
36291,15.674030336527895
36292,17.686223298235667
36293,19.16196508503917
36294,21.362417013780217
36295,27.374678619242193
36296,23.40093147841643
36297,28.07106303498419
36298,28.929384914831015
36318,29.654011440995575
36319,31.747173134755762
36320,25.07756654057666
36321,35.18321250627153
36322,35.38229192515759
36323,28.076034253076443
36324,48.37423202789369
36325,37.58814227493467
36326,48.364885142283875
36327,40.675906852344326
36328,42.518059774012634
36329,45.11183960617505
36330,59.0825668112905
36331,45.722011935043554
36332,52.43704122882434
36333,60.00217898585152
36343,24.77065360297822
36344,7.857230105779497
36345,27.061335489434
36346,28.660980186200298
36347,32.71988773497459
36348,15.06707731517725
36349,11.743232659125278
36350,44.03310109761378
36351,45.39264257924941
36352,38.62912467977754
36353,35.995951018366235
36354,40.350879290801814
36367,18.481801748237835
36368,33.83633069010242
36369,28.923292937377422
36370,26.18438561046502
36371,31.47193707398946
36372,32.876201396665834
36373,25.68909896863125
36374,41.81176524317131
36375,35.27480540838452
36441,25.37969468719422
36442,32.768493639790556
36443,44.80384549846099
36444,31.90380909616134
36445,42.39403606835652
36446,37.06310880174439
36447,37.6619250502024
36448,43.231077731276464
36449,64.02320688269135
36450,80.54947872317668
36451,52.98643854065445
36452,44.004048374627104
36453,21.338748593931847
36454,24.60893898407425
36455,35.52063952029418
36456,33.950286760346124
36457,29.976404604652515
36458,47.31788798293266
36459,40.09517389655048
36460,48.73096401181637
36461,43.04906132237028
36462,56.60744303553709
36463,51.941553223108635
36464,47.443957787572145
36523,14.65041532232836
36524,17.49460866095452
36525,19.883319556728825
36526,31.209454128643685
36601,26.9836902766287
36602,34.633631132999
36603,20.592906513833107
36604,40.3766650393753
36605,38.54987611548262
36606,32.46705701833946
36607,41.815862797789364
36608,32.51729516270805
36609,39.2252223147998
36610,37.37029671202677
36611,37.09873407678146
36612,37.859149146103405
36618,38.888171703740596
36619,28.320199911005922
36620,33.54667467239959
36621,45.29663568994404
36637,38.539977929280276
36638,35.908360837348724
36639,50.13534020028081
36640,41.42107749170889
36641,34.3947681998979
36642,64.81717754416592
36643,37.20808110601476
36644,55.747213662807546
36645,49.70901991867269
36646,70.8274951745623
36647,37.846687050648335
36648,41.818429968207006
36649,41.44191203414047
36650,46.00475335572736
36651,47.37320490755003
36652,50.70120641522357
36653,54.02920792289713
36658,41.74808296832488
36659,40.90911130958014
36660,42.317518764107284
36661,52.40659559318845
36662,46.26267862311983
36680,35.993473970772726
36681,34.14211321340066
36682,35.038385432342956
36683,43.87481101057422
36714,26.40734607810942
36715,24.12392119404887
36716,35.71928346504941
36717,31.707860333322316
36734,42.37091688748466
36735,39.013085520023274
36736,43.14940033936995
36737,60.36229678503944
36738,71.61810455527745
36739,66.76957080098644
36740,44.9078805265811
36741,56.08385942071506
36742,47.25802901539713
36743,44.59348242633734
36744,74.32493744269082
36808,30.690380745557626
36809,29.300753985479904
36810,14.762933104917341
36811,31.770898359959247
36852,26.856253312674458
36853,26.395253238796155
36854,7.835564523488186
36855,39.24107153954711
36856,30.13431945137816
36878,18.00437131184271
36879,15.99017412686785
36880,18.700755727584706
36881,27.58553639786837
36882,25.16849977589854
36883,35.50270073005726
36884,38.346894068683426
36885,37.24566599267936
36886,37.550512396275224
36887,30.7081549251332
36888,31.0164237756579
36889,30.272723971279007
36890,35.940098095731045
36891,63.38325932085135
36892,42.71362824154382
36893,39.831436027034904
36894,43.99528665082714
36951,32.927536439940226
36952,25.316702396438593
36953,28.01008459539412
36954,39.34890020894456
36955,29.667122719931058
36956,57.417310018546544
36957,37.33018475453037
36958,33.91044279456656
36959,38.871985226065554
36960,36.031705460983275
36961,44.6926441875147
36962,43.32318266130472
36975,26.69267717917093
36976,44.191865441484445
36977,47.90931479734235
36978,61.820958832212355
37010,13.961592107355663
37011,16.779463943053386
37012,17.637785822900206
37013,16.53655774689615
37014,21.850430713349027
37015,27.326241143906735
37016,27.245272411854316
37017,25.231075226879454
37018,39.00728290293499
37019,34.64994011526101
37020,23.198769060011333
37021,37.382428338182415
37022,38.92791173989022
37023,55.872359067875976
37024,32.00711327412706
37025,38.58087462369186
37026,40.71681159261105
37027,49.82975274794295
37028,40.77577199433324
37029,48.681198217588474
37030,47.26872694664519
37031,43.56146156711487
37032,59.6914839158984
37033,69.14080428975406
37034,32.417855018964154
37035,27.101977829244184
37036,34.24178901363866
37037,25.328682617159462
37038,28.781753118298234
37039,33.21225243948523
37040,28.776604816828026
37041,29.613103711421928
37042,18.12302745213516
37043,25.074579669496384
37044,25.95922305227164
37045,36.34316898331052
37046,31.208474180694843
37047,30.40010090816022
37048,30.43233351101823
37049,35.27848701955598
37050,52.45144683577588
37051,41.08679909756953
37052,35.858377119840725
37053,36.969498414103214
37054,35.46543090110418
37055,37.91793640352225
37056,45.185941130409205
37057,53.2874692269013
37058,47.757011567219614
37059,44.7640561020386
37060,42.36745458087413
37061,68.65363577422464
37074,30.78274683792911
37075,41.92262666607778
37076,29.92242073481519
37077,32.122872663556244
37078,29.62802828167056
37079,29.787471903444107
37080,31.844399139260915
37153,25.50137132330172
37154,30.467052081883594
37155,29.580404475841235
37156,35.24552782671458
37157,33.58670663033272
37158,32.68031295792811
37159,36.97916906495992
37160,43.50603183295547
37161,42.03599990967936
37249,24.459901552808063
37250,30.98229283024586
37251,28.350675738314315
37252,27.69233435518302
37253,32.829815473379476
37254,40.239175934633344
37255,33.61097197086697
37256,32.91243008701757
37257,61.81375182843718
37258,37.86510773725428
37259,37.01187375642962
37260,46.49683402511297
37261,15.8074748788681
37262,24.07483564219509
37263,24.663929822956238
37264,26.971671986678125
37265,21.655794796958162
37266,26.0303771515118
37267,23.46613546375697
37268,33.81469390484069
37269,32.796029503387146
37270,39.57995928845883
37271,39.85815635520027
37272,39.80853489979305
37308,32.907790928593265
37309,39.9403118780069
37310,44.18128249465124
37311,29.398398119509544
37398,32.44695268167058
37399,34.47455717863531
37400,40.499238422609025
37401,45.61623074738659
37430,21.995244294179486
37431,28.30305510165558
37432,27.738278200555783
37433,29.353434324670488
37434,29.72003292363533
37435,34.94220644209789
37436,35.78936718456857
37437,30.823225786920787
37438,27.29668132785825
37439,42.64592779074339
37440,45.215125691024184
37489,29.800746056944355
37490,57.27254322596669
37491,44.79548372899637
37492,46.36015506987082
37493,33.46927727134031
37494,37.22251883320878
37495,38.90428157419893
37555,28.81399847912948
37556,28.84031998205792
37557,26.637863830049795
37558,35.415354265352605
37559,24.542697913022515
37560,38.36683783895962
37561,38.524037905770285
37562,37.217161291450196
37563,33.81702829580176
37564,46.6334506992932
37577,28.875719096610872
37578,25.50000971753269
37579,33.63722057176804
37580,33.38489261059971
37581,38.11803686388275
37653,21.886398086931294
37654,34.15382749401248
37655,33.430159854619546
37656,31.218290211774175
37657,30.44122759325215
37658,32.96122131593161
37659,45.260715428281706
37660,54.54281134826649
37699,35.81535914712707
37700,38.60607994078778
37701,35.49867178414146
37702,35.70282564801158
37703,62.08348179591279
37704,42.017719506189835
37705,46.25545095936419
37706,56.56011664607965
37707,48.73863173766772
37708,42.72358068809035
37709,48.71917799206114
37710,61.26031866104728
37756,41.27688338280957
37757,47.181854753290686
37758,39.396297935744
37759,55.771621290926696
37760,39.200686754510556
37761,54.276900662525144
37762,48.60113498212828
37767,28.50970460822903
37768,33.689965836772615
37769,37.281608131147124
37770,41.121208290591525
37771,35.104877639404904
37772,48.61620651251487
37773,64.74265291511111
37774,45.52763841271989
37775,47.05613621994402
37776,50.29431179082695
37777,54.211805670576865
37778,79.69108544820564
37816,24.488303417500397
37817,29.909466618934132
37818,37.37114850827116
37819,15.654702882894156
37862,26.37963971495605
37863,28.069961971721266
37864,20.579954356188686
37865,25.867505819713124
37960,30.649135100019826
37961,32.849587028760865
37962,25.171320446195026
37963,32.09696589927839
37964,33.17393692076179
37965,26.233615662934465
37966,31.71421991235617
37967,34.20363832526423
37968,48.3644451214951
37969,47.31182620788323
37970,44.92384994934814
37971,40.264024789746216
37994,33.24854184264288
37995,31.802408755289598
37996,39.34801162078281
37997,48.50653544686088
37998,57.6842373660837
38021,36.22303736260964
38022,41.296008356172365
38023,34.74529135253904
38024,33.60736464897339
38025,36.32995580339186
38026,45.67536501304102
38027,37.4336912350395
38028,46.07248729881468
38029,53.96453589013607
38030,56.31179670431442
38109,32.24545797870742
38110,25.50648200804082
38111,34.17668220836278
38112,28.94199116114593
38170,24.48184455491288
38171,24.80041699250812
38172,29.2557837386953
38173,26.35118619493884
38174,42.22506467064206
38175,37.19912889605389
38176,41.99229840500375
38177,26.112464297395142
38178,40.3904470366912
38179,42.73391306280753
38180,42.42468794507546
38181,45.173465185413846
38197,30.875819825589076
38198,32.458851847373424
38199,34.55201354113361
38200,45.86019434877819
38201,45.620043974698824
38202,42.760420880056536
38203,34.72441175633233
38204,51.52836098207198
38205,64.77281754992023
38206,37.95862799593594
38207,40.09313243752275
38208,40.64410835019615
38209,48.44102104415637
38210,45.54702796037866
38211,48.99064906818259
38212,49.1612724147067
38213,71.78268302422671
38214,53.42687219879187
38215,47.02647006683035
38216,49.72321476889085
38217,46.70874741622137
38218,49.298571646743326
38239,15.145790788795239
38240,20.540632487300524
38241,36.45862696893549
38242,23.619188685267794
38243,24.364301788643523
38244,28.238707509343406
38295,16.618342925977952
38296,38.49526314528033
38297,15.043457889074908
38298,24.358349338202736
38299,31.449586310005337
38300,35.203967361485006
38301,43.068488687817016
38302,21.316194530193123
38303,31.117144347247404
38304,38.92264505499614
38305,31.193369683284047
38306,30.698077182987547
38307,56.99990380606757
38308,66.73073023624386
38309,46.020709790272555
38310,44.35405290740369
38311,59.730109663806566
38312,24.255333191293182
38313,28.30804484090426
38314,21.97190830723263
38315,28.897139021665403
38316,32.520689731353066
38317,28.84249179254143
38318,30.074317226415175
38319,28.512173396505663
38320,22.14396224196213
38321,33.17918618111437
38322,30.586961096044746
38323,40.79634311652132
38324,31.172833551150887
38325,32.43399486799271
38326,34.92387134247898
38327,31.12098328029927
38328,34.39580459466673
38329,41.67976429642206
38330,41.42649532400266
38435,36.02264542649267
38436,13.768819978387103
38437,26.324380003322766
38438,27.961694895240385
38439,31.357953184990848
38440,34.5163180180434
38441,33.22495459863643
38442,35.76751106546812
38443,36.79261182656015
38444,39.0452576806453
38445,46.49479202778587
38446,38.11151171813353
38447,36.29763227848311
38448,34.39072532848911
38449,31.151553063054486
38450,31.118229348401584
38451,32.54852313805059
38615,23.31186850388
38616,40.33039819958135
38617,37.47901290951155
38618,31.45675128649429
38619,26.674323754416267
38620,42.20133129851317
38621,41.662310696253996
38622,35.74100349172758
38623,40.869812356956395
38624,58.25873105372108
38625,47.54064860452541
38626,54.4024436549989
38627,24.913661219470832
38628,19.877922698083037
38629,29.354561777685618
38630,33.00538382922248
38631,26.124798416997024
38632,20.084211085339504
38633,38.95500050191092
38634,35.77076365038384
38786,37.492380026557555
38787,40.36219284930163
38788,45.31110230318995
38789,78.86941006882596
38790,51.40135536630368
38853,30.78393226428281
38854,44.38204540553664
38855,30.36523272674514
38856,38.30664474499475
38857,45.452519424967534
38858,37.477253498503146
38859,59.22564074754857
38860,47.906399239199644
38861,44.0708170246191
38862,59.41100581673961
38863,47.42631471836729
38864,52.42590997709968
38869,29.569869245255006
38870,36.01765021639411
38871,55.30906331281004
38872,42.84744513423077
38916,35.1854547015124
38917,22.95707761513709
38918,28.81200543674052
38919,26.42331700359854
38920,31.2453972969939
38921,41.74376897754595
38922,30.91724235349072
38923,42.167221374222486
38924,31.293830994150852
38925,43.05005692156226
38926,37.5228071169676
38927,32.923117119730506
38936,43.59125013807561
38937,35.6799083742289
38938,38.5003001807413
38939,44.95900847079284
38969,30.899600538709706
38970,26.09385302096556
38971,26.737594430850685
38972,29.272622280371902
38973,29.291442508922174
38974,27.035174095901194
38975,33.376416335203956
38976,30.993182054238773
38977,38.06951650904092
38990,16.61078250850332
38991,20.60884692899043
38992,25.38626872053904
38993,26.56646130532842
38994,35.07472404154556
39004,44.76997247575061
39005,36.695544554477486
39006,39.936417967801184
39007,47.74800538334104
39008,57.77373495725382
39009,51.82997374259885
39010,70.28170059832945
39011,62.543892632319555
39012,57.051004972348274
39013,67.46927087332101
39014,45.29175149076689
39015,66.98398686670994
39040,22.38851909043273
39041,27.05865064700049
39042,37.17827113119752
39043,29.139060215979303
39089,34.79638308589656
39090,35.922818146028476
39091,44.8435426625763
39092,52.42314096085854
39222,23.8158680853901
39223,34.3383280065821
39224,36.159290226348
39225,34.75857691270082
39226,44.45510665578692
39227,34.75875416991302
39228,58.416892602698326
39229,36.392863390541
39230,41.166207567507726
39231,54.102375844088826
39232,44.445975278273664
39233,54.61408397286415
39252,24.30115373832403
39253,40.70226352706871
39254,40.72858502999715
39255,23.278890171105285
39256,41.720518647753266
39257,38.54229186058444
39281,18.912765910967796
39282,29.05870789809325
39283,28.198381794979333
39284,33.80780396344634
39285,34.692447346221606
39313,22.50856204918678
39314,21.32636524113029
39315,20.68061960797808
39316,29.46797221068976
39338,35.3903021602213
39339,34.691913521212214
39340,19.49731782018535
39341,33.27256412027761
39342,30.70805269354073
39343,39.87522772234506
39344,38.72935110963833
39345,33.236397009007284
39346,45.23485609532324
39347,49.58765053988101
39348,57.64118570666332
39349,72.07071963864425
39408,25.75347161428705
39409,26.728820015215017
39410,24.852974260646036
39411,26.865282886875136
39412,34.60436885454585
39413,33.265854660340985
39414,41.829354493211355
39415,53.72880754281394
39416,49.03831704593932
39417,62.80907484751111
39418,42.760695894594086
39423,26.51627077373839
39424,30.971821860344434
39425,30.89165906586063
39426,31.6981251404901
39427,26.75816372828314
39428,39.9577988058971
39429,42.075877035837685
39430,32.262523779908676
39431,32.89274718850911
39436,30.439914131925754
39437,25.526876379200754
39438,29.25771732386928
39439,35.68028663488122
39440,40.17417393447245
39441,35.03670468814994
39442,37.115043863479066
39443,60.59732548476243
39444,36.33556273848365
39445,45.51927151747262
39474,16.521235519838996
39475,23.258207267238493
39476,33.61872972432567
39477,35.400177332773005
39478,20.84599436389024
39479,25.194255215515433
39480,26.884577472280654
39481,31.086513177379615
39482,31.98886029603605
39483,26.74210135963812
39484,38.28991004542989
39485,23.164331807790276
39486,41.43048607392804
39487,46.70938433425696
39488,42.496765910574965
39489,45.05537957915172
39522,43.57723271627326
39523,39.48919532013634
39524,34.79737410564651
39525,42.81800379253514
39537,21.052396228277143
39538,20.890458764172323
39539,32.428615019654515
39540,23.02459891341676
39541,39.27788904599075
39542,33.176711228648074
39543,35.7580087514953
39544,44.858360931671896
39557,28.12242772116656
39558,24.798284745212726
39559,29.014444491758127
39560,27.17725533990412
39561,40.15450697229457
39562,30.839297742600586
39563,34.426547822949956
39564,42.858166225835866
39565,40.229139857905345
39598,4.835684064047538
39599,14.663195967107985
39600,17.040370537433606
39601,29.57401108570457
39634,23.3238836606519
39635,23.77936610350375
39636,24.127558311374763
39637,24.878589956240724
39638,31.079110528735967
39639,29.253172310794355
39640,24.85026423004519
39641,44.10274518738509
39642,42.94989375234674
39643,25.86900386637851
39644,52.562234295631406
39645,42.714399965639004
39708,46.20929727590989
39709,35.89082656961189
39710,41.210797828949566
39711,64.90684848981978
39724,38.31726745370641
39725,25.909107001053517
39726,44.11008513255055
39727,42.60764330957172
39728,36.889875277437284
39729,36.29875739909633
39730,59.11719159859523
39731,50.81642671117643
39732,48.6403396912768
39773,40.845519177395175
39774,32.84538188988678
39775,20.35147798958901
39776,26.549624188837747
39777,35.286408672443486
39778,36.86257743279836
39779,29.36283692330862
39780,18.087341133983557
39781,20.63598527059559
39782,28.58147532898002
39783,27.592205782003052
39784,29.03241414661656
39785,35.60524680638606
39786,34.43192935189819
39787,33.1488424743588
39788,51.58005755924117
39789,50.060042896197494
39790,47.97017336769242
39803,29.76130206762376
39804,40.28376198881574
39805,57.12903135012559
39806,43.17837410585702
39807,40.34996212828476
39808,53.27827434877854
39809,51.88149707076035
39810,66.12035487339494
39811,45.6994265647246
39812,49.106750466408265
39813,49.194769539035384
39814,52.740488344496534
39815,56.57243889647332
39816,60.59966195397942
39817,93.61595444059813
39818,61.185121291074175
39819,64.2286609329566
39860,35.87766699997712
39861,41.97089733749151
39862,30.990950750180552
39863,32.68598110900285
39864,28.972339595987034
39865,37.661699132968565
39894,34.53615357259375
39895,33.75679620153223
39896,27.121021732520262
39897,27.70669355963276
39936,21.110230757137916
39937,20.841003058052245
39938,27.36339433549004
39939,20.91996756683756
39940,26.824938937318677
39941,29.750101007997245
39942,26.60835424408988
39943,33.93642439551763
39944,16.88589263655444
39945,31.609888334713524
39946,34.694395519693074
39947,45.13085097044943
39960,16.75457511701784
39961,31.39710667730511
39962,36.124708174212714
39963,45.12109346610345
39964,28.82415033409406
40034,36.67259384863499
40035,38.32299027351205
40036,37.68515410264827
40037,40.74410327400315
40038,42.241444110367894
40095,32.40885957471262
40096,40.78351057302047
40097,30.210696938604812
40098,41.16729700519962
40099,32.885580568178284
40100,38.55967283582209
40101,50.35234859847001
40131,18.617417317766886
40132,19.36844896263287
40133,22.696450470306406
40134,25.64793404391342
40135,21.566896668106807
40136,25.002188410761207
40137,30.39703010926651
40138,40.28446239306801
40206,16.029249528511464
40207,18.739831129228335
40208,20.832992822988523
40209,16.13453554022524
40210,19.569827282879636
40228,18.84830639891556
40229,23.00830828350749
40230,25.208760212248535
40231,26.067082092095355
40232,27.569145381827312
40233,26.509107299165972
40234,33.20797936723176
40235,35.922124607426326
40236,33.2127162312142
40237,43.11855976797709
40238,36.586463801504046
40239,41.57746511090042
40252,27.6299720846743
40253,20.488156677012732
40254,31.225197068166437
40255,48.13840293324816
40256,50.70140777489929
40257,59.76242681135987
40327,24.53277055931379
40328,37.443941376280094
40329,40.44860486673318
40330,54.44580362225816
40331,40.63074198527336
40332,41.31874567122536
40333,38.40254134843349
40334,50.05345718115359
40335,46.005895351436926
40336,47.66503457497878
40337,51.9046272649265
40338,83.65147801417352
40394,20.396725591300218
40395,27.02640710371886
40396,16.18872414215183
40397,22.09124831437475
40414,50.10407741651675
40415,41.0538605688251
40416,49.73546267390962
40417,57.939028738894095
40418,48.111943045767866
40419,50.429782671135214
40420,22.20626691849076
40421,23.360138000351704
40422,29.586980075775386
40423,27.46549265581966
40466,28.59403018547132
40467,23.25290407522568
40468,26.88593911470378
40469,11.846641374194736
40470,44.46020144367783
40471,31.570193869900436
40472,33.22617718165921
40473,39.20209892537912
40474,40.2249932232533
40475,31.60061067462854
40476,42.32020270638847
40481,41.617681977127695
40482,23.571609941787845
40483,27.940907472920998
40484,38.688421715833904
40485,41.11521178499892
40486,40.02439470974166
40487,50.42069446773898
40488,42.85552561705089
40489,67.04446242600095
40490,64.54811837241685
40491,71.69358727862515
40492,47.80769533944432
40493,29.813745639609422
40494,35.640055991296045
40495,31.15657160856611
40496,45.93664302077879
40497,42.64252219853799
40556,39.482571331966646
40557,37.79328489900256
40558,38.586065802960476
40559,39.62029816252441
40560,42.48985012304528
40561,56.81523775549914
40562,38.37959221417349
40563,50.080669141867524
40564,44.974198659704896
40565,53.94280513518043
40566,60.79626924111452
40567,51.07664279032659
40613,27.925351741235332
40614,35.48024122996642
40615,28.73433934139222
40616,35.766104700013
40629,16.203938541447478
40630,20.256650191058554
40631,25.94704109157797
40632,28.872203162256547
40633,31.368204293011708
40634,26.455166540286704
40635,30.653387569969027
40636,32.50162209458565
40637,37.60136615144663
40638,29.31851610763725
40639,39.42290171357459
40740,21.138554525096787
40741,20.144616684073572
40742,27.60629857341062
40743,29.61849153511838
40744,25.537454159311785
40745,28.677196699952056
40746,30.70844167257038
40747,39.37236111460166
40748,35.568861878176406
40749,32.99456731719053
40766,46.20986608075276
40767,44.19566889577789
40768,43.81915096171136
40769,67.51587118081018
40770,48.083771111813796
40771,29.324010508823534
40772,37.97493649762349
40773,38.224601366371246
40774,47.91366103203738
40775,36.88067768509132
40776,49.81830281108474
40777,62.19401908943776
40778,70.92217782329455
40779,46.61379436068415
40780,47.2537407492356
40781,55.50275959063943
40837,22.40290509991205
40838,29.54271628430653
40839,33.99826737091257
40840,30.749230372024343
40841,28.599711603916425
40863,20.477855644211743
40864,19.376627568207663
40865,22.730950578809654
40866,26.971921195454
40891,26.86144405238368
40892,19.693307141793667
40893,24.5516976653947
40894,27.369569501092414
40903,33.26718184620678
40904,38.17821537566468
40905,32.9052155878882
40906,17.822083380097176
40925,13.200995821747963
40926,18.891386722267377
40927,19.13228869515752
40928,18.54119029112928
40963,29.560290768464625
40964,35.37011769182417
40965,31.09296907702533
40966,33.51903280659415
40967,26.623217181382614
40968,34.730125359000624
40969,36.79674076640198
40970,36.22821503142089
40971,44.242838197332084
40972,52.98834897442741
40973,40.40805072455365
40974,50.45114169136589
41003,27.82288287499209
41004,36.89592251230901
41005,32.50020178248266
41006,29.921072599289346
41079,38.75092402344742
41080,43.82389501701015
41081,38.21246862527606
41082,39.90279088204128
41083,35.40345927910488
41084,39.74580233391911
41101,29.938979729720025
41102,27.769860797001837
41103,34.004121910058224
41104,32.598805678520215
41105,33.64448953965288
41106,31.67628858937563
41107,41.99672706828772
41108,37.21906798702224
41109,55.773319490104
41110,41.97643704943472
41111,50.348794095884195
41112,44.60213970495361
41129,37.268235699148796
41130,26.073708641876145
41131,36.91367864861761
41132,42.370806741567876
41133,36.56845309205201
41134,39.986272138018045
41135,42.19749477642784
41136,35.87313762078185
41137,37.55230409311019
41138,47.68334344949462
41139,37.60011890418551
41140,35.56797992227558
41141,35.89980388994582
41142,32.96575621648474
41143,39.02266284373257
41144,37.2140465391264
41145,45.02043256537145
41146,58.04987475234317
41147,46.341375790006374
41207,24.10659670196129
41208,22.4952389539814
41209,25.124851822645855
41210,32.479243477002036
41211,29.653113752937486
41212,31.214143155745177
41236,26.600427588822274
41237,20.774420727126476
41238,30.491201774328523
41239,30.329264310223707
41268,42.84013138858753
41269,39.518719879029675
41270,42.49474368146161
41271,36.62102138794633
41272,65.16329581271187
41339,33.01857793249911
41340,42.2928391359964
41341,42.85642286061285
41342,30.540349564090754
41377,30.228352591189775
41378,25.637185543407334
41379,37.949405317591406
41380,33.513817860292136
41381,42.06746653524022
41382,33.28534692903723
41383,33.28118329469795
41384,40.10916097873863
41385,64.52909245673904
41386,53.89477338672269
41387,68.42905846062779
41388,41.64908707867639
41401,26.745774211367475
41402,24.692831976329284
41403,44.35356625651611
41404,34.840646450927245
41405,43.79149750607783
41406,35.28473224391348
41407,35.601156836832544
41446,41.206606904677685
41447,59.33035357547378
41448,40.60529939670732
41449,43.12857448303432
41450,50.019934050245936
41451,50.86039003163185
41452,56.06309811350227
41453,49.004839637820425
41454,60.75916699163858
41455,69.2267459263528
41456,75.92938858683753
41457,54.76691554780551
41484,31.621124164205092
41485,24.699461725772412
41486,56.42628791727459
41487,38.20016927083127
41488,40.093036635107026
41493,23.562705271778164
41494,21.95134752379827
41495,16.661791837006746
41496,24.955474103262162
41497,33.92122350559824
41498,27.4236310876128
41499,29.323031719180907
41500,24.59835198810481
41501,36.779972408938924
41506,29.073148760170888
41507,35.9912688254691
41508,44.643144705154725
41509,41.450221189281834
41510,13.354921875847072
41511,19.205246017204225
41512,21.191117475983553
41513,21.834858885868677
41514,27.015120114412262
41515,23.041372973586498
41516,23.389565181457506
41517,32.193377119688755
41518,33.59195209639516
41519,34.186850943137784
41520,33.3146845994431
41521,34.02561137498857
41530,15.254514483963657
41531,19.333547636503177
41532,18.635158997494088
41533,18.876060970384238
41534,22.928772619995314
41535,36.93916728969859
41536,29.17993197508035
41537,31.380383903821375
41538,40.833868438069615
41539,37.0493499340014
41540,36.740780158192095
41541,42.09268248407765
41559,40.15105134199543
41560,19.68687275002839
41561,40.22770960149554
41562,37.56444134863682
41563,32.60596638423912
41564,57.9025412384954
41565,60.229150872132294
41566,58.64703192792369
41567,54.10680208080743
41568,56.210346094729985
41569,56.39384512830483
41570,62.99251408205488
41579,40.390537282406086
41580,33.20854638925093
41581,34.38508704680055
41582,44.57980336939825
41595,24.80698799764815
41596,37.3962881096719
41597,33.957402537543764
41598,29.917666459093113
41599,31.776854072751576
41600,36.740780729656834
41601,26.719812834127236
41602,26.304447575217814
41603,66.53415622524926
41604,42.10122399042217
41605,58.97768479797462
41606,46.22631746187516
41652,47.25288986527708
41653,41.65632920260349
41654,43.2054722756863
41655,49.54241310200518
41807,20.87068297275989
41808,25.540814529327648
41809,30.39920505292867
41810,24.251327486290315
41811,27.776274681765663
41812,23.463147849986655
41813,22.370755369326158
41814,36.27846850575604
41815,24.71336730645312
41816,35.84809303390436
41817,36.39138828713163
41818,41.02539889063526
41856,13.620960708606628
41857,14.479282588453454
41858,15.955024375256954
41859,19.685865319925476
41860,21.77902701368567
41861,14.912897876026808
41862,15.878509990854493
41863,18.696381826552212
41864,22.856383711144147
41865,25.862514513875123
41866,20.332056854193446
41867,27.76741724060205
41868,26.692510667526427
41869,29.913221940219124
41870,30.046833678128422
41871,35.62993434366697
41872,43.41339191448709
41901,26.622913323848262
41902,20.715937730100052
41903,24.87593961469199
41904,30.673620750192256
41905,24.33748421652063
41906,36.139613249194504
41907,31.22893081487861
41908,45.86078483062913
41909,35.656361924294224
41910,35.049529879078584
41911,41.46664483479688
41912,54.626944792450274
41929,43.21960265806169
41930,45.645968634293425
41931,33.39607329809771
41932,46.10895161122572
41933,35.76749128929696
41934,42.059182293903376
41935,37.31882847905972
41936,33.08691988992328
41937,35.988654567792224
41938,36.48237957980878
41939,40.39976030873056
41940,42.257168513456016
41941,45.447644708664065
41942,48.75822206204958
41943,44.477583979805075
41944,44.58239502671526
41972,29.07228357640877
41973,26.54474678304531
41974,27.469985911959675
41975,32.256582658861035
41976,35.12482939361126
41977,40.14009257758041
41978,43.550276540776736
42010,49.45709763018219
42011,40.375591215765
42012,37.762238463265604
42013,60.67518064982461
42014,40.35944218911264
42015,43.58515249808825
42016,74.62508544453466
42017,43.63626044445396
42018,53.958654596260246
42019,20.28023264524996
42020,24.86939546976531
42021,23.875457628742094
42022,23.847131902546572
42023,36.8528927029442
42024,32.01371959722214
42025,42.61248854158998
42026,52.28867339388761
42027,47.050182056114814
42028,35.902489590364986
42029,36.70746791986912
42036,17.036755365395265
42037,22.968048238804823
42038,21.678561195767493
42039,26.696884960206248
42040,29.326497828870707
42121,24.490305290883498
42122,27.803506115084993
42123,29.903564845413527
42124,30.3724140019211
42125,28.915853842797144
42126,31.28923986090136
42127,41.59113092781479
42128,39.755781512964504
42129,53.956692157221696
42130,61.020017853335325
42131,42.390905880197565
42132,49.889503261346725
42133,26.62155835204149
42134,27.990009903864145
42135,28.83867442876757
42136,32.289236169534746
42137,38.01977208327684
42138,40.562482805448475
42139,40.073930685329955
42140,38.31056126013377
42141,37.82580519614275
42142,40.12417104515585
42143,45.98598784182599
42144,45.529160355498234
42181,19.404334714655693
42182,21.497496408415884
42183,22.973238195219395
42184,23.857881577994654
42404,40.03192963900375
42405,38.48631418531928
42406,38.60967264422813
42407,38.39596524959151
42408,38.863285695790964
42409,34.96967542988216
42410,38.64578541380484
42411,35.98921445682124
42412,60.26774479634939
42413,47.003084660634265
42438,24.631232937259533
42439,29.811494165803126
42440,28.41471688778494
42441,30.105039144550148
42442,30.802792322525804
42443,37.76227761690201
42444,30.838611806427622
42445,34.87512286134717
42446,44.82609923656507
42447,47.697758989020805
42448,41.41236508372768
42615,36.99745437767977
42616,28.890026855190523
42617,31.386027985945688
42618,34.090127106976276
42619,39.517010603927815
42620,44.080143835369
42621,39.15885273935004
42622,34.88054554299051
42623,39.683358816005565
42624,44.36807725058124
42625,43.98704989929598
42626,49.98147455579645
42639,28.618180269563574
42640,27.731532663521218
42641,32.69721342210309
42642,31.682742023292754
42643,32.61050632544767
42711,18.884641185232812
42712,19.95754353504135
42713,25.674255938489207
42714,20.251088513788382
42715,29.860579326009578
42716,32.46387069174558
42717,28.785672752933944
42718,34.154192948510804
42719,22.98598739416659
42720,36.69681181936096
42721,43.536089276517075
42722,41.706832213603406
42749,26.993053525262543
42750,32.18115977538786
42751,33.57089899654957
42752,52.298264333023994
42778,29.415849300137136
42779,33.0394000098248
42780,23.68493583350704
42781,29.787727610251835
42782,26.063294618907115
42870,19.38238632946509
42871,19.220448865360268
42872,20.99173985417789
42873,27.325872164582428
42874,27.163934700477604
42875,28.746966722261963
42876,33.60535724586299
42877,37.006460540741166
42878,38.146536081806495
42879,32.5136996234379
42880,41.487013959827436
42881,41.246085200439985
42977,16.7882906251465
42978,20.86732377768602
42979,25.885647542124776
42980,28.7844881098749
42981,21.857253172175053
42982,30.84932407743957
42983,40.154483879561376
42984,17.262962133967378
42985,41.24107766166637
42986,41.596171786336214
42987,43.98055239926869
42988,33.568891671596944
42994,50.20644531967207
42995,37.455808491604145
42996,38.03285514778602
42997,39.4763195874189
42998,65.55706502791746
42999,38.87454646149311
43000,59.657536230795415
43001,65.2837706267225
43002,48.607358371484054
43003,46.432951331852045
43004,45.41497927576144
43005,52.23798827381101
43018,23.564585416376154
43019,30.00600796176154
43020,34.0878308530999
43021,36.984062472808446
43038,25.221394340415273
43039,30.508945803939724
43040,28.790297820978964
43041,27.518801487982778
43042,26.64308839786373
43043,32.503798980810814
43044,30.840991109189005
43045,46.07032547042515
43046,24.242338780085
43047,48.94873915696927
43048,56.21807016310876
43049,41.068702007451115
43050,24.28830674153172
43051,24.51307483533833
43052,16.628353258715833
43053,23.574088579269265
43058,24.33429809172582
43059,31.47410927612031
43060,27.903201572289518
43061,27.308692156941085
43062,27.531878292617
43063,36.11043947265895
43064,41.90834220103574
43065,36.84099126504184
43066,38.75380466850606
43067,54.73545592335562
43068,40.28643889370717
43069,43.269129693437236
43120,23.76997139986245
43121,33.4867524470645
43122,22.103966422758575
43123,23.302621932333786
43124,32.16681688544059
43125,31.451048814344844
43126,37.174737467862116
43127,34.97066109700318
43128,40.962065306631985
43129,45.578508863966746
43130,38.310388469075434
43131,42.88707437610032
43132,35.31979382359232
43133,44.23089599680445
43134,52.63186849804071
43135,44.3697846723924
43145,35.97739525089402
43146,29.641258717222392
43147,33.658146089840926
43148,50.06669031303889
43149,37.319333741712335
43150,47.58316701086774
43173,25.84916826208165
43174,26.73726921167055
43175,29.96505683183124
43176,32.310714249128665
43203,32.9621041049874
43204,38.33859708663661
43205,41.12435950415595
43206,36.21419040179952
43223,26.575660099924495
43224,28.26598235668971
43225,30.938070445424373
43226,21.04851871248271
43227,31.4055080639137
43228,35.2881533777711
43229,31.443419655941078
43230,34.059950851436895
43231,27.014231318364054
43232,37.17482873670702
43233,46.70079857671041
43234,45.47263431913905
43279,32.57042570960917
43280,30.279035320757174
43281,33.761652208083554
43282,32.74537203203627
43283,41.83376969199557
43335,13.492979174162777
43336,33.26141664952945
43337,22.540424189298353
43338,31.010858173261305
43339,36.74695281361703
43340,30.341365261602974
43341,67.92630383740322
43342,33.592960043276705
43343,39.141802440861724
43344,40.06947899244465
43397,40.48976459381289
43398,26.82555790871351
43399,26.637298941680235
43400,32.81417887091615
43401,30.62122538625455
43402,30.801811721719503
43403,51.63325566008291
43404,49.734126716937475
43405,44.88642632924957
43406,34.741657325150385
43419,35.00577516603304
43420,39.67590672260079
43421,29.930799949203212
43422,35.48465017348436
43423,26.182924250737173
43424,49.98899476123705
43425,39.19221894405203
43426,43.32703924245895
43427,36.560766530988005
43428,41.65900473584393
43429,51.69317289426555
43430,46.48763508596885
43457,15.858201549374655
43458,20.528333105942423
43459,20.66194484385171
43460,21.98398744769782
43461,22.792724177079403
43462,20.404033479479416
43463,26.7365077807853
43464,31.55759118324646
43465,21.86570119009069
43466,37.64203528679157
43467,29.132476624280244
43468,31.195932758418415
43506,51.97685142064475
43507,28.435446225527947
43508,40.295366361531926
43509,49.38843741794059
43510,45.400639688481064
43511,49.79124272636225
43512,51.90656209081729
43513,66.78485691786479
43514,57.66708528876881
43515,47.99522913676864
43516,43.42774985386836
43521,16.610213703660456
43522,18.596085162439792
43523,22.245957375055887
43524,21.466600003994394
43532,30.9297287044171
43533,28.083531142523853
43534,33.9230255030232
43535,31.337487606535902
43536,16.808397883801184
43537,34.924773691471366
43538,34.93928728833717
43539,37.45434214009165
43540,38.60801627502868
43541,35.86636004623112
43542,35.72730959916938
43543,38.04697486480343
43616,36.215278294558445
43617,28.537011711992616
43618,29.24945549015007
43619,27.177786743942928
43620,27.89702871672532
43621,30.25251555393052
43622,32.20421311522001
43623,45.04140328918396
43624,54.89303089290808
43625,46.2230903949131
43626,38.86949351225037
43627,40.77229705405812
43776,24.179755416115874
43777,24.339688656953612
43778,28.847882749416538
43779,35.182015059821076
43857,32.128065361502124
43858,30.206198678919293
43859,29.166016711801625
43860,31.17663232214194
43879,16.00354386379921
43880,16.244445836689355
43881,17.827477858473713
43882,21.262769601128117
43883,22.416640682989062
43884,27.005803507504403
43885,27.487607453284696
43886,25.876249705304804
43958,43.02222184802305
43959,38.21647433027892
43960,40.20234578905825
43961,30.07248874568861
43962,28.306096089244555
43963,50.473372800144155
43964,42.925833458021344
43965,43.50076792431716
43966,58.15491328066675
43967,49.687518427030156
43968,64.56956509215428
43969,45.20562056013064
43970,20.28779462931392
43971,31.45399596039104
43972,19.990241204032714
43973,26.25140382691497
43974,35.698015874959296
43987,23.297730528234542
43988,31.622027813318724
43989,31.31866095224229
43990,43.83794460932035
43991,40.294512055911184
43992,35.2383193025514
43993,31.159280438658314
43994,38.07226427392796
43995,37.415373713331675
43996,58.49105854621165
43997,43.52748380591246
43998,38.83171268196365
43999,43.49756192276994
44000,47.19627145292352
44001,49.36229045058087
44002,53.93113222631318
44074,39.13510640287468
44075,43.228607469648914
44076,40.46017465859938
44077,42.99230898534046
44078,42.59825141722583
44079,34.11835298534308
44080,52.073693167598776
44081,46.34517931861998
44082,70.24931299547656
44083,54.15756682322787
44096,35.5914360093291
44097,40.32479686356742
44098,35.288859515752506
44099,41.379886792667634
44125,30.542829682579452
44126,21.012303379143574
44127,38.54096274682075
44128,35.20822904327029
44129,31.979997570067297
44130,33.05762524726818
44131,38.61960760019772
44132,36.49999333739056
44133,41.68119169558375
44134,56.99441745691033
44135,53.15470210934878
44136,48.930827160975284
44188,19.781669879046284
44189,20.425411288931407
44190,26.46399439732182
44191,23.61779683542857
44192,31.482318161760574
44193,26.998441348958988
44194,44.44613198458378
44195,32.12405534837861
44196,36.68834493110758
44197,34.138408465534184
44198,47.043943991260576
44199,43.28360128893585
44200,19.828104697703992
44201,23.20874921123442
44202,30.88501157053316
44203,26.723005462674138
44262,19.989425931945306
44263,20.337618139816307
44264,24.497620024408242
44265,24.14742359327015
44266,28.710264914857056
44267,35.125365957313996
44268,32.1718781604399
44269,29.93019895679842
44270,30.190457798544998
44271,25.977758212287817
44272,18.433602998986238
44273,32.98302836888912
44274,20.386335887287785
44275,30.370340410308422
44276,26.289303034501827
44277,28.91891590316627
44278,30.394657689969776
44279,35.06478924653754
44280,43.47175585273615
44281,42.8312668915288
44282,48.50078751637579
44283,40.44096292926919
44284,39.13832185467348
44285,49.73627491427993
44286,37.14644955643648
44287,38.16515066826992
44288,58.33047396651356
44289,35.489768162458205
44306,26.81431483016869
44307,34.233266525461886
44308,31.39261619678735
44309,39.17574992956145
44310,35.26285828314794
44311,28.73464498248637
44312,56.59116863871016
44313,54.69017437167422
44314,39.52654941456855
44315,41.327474368954285
44316,14.223257039082714
44317,15.296159388891244
44318,16.476351973680632
44319,18.085705498393434
44332,25.612666479990764
44333,36.161447904111206
44334,31.86583005834288
44335,26.523719097568808
44336,27.5381060141553
44337,31.942377538883406
44338,41.356400227464185
44339,40.911305887828384
44340,55.530770115004515
44424,41.96607557710657
44425,34.54850491442053
44426,51.3692481535327
44427,37.791875807003294
44428,45.863281612001906
44429,45.400134846626784
44443,32.97881529528789
44444,39.53910113106969
44445,33.97021782333054
44446,41.502764348499994
44458,16.814612128074945
44459,21.05558274471928
44460,24.893713924368654
44461,24.007066318326295
44474,51.93794595610153
44475,40.23328922685306
44476,40.877030636738176
44477,34.62481683549943
44478,31.48402943146658
44479,48.59150064529271
44504,46.888798292630945
44505,52.76851758260084
44506,44.34625912266153
44507,54.68418002061814
44508,48.042028576154664
44509,45.57114550380359
44510,56.00581038465883
44511,53.564446963501226
44516,31.38702119903118
44517,33.2387667824766
44518,36.52424886411791
44519,41.600175023446496
44582,14.589024514406493
44583,19.661995507969223
44584,25.566966878450337
44585,29.297807823118866
44586,29.243160593994887
44640,36.543013880445244
44641,48.834198855085646
44642,56.76513987840614
44643,36.57521844367325
44644,37.302619877732084
44645,37.35037546900325
44646,62.44958626370797
44647,44.3958350442967
44648,46.52853853563738
44649,48.32257200567647
44650,78.13056587008934
44651,51.585221494387696
44669,33.434477245589925
44670,34.560853323909086
44671,39.88408866279195
44672,31.860319147359306
44692,40.55446800433191
44693,51.250601374462306
44694,42.60780983835498
44695,42.504515430311294
44696,52.00421746533102
44697,44.74007270574192
44698,65.64122024512817
44699,46.16834199677191
44700,46.08295599488527
44728,21.184622714314173
44729,24.431655489935313
44730,38.07031866216447
44731,29.22040977100094
44732,17.437669633426744
44733,32.29123846056939
44734,39.43252189268617
44837,26.620293654012336
44838,22.942095715200693
44839,40.310752277318564
44840,28.94536513094797
44841,36.51584869082872
44842,31.144582766672656
44843,34.691043624588964
44844,32.76582228929683
44845,36.21806847633262
44846,41.26126182789103
44847,48.49837320306866
44848,41.10373783635265
44849,57.94444936829962
44850,46.418058282487245
44851,50.64082666207425
44852,49.57924611160911
44853,28.817358849145343
44854,26.266710489266217
44855,35.15149115954988
44856,32.09071312769492
44857,33.056325242522604
44858,44.196205070671276
44859,31.86207362860594
44860,51.44007734604583
44861,44.30076617987879
44862,56.742164331885014
44863,42.94583089703945
44864,59.80218386056108
44885,31.1440619238396
44886,26.47192614400475
44887,20.726888014361364
44888,27.14198905681831
44897,43.24141176123077
44898,62.57001515316672
44899,50.63538600457082
44900,44.257602555097684
44901,76.25197401912195
44902,51.10002032409283
45041,27.24433854416047
45042,29.337500237920665
45043,25.19711720133109
45044,28.06191007931273
45045,33.09730776589237
45046,33.76780948027266
45047,32.85224956153399
45048,39.97848017734613
45049,39.14397891855927
45070,22.433848537706844
45071,21.950040368659458
45072,21.788102904554645
45073,26.753783663136527
45074,20.92777680144073
45075,37.40349013643154
45076,34.26539377111431
45077,26.939281283970537
45078,33.865704314916414
45079,48.295182988870195
45080,60.58930947021541
45081,44.19559495094015
45082,48.11959644514026
45083,36.8507718669809
45084,60.66336793105532
45085,44.84034872636697
45086,52.009977948115235
45087,47.50755497009493
45093,45.732604014868706
45094,35.67097080854788
45095,40.16796691639641
45096,35.65225112314608
45097,46.05774457821844
45098,48.97136403185523
45099,71.63271916328667
45100,71.29157470942246
45101,48.545469214682754
45102,64.51146501386366
45103,53.95456585206935
45104,56.114343995901145
45105,30.60469855725775
45106,24.81191581492611
45107,56.97769235751652
45108,35.752150648268035
45140,26.55260477676098
45141,32.92612063645606
45142,21.85664348329074
45143,30.31866471518795
45144,25.866931427712892
45145,35.66364818338115
45146,35.96160666559831
45147,39.23283700690128
45148,35.431325216340646
45149,40.29535122510836
45150,38.39841165424231
45151,38.42086542182997
45176,21.86199996900517
45177,33.10917003213469
45178,27.90058307739558
45179,26.539319028989585
45180,38.627982083306016
45181,24.134688050712153
45182,34.2514398845406
45183,49.09923347581308
45184,44.276122151524056
45185,37.029825024795954
45186,33.506446792766944
45187,37.80759300293971
45253,22.021565013813266
45254,27.309116477337703
45255,29.83058411216252
45256,30.817274283398802
45283,36.36545368573739
45284,37.70468977700665
45285,47.68504036801532
45286,53.963220945383725
45287,39.64853500452976
45288,41.70710803124583
45289,48.592826499799564
45290,46.771682100721975
45291,47.69278867463265
45292,70.40914662076425
45293,43.64570999463434
45294,64.14457216587604
45354,19.31862388554115
45355,25.733724927998093
45356,26.484756572864068
45357,25.78636793385498
45399,21.120163202261953
45400,21.467431911213257
45401,25.28683954713201
45402,20.870463715444735
45432,21.64987001507365
45433,31.17839209524243
45434,32.65413388204594
45435,25.60960611868542
45476,32.868346939272676
45477,36.22266994987466
45478,28.946406065308835
45479,48.71308688900131
45480,14.801602327690436
45481,16.30366561742238
45482,18.208568344149306
45483,20.220761305857074
45484,25.29373229941981
45500,22.37638298817039
45501,31.985873800391587
45502,33.24703511723339
45503,25.73627865053338
45504,33.26955309056152
45505,22.679004985018054
45506,29.228192516898986
45507,27.679334422495856
45508,37.57279866803868
45509,36.4404457183847
45510,26.632054131357116
45511,38.27703550823346
45512,40.04638240925057
45513,47.9108942455325
45514,39.408334195131225
45515,56.10899226295194
45556,44.121601538556504
45557,58.45587113646943
45558,47.98605422113431
45559,46.14579850330374
45560,27.84989597616045
45561,39.249675097841035
45562,33.65868353622928
45563,37.55993912598988
45564,38.93223527804357
45565,33.663354625388266
45566,26.891775263776324
45567,31.033165539855503
45568,39.17441087639734
45592,25.733726102940096
45593,34.10837710124793
45594,27.154820660619635
45595,27.487222393464588
45662,26.831422822797244
45663,32.70993749011332
45664,30.748523026764857
45665,28.222113209082924
45666,38.69026506370255
45667,46.13448158691467
45668,48.47303437631329
45669,48.460168166625486
45670,41.84619686497632
45671,40.98860422426985
45672,54.987034249353485
45673,42.51251831587593
45690,24.754096566310068
45691,26.25615985604201
45692,29.21473584881113
45693,36.98256487786473
45694,36.10099527200382
45695,44.98577594228748
45696,28.44183716739215
45697,32.576752428463486
45698,24.971296314460375
45699,25.426778757312235
45700,27.62723068605327
45701,28.031729139457983
45702,30.158140351537504
45703,25.64515243919824
45704,42.782244514672115
45705,42.895218242079785
45706,38.22258225098001
45707,39.458121904826086
45736,19.00668719231195
45737,28.401597534571437
45738,23.703140251808154
45739,25.822623448496778
45740,31.51301434901618
45741,39.419182147645486
45742,31.47859042163462
45743,32.88696904968566
45744,22.470469582197317
45745,33.393539903795464
45746,34.83310353995065
45747,37.93943206680162
45820,15.692254072146323
45821,18.53644741077248
45822,20.62960910453267
45823,19.018251356552778
45824,26.66819221292308
45825,26.291674278856547
45826,32.00838668230439
45827,31.229029311242883
45828,34.77161128887815
45829,39.12206647148447
45830,29.477428486502866
45831,23.489608948743857
45832,31.839142384557817
45833,33.85734953347874
45834,60.68871227054821
45835,39.59821262464702
45836,42.05988309815521
45837,56.52507915575768
45838,45.773909140106255
45839,64.44030436626062
45840,52.61008893135078
45841,49.551686415883424
45842,65.5627153954551
45843,56.59025432343271
45873,37.217424237927254
45874,37.758667348513484
45875,39.8911587965986
45876,42.55992068962581
45877,38.84718708014529
45878,66.46044444667046
45879,65.23335008136456
45880,50.689487516877605
45881,68.31152170784077
45882,73.28676239419829
45883,75.84154223343063
45884,81.17967812426893
45920,41.97625683935915
45921,41.17057796536919
45922,30.034174823283408
45923,66.88922809213138
45924,35.417937561742555
45925,40.06843025753428
45926,37.254319166398645
45927,42.94876545127503
45928,52.29888988999296
45929,43.77779896503567
45930,41.0219666238532
45931,63.12065839374844
45944,30.2694286912745
45945,48.88030237446106
45946,27.63956567011587
45947,38.47705393687141
45948,28.764446135648853
45978,26.33287031925691
45979,43.973410050051285
45980,50.832575373190075
45981,54.45300388460659
45982,38.94398323317388
45983,54.25282501051793
45984,40.787410651608624
45985,45.11847605123412
45986,42.54977887223123
45987,46.13119294341438
45988,61.829999213458436
45989,54.55770477285857
46068,24.911706023872327
46069,39.58684104531493
46070,37.37507259171457
46071,38.145083077166284
46072,41.28787476424897
46073,44.22889717966282
46074,46.04400351200863
46075,41.0999359399969
46088,49.19061729347567
46089,41.77407080472711
46090,46.59320300029506
46091,59.057909425002784
46092,36.84794868220453
46093,42.96072920915768
46094,49.39087000740311
46150,36.61987235439731
46151,26.15005543906219
46152,34.63199667235088
46153,15.032343418653468
46154,15.681996139308168
46155,32.069183858782864
46156,45.05171929038552
46157,37.85189527724435
46158,37.26174834387162
46181,29.19880059541438
46182,39.151290813390915
46183,37.184623039422746
46184,37.59699943883787
46216,49.680844141558765
46217,32.82224768669514
46218,38.38879147663146
46219,39.42916312768497
46220,52.899464149549644
46249,44.29356481876476
46250,37.5809103510266
46251,37.13656423529814
46252,31.072882261440093
46253,47.32082171001325
46254,46.85944976884975
46255,37.38291120791415
46256,62.29488394699651
46257,33.91037509372411
46258,51.82361088804287
46259,63.964142318547104
46260,37.556370656465134
46272,16.542567283518753
46273,18.850309447240647
46274,20.43334146902501
46275,28.08328232539532
46276,26.512049184828346
46277,32.09309213011152
46278,30.060866678985406
46279,35.924212185963654
46280,25.41370370304708
46281,36.42953927855365
46282,35.970944454734536
46283,34.323660763863515
46288,20.339621971436074
46289,18.969166196346322
46290,33.947177204144374
46291,25.844981502473992
46312,16.804400585756888
46313,22.628403224185597
46314,23.94220754688428
46315,32.55776051808227
46316,58.115183464715365
46317,38.150456352000134
46318,60.36688542513084
46319,29.716408598049895
46320,49.09574029143438
46321,60.557609435870006
46322,50.50790270316703
46323,43.26611877092684
46324,41.1946620679752
46325,47.72885336069707
46326,70.97123268104987
46327,66.78810017907237
46340,33.837317465879565
46341,39.84957907134154
46342,47.756385784603985
46343,28.37730304962403
46425,3.5401333597036864
46426,11.190074216073992
46427,16.289366712565162
46428,15.70072761734145
46429,26.416243543651767
46437,38.83894219871526
46438,42.67988114313896
46439,43.71099130128341
46440,43.971155180365535
46470,29.92086672078453
46471,31.611188977549737
46472,27.05292086474219
46473,24.918084915943638
46474,32.0367798077695
46475,19.286236987602948
46476,38.31811378029782
46477,42.22834365538779
46478,49.055164313118354
46479,40.516110613775695
46480,45.07874860112573
46481,46.43774062285708
46530,33.95098386692335
46531,30.7504726150689
46532,34.08186208061779
46533,29.954821392829643
46602,37.29794628556925
46603,35.524651073484534
46604,41.286799328958026
46605,43.12113662300645
46635,29.743633572427576
46636,32.760034234720585
46637,29.185093755796515
46638,36.61701049801369
46672,28.87064993152054
46673,30.29435340633796
46674,26.141383988839095
46675,31.19661108201899
46676,30.47768608283674
46677,33.98446988207149
46678,55.77450348081173
46679,45.04455572210903
46680,21.48319084555402
46681,26.663452074097606
46682,28.837499253623996
46683,42.218779413762114
46684,31.872044486718323
46685,48.777563454953736
46686,48.365024156277954
46687,45.31178354872503
46688,41.42426733268333
46736,48.18298442411157
46737,32.143772776288785
46738,38.053011574382424
46739,45.8772414874744
46780,27.051705676094713
46781,28.95660840282164
46782,24.069892153025073
46783,31.118401503298507
46784,35.43623198491507
46811,28.419788640240384
46812,40.96523654484989
46813,52.22769559261455
46814,44.70664433691077
46815,43.507625204279435
46816,45.40656468389311
46817,49.83272637491651
46818,45.98104165534087
46819,65.27970143409242
46820,77.14827699946515
46821,54.4288362722646
46822,76.11419716280622
46839,22.29496678841288
46840,22.64315899628388
46841,32.87006971546177
46842,26.426642946809288
46843,26.14896752673902
46844,25.833264830884342
46845,32.455309242121885
46846,36.07017801813957
46847,32.905038567030275
46848,43.247747407531534
46849,61.58719927495251
46850,42.88337544472179
46977,18.032695079801577
46978,17.870757615696746
46979,18.83636973052444
46980,22.057081003217128
46981,24.2838544348866
47007,21.80780138252828
47008,27.820062987990255
47009,27.228964583962018
47010,32.40922581250561
47011,32.33970327257231
47012,19.782038466723264
47013,21.176811521474356
47014,24.531134532076337
47015,32.68885569311775
47038,22.702996181822414
47039,21.109166949146285
47040,29.06418447990078
47041,31.544065991183764
47042,39.66487442513271
47043,34.529213821760685
47044,16.680982562727948
47045,43.94515799386731
47046,44.435419089887205
47047,37.59523539082192
47048,37.99686528555684
47049,42.85779522338155
47141,36.67358062441211
47142,39.429043523740134
47143,58.859361461107994
47144,60.319643037012646
47145,48.143788861738244
47146,42.47440923972178
47147,51.39285350315255
47148,46.237516827061974
47149,72.0234696154052
47150,55.93317907530704
47151,56.35879039273108
47152,79.15120873352457
47211,15.513559745854781
47212,17.337493740529286
47213,18.303105855356964
47214,19.483298440146346
47215,21.469169898925678
47216,22.623040980786634
47217,25.5482030514652
47218,27.534074510244537
47219,34.78117592961986
47220,32.14955883768833
47221,35.34194438418549
47222,34.75084598015725
47223,49.868117899404204
47224,52.20218156605454
47225,52.87155416373947
47226,40.074134138595106
47227,23.02531396282275
47228,33.68138562192403
47229,31.01593236336499
47230,36.13744714671117
47231,51.55926269423774
47276,13.651736950832348
47277,15.046510005583439
47278,19.232833393103817
47279,29.109547681143603
47280,14.196935144506941
47281,15.484417964277181
47282,16.128159374162298
47283,16.664610549066563
47284,18.46222304081263
47285,22.219385488409596
47286,20.929898445372267
47287,29.92196935063678
47288,23.156671877041745
47289,30.403773296417086
47290,38.966683261758185
47291,31.396778836335777
47292,33.70452100005768
47293,23.046445117689295
47294,30.240653348822207
47295,45.99480796316692
47296,16.475984952592995
47297,21.97811688607914
47298,20.76959857509422
47299,18.219306559844163
47300,30.817727124301037
47301,31.745240506148726
47326,63.29920124294233
47327,44.30922766127631
47328,63.22758061436555
47329,42.05639449457264
47330,48.01373454522677
47331,73.91420530401261
47332,81.55778327908733
47333,50.259574498865476
47334,49.837444150107785
47335,59.0774629749478
47336,54.489479017228646
47337,60.716119641597516
47377,23.067130763087395
47378,20.488156677012732
47379,25.453837435594608
47380,26.419449550422293
47381,24.915382037423246
47382,25.048993775332548
47383,23.26392491913377
47384,34.678038937103864
47385,31.66667754961803
47386,33.710076763184134
47387,38.26501863021443
47388,32.78709660014981
47438,39.04209854113438
47439,37.21616032319278
47440,32.892738041931324
47441,28.86202664716756
47442,31.024107570904874
47443,31.648592502588208
47444,32.254734815151224
47445,37.82310187323631
47446,37.61950951765797
47452,44.810718341674495
47453,56.05788840480403
47454,45.077941817493084
47455,58.41170418856059
47456,38.17057666918572
47457,47.928773429099884
47458,55.44663719221505
47459,24.376191813781954
47460,25.449094163590484
47461,23.005736038692206
47462,32.45328938680858
47463,36.10985306289399
47464,49.9622846696256
47465,32.69623599064772
47466,31.03157037656988
47467,42.0270403934916
47468,46.1157214294046
47469,35.975350759108125
47470,41.5026300389201
47490,18.390619907278058
47491,28.858432599346084
47492,30.50986010608529
47493,38.87441933411844
47494,36.24031870908867
47511,39.076061299802234
47512,42.452538899467555
47513,40.67194069037107
47514,61.95944355031672
47530,27.81275021270216
47531,37.87057644110259
47532,27.924600824588786
47533,38.03823844415794
47534,38.54115919341497
47535,34.989125099464495
47536,54.48067182914311
47537,40.71618003329313
47538,44.88091527663825
47539,43.81112648307509
47540,46.17763254981337
47541,66.41815976388474
47551,20.462484033897272
47552,19.68312666283576
47553,17.74989820991331
47554,20.353189575649324
47555,23.707512586251312
47556,28.592224612780775
47586,37.14327167216784
47587,35.49467428201798
47588,45.70154570943176
47589,47.189603310570064
47590,58.706112685402935
47591,44.215821606888696
47592,40.693557862756585
47593,48.874062771671746
47594,46.497424941621446
47595,71.3716098538735
47596,52.50612363726616
47597,81.22797415236882
47598,32.83144373975989
47599,29.134314436036455
47600,37.32886308976892
47601,32.65505430505775
47628,22.73871356333417
47629,19.489676564445947
47630,24.159808121013704
47631,30.064779491494818
47638,29.391161474562146
47639,22.84044447092883
47640,21.336376957929787
47641,20.66430982184913
47642,31.294059978021984
47643,23.615793395456144
47644,10.918357692136667
47645,33.42947286885395
47646,29.141682202089406
47647,33.48005154789317
47648,33.779479557048404
47649,37.80144642785983
47697,21.19802273131102
47698,29.760932696652134
47699,18.88827634432204
47700,23.853957102903905
47701,30.912799555245975
47702,34.8582209698762
47703,42.803711028260636
47704,34.78442020613268
47719,18.305848428919997
47720,20.077139417737623
47721,20.828171062603605
47722,26.6521737010323
47723,29.577335771710878
47724,24.90062907326035
47725,29.08492797287762
47726,36.46510695906665
47727,21.25103549978686
47728,22.404906581647808
47729,26.054778794263925
47730,30.724910350831678
47731,35.79788134439441
47732,32.84439354752031
47733,33.312868190673996
47734,27.277536256207704
47735,38.16882309332456
47736,36.52726515686526
47737,38.00033956095747
47738,24.989837667332548
47739,36.67127280608928
47740,31.61865481243246
47741,50.58652315127344
47742,39.37797565944779
47743,40.05191725781232
47744,37.95481668223953
47745,72.25988477132147
47746,38.76615383309865
47747,38.870170138206745
47748,54.62562928736732
47749,42.051714248262975
47800,37.581111743134485
47801,25.769164778905154
47802,32.72071699626637
47803,37.98629213994197
47804,29.78245164971949
47879,17.9155955411179
47880,42.244510903632445
47881,38.370954894440345
47882,31.9022404581941
47895,21.412772746725807
47896,24.418903549456786
47897,17.250766638866775
47898,29.356258581843132
47899,27.852191068844107
47900,28.81780318367177
47901,31.551799701815483
47902,30.670145330016055
47903,42.37044168018198
47904,34.833439839189424
47905,33.68748119484119
47906,43.502501393921385
48043,16.004482039613702
48044,27.358942337724077
48045,25.130164682787512
48046,29.693006004374418
48047,35.397783840979216
48048,32.55075320163917
48049,31.26177156408584
48050,37.0574402604059
48051,50.99619966567899
48052,33.075576497323034
48053,41.00706431729995
48054,33.281602879499914
48055,50.455010772911045
48056,32.28060577208164
48057,43.144111800233674
48058,54.23058736397173
48059,56.94533312946954
48060,38.53021463796198
48061,34.55646749713624
48062,29.271020554822435
48063,25.732701730878315
48064,32.99964714705409
48065,36.364645032047434
48066,42.35276221757752
48067,44.59683736270899
48068,44.84977782951742
48069,44.25698978511869
48070,26.432035470273725
48071,27.907777257077235
48072,25.16886993016483
48073,16.723928532215748
48074,24.666689854075376
48075,34.61852638205833
48076,34.58588065264394
48077,43.18510557886655
48078,44.35545433901722
48079,40.43791578838329
48085,37.522907060007405
48086,45.89755805831525
48087,36.428954542853276
48088,36.995935030083615
48089,59.22951614263748
48090,50.29057051448199
48091,27.324119499975183
48092,24.709323184789902
48093,43.20641283110593
48094,37.23357690462254
48095,41.46037530051507
48096,43.657286923713535
48097,37.34331771878979
48098,48.716084395356646
48099,43.60396452494514
48100,67.22616649593344
48101,62.685791096947156
48102,61.87498021031115
48128,17.67592304872933
48129,18.426954693595306
48130,21.056567562259758
48131,27.900829544640125
48132,32.570961101207885
48133,28.704504195362972
48134,25.455467196474757
48135,38.327076863138004
48136,39.74990214304137
48137,41.206739962643034
48138,41.71253138881669
48139,40.943147929463706
48212,24.526563155409278
48213,35.88102345351966
48214,37.08438861412842
48215,25.480224045788486
48216,41.5523526006188
48217,31.411094168725967
48218,50.110555822458956
48219,35.656337671876756
48220,35.141271680891194
48221,40.41371416806396
48222,54.85975000001872
48228,15.129482960902944
48229,17.973676299529103
48230,22.159999687049478
48231,22.131673960853945
48244,38.70391765841554
48245,35.84154003659587
48246,43.86697936259533
48247,31.098517291750213
48248,41.00108008378974
48249,32.893652561300485
48250,42.36406973323346
48251,38.702202475161656
48252,43.638688290285764
48253,52.82698201951447
48254,45.97866383940885
48255,81.42310530860375
48256,66.4875774261922
48257,53.49557914972144
48258,65.10660433525437
48259,52.06427557878622
48272,22.924970656984335
48273,25.232712820706222
48274,33.607363819014054
48275,25.784938470032706
48276,33.69244329732366
48277,20.07797351557674
48278,30.176882603734946
48394,62.931679283294756
48395,38.97927398574603
48396,42.23832394747751
48397,42.04415858675679
48398,44.25585613959653
48399,51.2976758590919
48400,50.475850790384186
48401,47.529809867424206
48402,51.49964546936963
48403,56.21674658442517
48404,53.30760398269486
48405,54.139692499490565
48406,44.71553197065385
48407,33.025516451827514
48408,45.170846879171854
48409,24.698877360134738
48410,38.083791853638616
48411,41.29684225432956
48412,39.60589672956269
48413,40.62815480597149
48414,58.442765235951896
48415,41.57946909383507
48416,51.658537778057955
48417,28.931847851595506
48418,44.39102322229781
48419,41.70797269666083
48420,30.991725473922486
48421,34.25143926027552
48422,67.76052050501494
48423,40.356711116332185
48424,38.488591417521896
48425,41.59174097716451
48426,44.17573375622
48427,45.102403522745284
48428,18.794277749539084
48429,23.759958508120967
48430,23.30247184200202
48431,30.549573261377347
48432,20.187046581023097
48433,34.23568187591396
48434,34.226966300018674
48435,37.9981724836405
48436,35.16107456184157
48437,37.80466471845829
48438,42.399650826290355
48439,38.21734718602218
48475,21.208121588709474
48476,23.08670281250796
48477,23.675796993269103
48478,30.090898035726042
48479,36.12948114411647
48480,33.49786405218492
48481,38.78541551570936
48482,48.394906327930556
48483,27.27529018439284
48484,40.56252936856491
48512,28.374906660671353
48513,25.74328956873982
48514,27.11174112056247
48515,20.66831435190999
48516,30.0632246941695
48517,32.504578595800666
48518,37.96932115175177
48519,28.765499695461475
48520,43.41700613919542
48521,40.68908042492676
48522,47.12229282390708
48523,47.636926128746964
48528,26.398599450986428
48529,20.975432026285603
48530,23.086239224241915
48531,24.99772081717525
48532,29.910831478302747
48533,33.12332206432951
48534,30.01158862938877
48535,37.62142684276672
48536,34.0583657922524
48537,55.3314463993783
48538,57.13086859909544
48539,45.719379147413036
48610,26.726029874962503
48611,30.161321617616906
48612,36.683107955979
48613,21.906625986008102
48614,25.21481911398736
48615,37.18046171535357
48653,22.207821324168766
48654,27.199823585679077
48655,24.165367056752565
48656,14.146403475176498
48662,22.102333920347125
48663,23.685365942131483
48664,20.946458615219086
48665,23.871620685897664
48666,15.677361852385747
48667,40.08872127593079
48668,56.605883270104215
48669,47.17474977067962
48704,24.011442960890122
48705,30.809046904333954
48706,25.07608001946078
48707,24.561226071730758
48736,30.12842020663367
48737,30.77216161651878
48738,30.610224152413963
48739,35.40738434168114
48740,25.413372263537337
48741,27.05100746097747
48742,28.4675086058978
48743,32.259327491891426
48744,33.34914177264912
48745,42.189035261456304
48746,10.177743847631726
48747,26.969301531060424
48748,33.67262611536764
48749,29.706331044949977
48750,28.225141035943373
48751,44.36923892352811
48752,56.98454733951643
48753,57.44375821677656
48754,41.092892361058034
48755,37.52050932824918
48756,44.93351983356075
48768,66.62939246896742
48769,51.88578317988601
48770,47.24838841279126
48771,46.75755010701012
48772,50.37389844471934
48773,58.35369420654462
48774,54.59074050187421
48775,56.614140188118746
48776,51.809562190322616
48777,65.04605523370184
48778,66.61145691442493
48779,78.54582496734619
48828,31.59198316592216
48829,20.826617048572924
48830,19.176135963936932
48831,23.705320984499927
48832,21.777104411978016
48833,25.769295353914412
48834,28.123357417286645
48835,29.57957583397925
48836,37.00901842357686
48861,32.017756197295554
48862,14.204817264213919
48863,29.500019338460547
48864,28.03942147686614
48865,32.263236755452155
48871,38.779326279787085
48872,43.655771050502096
48873,38.92866826555709
48874,36.854520331279254
48875,45.64401748781788
48897,24.476937903836124
48898,22.248160248899552
48899,23.509321565741338
48900,26.730032838434035
48901,33.76255378784766
48902,26.191577440262684
48903,32.95087158262503
48904,30.947482243447553
48905,48.54350009782939
48906,35.66667275034309
48907,39.760329553077796
48908,52.00462911447433
48918,20.344243514655105
48919,21.81998530145861
48920,27.40308596699717
48921,26.86174588796203
49051,25.666941095387074
49052,29.365197686964994
49053,31.312316844360907
49054,43.201179776860535
49055,33.97219429346534
49056,47.99317552367825
49057,27.247625312670937
49058,32.00449770719929
49059,29.482944543688845
49060,37.555534313162994
49061,37.17895818861933
49062,61.47256408063454
49063,72.1209638791122
49064,63.61102775573046
49065,69.10144485069624
49072,22.70883382310796
49073,21.231087813037362
49074,29.498448576364346
49075,31.0814805981487
49102,33.128994815157114
49103,31.045252818395234
49104,44.66685716606101
49105,31.00201859065104
49106,48.658939161238735
49107,69.52312246404458
49108,45.458879769831384
49109,63.20820819509261
49110,60.92973833872506
49111,44.37358882174538
49112,42.144027281999506
49113,49.511537269413395
49126,29.116374839737617
49127,28.417986200728517
49128,31.870563582632485
49129,30.324962105481347
49130,34.42745603070347
49131,41.9860720132324
49132,55.296589131504845
49133,37.00195614398729
49134,47.24160170631492
49135,45.458792676276744
49136,45.7751178405304
49190,29.943399098146138
49191,33.2731122789575
49192,34.78268412434853
49193,46.9138190672159
49194,45.83002264006968
49195,44.28924178445339
49196,47.77858438541251
49197,43.535877492110544
49198,61.335185509850106
49199,54.16811882538889
49200,55.576795355691964
49201,59.75892216485726
49212,33.674506091630406
49213,34.47672083532245
49214,32.62281180138165
49215,45.117433094543465
49216,62.94424124381641
49217,38.40274909729415
49218,60.77726361581274
49219,58.290419536024984
49220,42.93217658747694
49221,47.79021256767669
49230,26.11078177848934
49231,22.10870891146805
49232,29.550067403091447
49233,32.56507895622512
49234,39.034393296181435
49270,65.04773467879279
49271,45.50980856552856
49272,61.48377806855436
49273,49.570807742844835
49291,22.87469772054019
49292,23.973921573277167
49293,47.71396394904043
49294,31.54739323065253
49342,25.014206700711767
49343,34.73098774791383
49344,31.62027665589344
49345,26.145981565419653
49346,34.058191078424436
49398,21.895393139535496
49399,24.014876336224127
49400,32.38952733453196
49401,35.93210931216723
49402,26.29429277375048
49403,36.924042929923345
49404,30.86409701932064
49405,42.57183095662974
49406,37.09494551388221
49407,41.1152665937944
49408,38.16807468279701
49417,26.310438105841676
49418,31.893538771380236
49419,28.64450177249201
49420,35.27418328491067
49421,30.909729349469487
49422,15.952251698252685
49423,48.615638993225204
49424,31.963589545564012
49425,40.59561781167748
49426,40.733066887090914
49427,41.19916403897619
49428,47.439746519170136
49429,68.90152924548956
49430,48.78438607276515
49431,83.48613107218672
49432,47.7835914220993
49433,18.497173358552295
49434,27.811114968759384
49435,30.407569515404823
49436,31.391472591456292
49457,25.552070452637786
49458,26.209356450743883
49459,38.63495548625802
49460,36.21060471086397
49485,46.47827537457238
49486,27.90287997018535
49487,31.206114661228156
49488,49.7518797737001
49489,38.882756992774716
49490,54.03535173889806
49491,61.357409130850414
49492,43.231008536735025
49493,40.53696144663474
49494,64.43357244891367
49495,49.01472961632915
49496,82.78421092771691
49497,41.37697943810877
49498,29.181379970964116
49499,27.99751882979355
49500,48.123740459473204
49501,56.37445704006002
49502,34.07886815327507
49503,57.13488968284384
49504,43.809488822661095
49505,40.50620334401222
49506,72.34202915617448
49507,62.93079841314953
49508,69.1153820213982
49585,25.808686864959213
49586,30.69339889148869
49587,21.968551462042747
49588,26.638683018610507
49589,31.5016405924601
49590,32.28954926591787
49591,35.282500849996886
49592,40.07135267027174
49593,44.862624330323015
49594,39.31976492238546
49595,45.98057493092273
49596,52.251191828882156
49647,19.818540448609596
49648,21.938023645298227
49649,26.419896234832724
49650,31.33092976429063
49651,34.98080197690673
49712,42.40962291815665
49713,37.308326198398376
49714,38.05935784326435
49715,34.68215716246745
49716,37.49361966820427
49717,41.99334371775895
49718,52.739031078652815
49719,49.02968419384415
49720,70.27939854949751
49721,50.70558748639498
49722,56.30811635538304
49723,51.12800608354425
49770,40.61352352518696
49771,33.76948032162737
49772,40.530509677264924
49773,58.190991388228404
49774,46.79097119575836
49775,39.551777780029994
49815,20.081961569769877
49816,31.677323840770406
49817,28.02544740488721
49818,28.588220082719925
49897,25.919333945129946
49898,26.444655453776505
49899,16.390975974995218
49900,27.565635176626888
49901,41.21064488944117
49902,44.49662296046036
49903,53.270101788002705
49904,49.862228019139344
50004,18.017739482184744
50005,19.090641831993274
50006,22.015803902671845
50007,25.34380541034539
50032,29.00406184391128
50033,28.832941990678957
50034,36.876435594696076
50035,42.347347814470346
50036,14.694349078845839
50037,27.406669735518545
50038,29.84484460914632
50039,33.76788343255207
50040,37.073692335125045
50041,36.34462857272432
50042,49.39802340586188
50043,52.211316868569725
50044,40.365515813740416
50045,44.190386534236104
50046,46.01985844517254
50047,42.83548057274065
50096,47.9386945426714
50097,50.184683155897815
50098,38.45224081051717
50099,59.51130959716208
50100,72.57663047836459
50223,38.47356592710225
50224,46.74092669042924
50225,46.98196877450354
50226,53.139030952085605
50227,40.42512226247763
50288,27.23096880722911
50289,21.915091617509137
50290,27.820062987990255
50291,32.597484779538874
50292,20.669387263842687
50302,18.631154467433227
50303,19.704056817241764
50304,23.542187996891137
50305,30.090900777257374
50306,34.74129363943024
50307,30.330585885398605
50308,35.71195696467673
50309,35.91788477715277
50310,39.35857388133366
50311,50.87960620219011
50312,26.85300086463954
50359,26.39748069369613
50360,32.99834435882984
50361,45.63699469561411
50362,26.47717993141943
50363,24.27846739448482
50364,26.559888055278275
50365,27.88712772828665
50366,30.96851838241318
50407,22.72731659466242
50408,30.05538674609017
50409,25.97434937028355
50410,28.174801299024587
50411,37.059581969308255
50412,29.522984828330806
50413,35.59204304469893
50414,14.93789755300108
50415,37.16756597637749
50416,39.4654099001401
50417,41.30897837038336
50418,39.60107491722201
50457,32.044958544202856
50458,39.73421481389222
50459,44.63167066012552
50460,57.256550715420055
50507,21.179800562281923
50508,24.507802069955474
50509,34.11729288217667
50510,24.855113971711283
50511,43.51821119446946
50512,33.07471578206279
50513,43.823533229162415
50514,32.30877281361981
50515,39.613908711012094
50516,46.01608682669178
50517,44.54846105563462
50518,54.88542306658038
50519,51.11608178953464
50520,51.69515984571343
50521,78.00359971225596
50522,46.96287213031283
50558,16.917236459756342
50559,31.68879256712917
50560,30.69711538097583
50561,30.417451758841764
50635,50.4650546666491
50636,59.76423868099028
50637,79.91802636230581
50638,62.519018496223296
50639,60.51586251944189
50640,56.50340380054537
50641,66.17940501350954
50642,54.58280422156083
50643,51.0374958412431
50644,72.95197875923976
50645,53.474005895408794
50646,50.4149110345785
50656,19.537131572124924
50657,30.78430163525445
50658,29.92397553214053
50659,31.507007553924893
50660,24.883503948639945
50661,28.507054658327608
50662,35.13673617074626
50663,27.968599260156253
50664,28.31679146802725
50665,9.732542840440773
50666,38.27646733714208
50667,43.862714744068874
50668,36.45364447346855
50669,43.72910240854172
50670,66.87051363969051
50671,62.68613843561731
50686,27.39470831919848
50687,33.00413048766548
50688,26.65735181032938
50689,31.81818469222155
50735,17.82093410519436
50736,21.33719457990118
50737,27.16119721832989
50738,21.442480591614938
50739,30.460872999807897
50740,30.8090652076789
50741,28.177448115747346
50742,40.76674822777109
50743,25.337713001780372
50744,33.0599754538396
50745,38.953940769807346
50746,39.11120477565543
50752,36.6754478992778
50753,50.90563159746969
50754,33.33463565079285
50755,47.470305056496485
50756,39.4939499493916
50757,40.666195116160104
50758,39.21223122569795
50759,53.229838707086586
50760,50.95963951577695
50761,68.81718295379945
50762,66.51437398055266
50763,57.90554951665556
50768,20.912572386695363
50769,27.54225389911401
50770,29.23257615587922
50771,33.90270771244699
50772,30.33180000861619
50773,33.36425231427563
50774,36.074833914992496
50775,49.57710313598703
50776,35.260957440596115
50777,39.891956662737584
50778,39.12315571853361
50779,45.80124691717048
50792,34.249238987161355
50793,52.229867339440204
50794,36.64590221270744
50795,36.20267742360463
50796,39.11208318802605
50818,36.840457269566315
50819,40.704909952144135
50820,33.19437136164337
50821,37.5839748380719
50822,38.44631939214825
50823,43.439337147734875
50824,58.770221081320635
50825,55.601412428970995
50826,38.9894146853787
50827,41.98500809076701
50828,60.93914110473057
50829,40.51630097335578
50848,37.40622735834109
50849,39.327570878372754
50850,41.616728949607435
50851,41.327945170283414
50852,48.244509941345804
50853,74.59920555988573
50854,76.04606186370125
50855,74.97685592595583
50856,57.34722866067898
50857,51.45016726872562
50858,55.26397237728813
50859,53.12087461593354
50860,31.93817310876274
50861,37.44030504224889
50862,28.601049468006075
50863,26.282435131584297
50864,32.30572406765988
50865,50.39207380569829
50866,44.11509331473416
50867,42.42578773701779
50868,42.66143457690127
50869,44.2105776499841
50870,64.45422368453413
50871,60.94841295438423
50890,24.94096871488175
50891,27.94709951761273
50892,30.193586366312097
50893,31.12184561644156
50894,38.24378307968726
50895,31.934357542145648
50896,38.44059434200974
50897,39.26385261990021
50898,54.93055074700983
50899,43.187081490224934
50900,45.24644925874307
50901,35.11552195403804
51021,42.42200587931086
51022,39.0451770981452
51023,40.13921449266609
51024,36.904190482280626
51025,28.639581815205254
51026,41.975356463958214
51027,48.94878676533077
51028,44.024729054971836
51029,66.91643153208757
51030,52.156481725742005
51031,45.95721922486875
51032,82.00137230976189
51088,37.43356068015631
51089,46.962082760325096
51090,62.4287130129194
51091,38.98197300294186
51111,23.971350895051202
51112,25.968133353980726
51113,22.75899815496819
51114,51.2798861673279
51122,39.47370999708799
51123,33.51378633554005
51124,47.18858371534573
51125,39.39799054348677
51192,19.854876018221514
51193,24.632297809770137
51194,26.34894156946379
51195,39.882041163462446
51204,40.23755698897305
51205,42.1022128325817
51206,60.148633993918835
51207,47.398939312253965
51208,53.18330681487689
51209,52.92034444868011
51210,72.67483795913992
51211,62.997993576267845
51212,71.3819074765943
51213,77.70107634509776
51214,75.74794261074986
51215,60.83816524343179
51221,17.585960047367394
51222,25.12861066875684
51223,28.993063351334655
51224,23.167056489638856
51225,28.561898188144152
51226,20.158921463640773
51227,26.373260009182303
51228,19.32351946433174
51229,26.221179805724493
51230,35.858493350363275
51231,31.38117319590539
51232,37.34054713493324
51334,21.62890644742353
51335,20.63496860640031
51336,25.600649364982193
51337,23.88200138202145
51338,28.52581143566077
51339,33.384201959261794
51340,31.921815715866515
51341,41.20609223786436
51342,38.51645905517533
51343,30.158057618695764
51344,40.062138273056554
51345,43.77555512423211
51400,22.787970227230353
51401,19.941772665337112
51402,21.927644124116437
51403,32.18087634622276
51404,30.569518598242873
51405,18.822307299928525
51406,27.811429846635583
51479,25.474063827890795
51480,25.31212636378598
51481,26.625930686484658
51482,22.947732747673008
51541,22.546081086915734
51542,31.726410959213517
51543,29.41666457222453
51544,29.22840560519127
51545,29.362017343100558
51546,31.898066145592026
51547,32.804447746554985
51548,29.704022815727456
51549,38.1363755883172
51550,34.21627174737555
51551,39.7318446360892
51552,42.41304976479576
51577,30.550023470613766
51578,42.736484145642535
51579,38.15269972070747
51580,37.15417221485677
51581,45.105121073936374
51582,40.98454062530536
51583,47.71911677406646
51584,37.01741661102092
51585,44.970685862738236
51586,61.38390684364061
51587,56.14629074657106
51616,45.062369206718074
51617,30.535923725392152
51618,49.06291544866425
51619,44.77054190888604
51620,40.41095157168307
51621,64.02426008497794
51622,71.30002604833452
51623,69.43393328638068
51624,43.82436878442622
51625,51.19203004179961
51626,51.111256754765016
51627,74.38442935571051
51674,26.763357038672716
51675,31.809781806671694
51676,37.71404396876012
51677,33.24734115876473
51678,38.386085827475746
51679,33.43938397027466
51680,72.97340783120796
51681,74.52255090429078
51682,44.44589275183719
51683,40.60961075811899
51684,67.48504633227445
51685,47.63608415075075
51702,34.0331384169768
51703,31.186940855083535
51704,30.917713155997852
51705,36.921680447101295
51706,49.73466398161953
51707,46.65509018655294
51708,58.1937816842991
51709,78.56742864597776
51710,48.48232766280169
51711,48.42675465666078
51712,79.81931325014459
51713,75.50015417707864
51718,24.002863920983543
51719,28.16286580557548
51720,30.980737641273194
51721,32.21438053049887
51722,33.75526917964085
51723,29.3396346378575
51724,33.59418534745212
51725,29.77242084112582
51726,46.614874511871996
51727,38.7625563367048
51728,37.029596267168586
51729,31.966117218246062
51730,32.51132804930856
51731,34.724557833615634
51732,46.30961406456199
51733,38.03331406322627
51734,54.97217510497283
51735,60.4895765472846
51736,43.354410210997
51737,80.60472829867057
51738,40.89264747923345
51739,48.512566545714904
51740,50.29039817379223
51741,58.232056272171924
51747,28.556789461641692
51748,27.455561385637626
51749,27.372468007903464
51750,40.546438872323336
51751,38.174927408201754
51752,35.602026277864105
51792,23.631090042215803
51793,27.979350893841005
51794,28.327543101712003
51795,37.31961400697652
51796,27.681797468559797
51797,25.875293116958616
51798,39.13176134234448
51799,39.076533997492895
51800,52.90869179803034
51801,50.375204208572114
51802,47.22040793877423
51803,45.73032023007799
51812,19.45522505590534
51813,25.493808164295768
51814,26.137549574180877
51815,25.03632149817681
51833,31.589242550595785
51834,30.77169091553756
51835,32.656695698004604
51836,31.992535380598376
51837,42.469250672843735
51838,29.45006156734545
51839,42.99858876235645
51840,30.044467525188992
51841,39.76124857239104
51842,33.27369605167183
51843,29.426287764423147
51844,29.2570076379756
51845,36.837511335328195
51846,47.74701088093287
51847,37.96833496572361
51848,37.410780427154336
51849,40.13658245282679
51850,53.33341096598579
51851,41.268200825024294
51864,38.84419495443442
51865,38.811100579618035
51866,30.11895147667422
51867,42.52055703381607
51868,41.21483573917847
51869,30.72086333830847
51870,46.544542871829286
51871,46.61198402095869
51872,48.031731096308235
51873,44.715208023769
51874,49.43035346593031
51875,53.94113300096597
51891,20.325235961956757
51892,17.47903840006351
51893,26.68568977528973
51894,26.094591371261494
51921,19.967926189401794
51922,32.235355596482975
51923,32.261677099411415
51924,26.54296047269647
51925,31.179872062646353
51926,31.612480320328736
51927,33.22261390269168
51928,35.25655727561892
51929,34.82393238879514
51930,43.427823697097516
51931,40.66334355512128
51932,42.28142455550508
51937,39.811172913454136
51938,48.72533191833069
51939,44.405220630531346
51940,45.23456115021193
51941,49.01609906895969
51942,43.34929359767831
52202,24.41075020232277
52203,30.69283747690759
52204,30.79845794977181
52205,47.37690698410541
52206,21.857257871943023
52207,22.849191489699145
52208,31.223842488006994
52209,32.44204603269408
52333,29.81208882037396
52334,35.09941648245589
52335,39.775912364432166
52336,36.35235303649597
52359,34.552094379398405
52360,38.60480602900948
52361,30.201829304506113
52362,31.35694654730827
52363,66.10920097169843
52364,34.171005321706886
52365,45.560778116639774
52366,57.973251244356035
52367,43.153900612177395
52368,59.18005288230933
52369,46.99416180369134
52370,55.40940486454829
52377,17.37338145078877
52378,18.741833002611433
52379,19.895704084472378
52380,22.096156013213417
52381,25.42415752088697
52382,27.32906024761388
52383,29.233962974340805
52384,29.271742042620502
52385,33.80122025961431
52386,40.5597425571045
52387,32.08353367220398
52388,37.2378694211616
52413,53.63619956790235
52414,51.407421912965766
52415,48.77580482103423
52416,51.68935608152125
52417,61.47851895056522
52418,42.95204305631386
52419,49.809236170004255
52420,53.0052756495257
52421,48.47966689181249
52422,30.191079629058017
52423,28.176882444083148
52424,24.713264975233216
52425,30.268039914576242
52499,27.416575866124305
52500,29.29088620818854
52501,31.449643844799965
52502,38.276555621208026
52515,24.29899571349704
52516,52.44475627873453
52517,45.14938548854984
52518,52.886118434311875
52524,24.546954001743224
52525,33.2171542020652
52526,33.698958147845474
52527,36.035743175570225
52587,34.45955913322116
52588,29.250972178482044
52589,30.724864141939925
52590,31.068627088502197
52591,27.928778354154943
52592,42.17298672623867
52593,36.56319549507319
52594,32.575120509833354
52595,49.29436181874497
52614,34.89709772094327
52615,35.16652169352851
52616,35.88165903152329
52617,37.25184387611321
52657,17.043748152969037
52658,20.37174966064259
52659,25.578332392114604
52660,24.584394551091407
52661,44.04574776338698
52662,34.146046188227274
52663,43.91018232401228
52664,68.81389666380369
52719,41.01983999430154
52720,38.307254170317584
52721,28.47876888801234
52722,31.24984052195235
52723,32.15769005992736
52724,50.03811854011212
52725,58.756838072035485
52726,46.81387349705453
52727,42.63928421359361
52728,46.45663447865448
52729,45.75464536874488
52730,43.52031537818647
52753,20.188066378397036
52754,19.08683830239297
52755,21.797419903109837
52756,25.12542141078338
52757,19.5949637511017
52758,26.41290423055362
52759,31.485875224116356
52760,29.364387804160636
52761,27.967610526142455
52762,26.95082082187345
52763,34.15142303937404
52764,31.403228234217522
52802,41.9482638195736
52803,42.9374528056871
52804,44.41974958001093
52805,72.72603516336055
52806,72.42210908172301
52807,68.57071063575248
52808,82.7844064244175
52809,66.81589680804917
52810,44.88445117591053
52811,46.938043708558496
52812,56.022156095887624
52813,83.68521071482203
52861,23.144370537446974
52862,26.58432859926679
52863,26.584233636602374
52864,33.16477417169003
52865,56.73290510203061
52866,43.95444465011727
52867,51.97286721143934
52868,40.71953670154706
52869,60.09626375669503
52870,41.41658955324199
52871,47.23076624930608
52872,44.62053779541496
52913,24.283488980388285
52914,22.56484099742754
52915,24.65800269118773
52916,21.194385222337797
52917,24.093225790087935
52918,31.850456881439094
52919,27.876709740613332
52920,30.077161669354382
52921,43.364850420387214
52922,32.44934775785107
52923,14.412701824117008
52924,28.344131985034963
52925,27.242903909030908
52926,29.336065602791088
52927,15.486431866703668
52928,35.34884567938182
52929,31.04150815763696
52930,24.588071909897568
52931,54.141118819309
52932,41.08658899947173
52933,49.133704275907256
52934,60.9922472676792
52955,22.602899734875884
52956,40.02426886757221
52957,21.125153724805287
52958,27.772146300318347
52959,42.94260502564052
52960,38.19260329541271
52961,44.283256606117
52962,46.677968353197535
52963,38.49907238898089
52964,54.57759453735952
52965,44.69827960534339
52966,50.055913703072974
52998,36.53159006376214
52999,34.248165179701594
53000,37.03367726234158
53001,40.46718010601288
53002,29.008270115964017
53003,26.054782319089917
53004,35.962619119447176
53005,31.730066703474144
53006,32.896274127670594
53007,31.489999211334805
53008,35.991919505956346
53009,34.81658401535225
53010,43.46186267590512
53011,48.091470613002215
53012,39.504347707403724
53013,50.397988285520036
53014,29.666763381474098
53015,12.588909934126308
53016,27.877333077290146
53017,31.155455593559182
53018,33.363157317832794
53019,29.539264372109436
53020,59.04154598963217
53021,34.38532205696835
53022,36.10898327899582
53023,43.29182117208043
53024,47.746980589046785
53025,54.427629883903826
53141,31.247715041494573
53142,30.09183973636653
53143,46.770374893808366
53144,35.74973827930269
53145,35.3506467459861
53150,17.646244700611014
53151,23.684827809001426
53152,25.267859830785785
53153,26.448052415575166
53154,24.836694667595275
53155,25.695016547442115
53156,30.660697306023984
53157,32.545648020868846
53158,47.07477284201566
53159,32.07515865394609
53160,32.83186322994183
53161,38.78587304342809
53162,26.02417523066994
53163,26.076818236526826
53164,31.98178960700794
53165,35.258691006031654
53166,31.763931171884465
53167,27.629840112617913
53168,29.39141628411591
53169,24.19498877134899
53170,23.954070691978984
53171,29.24651822247943
53172,37.72845945576813
53173,26.748512868457176
53174,28.296930855145945
53175,29.542672331653243
53176,35.59748979992479
53177,24.321994010599724
53178,34.53502822310813
53179,35.880990028010096
53180,37.16597888385892
53181,64.4149358043944
53182,43.0468723598542
53183,34.850243942500285
53184,36.81728601366709
53185,43.61653032534434
53186,47.39379397794663
53187,46.05478559907469
53193,33.14113052577213
53194,32.35055171511817
53195,27.069142953425224
53196,39.55225788910998
53197,33.237994153649055
53198,57.6628840685859
53199,43.88559920235205
53200,62.75043617729982
53244,27.347709633756878
53245,35.010961593685025
53246,23.593026617410878
53247,38.40937552814357
53248,41.29219149988102
53281,28.610170817794526
53282,25.253843583925445
53283,7.357039885155887
53284,20.857740505968504
53285,25.795615810771658
53291,39.42971628900576
53292,35.81130872190219
53293,32.76227715394846
53294,31.245387425915183
53295,47.5131771087811
53296,42.7879886268667
53297,65.19955546229399
53298,41.23168646657463
53299,54.60907420809399
53300,60.95340458700164
53301,58.82609281365867
53302,45.57852313069318
53318,37.90379889510643
53319,31.567662361434813
53320,41.463915897586894
53321,38.40180793196092
53322,46.127749714987246
53323,46.57191578648595
53324,41.811158326319884
53430,28.551150862580045
53431,34.026961293137745
53432,30.040686203022887
53433,20.827210832271717
53434,36.170631765324245
53435,31.860058969075965
53436,58.51782234313735
53437,44.9677768600448
53438,50.47422154978618
53439,50.830155254187176
53440,41.226905058350745
53441,34.74885966557837
53442,28.135190114134915
53443,36.50984111244275
53444,35.62386746929704
53445,32.79859580356379
53446,54.37014473655031
53447,39.09343322804917
53448,36.64987819949161
53449,38.07690663598047
53450,44.85360410025232
53451,46.701109214062676
53452,44.349486611201925
53453,39.372971241946296
53483,18.120408173946554
53484,37.3552285343663
53485,25.17782173062907
53486,29.024552681225572
53487,33.38438721436423
53488,34.08678833934326
53489,47.50040825939931
53490,62.74747332874999
53491,47.26825369250027
53492,42.81644199296154
53493,42.29345792073864
53494,47.725682288719895
53527,40.38623163835369
53528,30.345575662941982
53529,44.615366630472394
53530,28.326454715734705
53531,35.67101502962741
53544,32.146007258395215
53545,33.29263067046923
53546,40.30732371092785
53547,51.436640869428004
53589,42.02451943703552
53590,60.84182930063202
53591,70.64440655148269
53592,63.941920520180034
53593,64.52274102040244
53594,72.25344157395064
53595,52.69186211716604
53596,55.530857459574676
53597,87.89917123198315
53598,83.05976919130856
53599,59.109663190654345
53600,61.31330052748555
53651,36.067432634913374
53652,67.86779976065496
53653,41.27505297838843
53654,49.19566979254678
53655,50.47814419280802
53656,46.14774310321836
53657,29.710624371538792
53658,55.34802076320456
53659,59.59380856390984
53660,57.84145925114805
53661,52.40482189723882
53662,59.51944574131119
53663,39.456304534805724
53664,56.92070583973054
53665,78.74367354521594
53666,42.122570702319614
53667,34.036156562907834
53668,27.88218070338469
53669,20.841973756689917
53670,34.527874383883564
53671,37.30884765431463
53672,38.303493138877656
53673,34.91999048781303
53674,41.763257137860634
53675,41.26962634957448
53676,46.9855277870323
53677,37.80145671761261
53678,44.67404968108545
53703,32.05984856992823
53704,34.61760452876132
53705,35.23884246956305
53706,39.4020154321443
53707,67.81391015245875
53720,13.763769282875337
53721,15.642350506673822
53722,14.326541960708045
53723,23.53319333593427
53724,24.09596601376698
53725,23.209318407724616
53726,34.77835917579671
53727,24.22757352840918
53728,31.260094477822804
53729,36.002852630214925
53730,39.75429266522367
53731,36.61296865178838
53732,27.059097331410925
53733,26.858701852267245
53734,27.776059500597857
53735,31.292475164122088
53736,37.491621607188506
53737,33.349363744569544
53738,18.507418416290157
53739,38.72875080543386
53740,36.03549845713567
53741,36.558344058740005
53742,39.97303267989801
53743,39.968964008223146
53794,23.36332608338318
53795,27.416037732994255
53796,25.07996984307683
53797,39.11869023897564
53798,26.93022534067978
53936,31.50002032830674
53937,35.98023914602419
53938,38.7952972717057
53939,38.74514835136036
53940,58.23447954006791
53941,41.20968353577975
53942,62.9078306722006
53943,42.87076636077418
53944,43.517584433127254
53945,47.86890380894671
53946,45.57110412103751
53947,79.35762223452559
53954,17.09221786660665
53955,17.950539746453476
53956,19.023442096262006
53957,22.48505534184485
53958,23.960797128648352
53971,26.428802159838067
53972,28.401030571443435
53973,32.7141829499637
53974,34.95934210246731
53975,32.87923889476112
54001,30.443549682662308
54002,29.556902076619963
54003,36.69671326101442
54004,46.856735756352066
54017,28.48481656548816
54018,28.860413444959214
54019,39.339668698571316
54020,25.403760728411427
54021,34.6929554311453
54022,34.11240329661868
54023,37.44146728870683
54024,40.151238531371796
54025,45.96660374169217
54089,38.746997590120024
54090,30.451311100597493
54091,33.91575194901287
54092,42.63410390415765
54093,41.43735719321746
54094,41.322512313433435
54095,62.92650924759137
54108,49.86035608982169
54109,44.67809063801102
54110,35.90350724264177
54111,43.28109383773353
54120,23.50376223835515
54121,21.999694725356107
54122,24.817566561053823
54123,27.742728631732408
54124,29.111180183555064
54125,35.23073202399789
54131,15.363190362464103
54132,18.691191870137647
54133,17.938156002004575
54134,24.138676574499822
54135,24.486868782370813
54136,27.41203085304939
54137,21.5860239913536
54138,40.859652844919964
54139,33.345454691910156
54140,33.3936669381683
54162,29.499885169730582
54163,41.06892593780267
54164,33.03463002271962
54165,33.371622201571505
54178,18.159729651187394
54179,19.6354714379909
54180,21.325793694756108
54181,24.036375295472975
54182,29.431216993978268
54183,28.544569387935915
54184,31.362441223633652
54185,26.34211323592779
54186,32.86450451336559
54187,41.15818677962101
54188,43.868768380337876
54189,44.67244303106074
54202,47.100487575033796
54203,49.83208015957018
54204,47.533485729858896
54205,74.71540862149674
54206,50.549386987459094
54207,53.518458976935776
54208,55.4338196838427
54209,63.55207474650457
54210,89.15375697385988
54246,16.042618873795497
54247,17.92120009759397
54248,20.417201228349136
54249,17.060873994480055
54250,25.166297293702215
54296,50.37728087658701
54297,30.421911903993312
54298,33.186625603516596
54299,38.05789650172527
54300,36.373365218670195
54301,37.62480896471982
54302,50.6777618436007
54303,47.48027955448192
54304,40.081346004307306
54305,49.71953781407017
54306,50.95456024112775
54307,50.18721219472045
54323,28.036645722982396
54324,22.613478298281564
54325,26.156060275916822
54326,28.35651220465786
54327,23.988109323827253
54328,22.0548808709048
54329,18.656988124806787
54330,28.496931415024616
54388,27.901848950366738
54389,39.79276042338138
54390,32.278250943452996
54391,39.10504866252354
54392,47.81389443266163
54475,16.532184237510975
54476,20.692186122102903
54477,22.167927908906414
54478,24.368379837647453
54479,25.84412162445096
54480,30.299672711057013
54481,27.34618491418291
54482,32.31186567276478
54483,30.593217689804042
54484,31.45153956965087
54485,36.09534962329019
54486,27.585082663805967
54493,33.63867741107518
54494,33.154869242027786
54495,31.582401970152517
54496,26.409504700777717
54549,24.353706078755952
54550,23.467058472713603
54551,30.28499895216551
54552,28.648328511686458
54553,33.52680839340901
54554,30.049371971964597
54555,39.305833866928296
54556,35.91635329225221
54557,41.799248106773526
54558,38.32965670691084
54559,40.98385214192637
54564,14.099009333101922
54565,17.34604210872306
54566,21.236816294229307
54567,24.08100963285547
54659,21.814425582425088
54660,29.383397706742972
54661,34.77823940524827
54662,32.76404222027341
54674,27.293792683691223
54675,24.918547243423866
54676,35.81895610890991
54677,30.640803099891308
54714,25.912589583037377
54715,26.9045232007935
54716,31.145493817437853
54717,31.130938190915934
54718,46.6153806204176
54728,34.22004123726128
54729,40.742432514699075
54730,26.578659023040764
54731,42.309978790036375
54732,48.34997300092993
54785,26.881590389709746
54786,37.40405031090174
54787,39.604502239642784
54788,27.187182293421905
54789,26.997975412816782
54790,45.290586926674735
54791,24.40835330787993
54792,20.031766730059196
54793,29.72222627433281
54794,28.110868526352917
54795,26.398395915155476
54796,33.007355401540096
54797,35.04409071126247
54798,40.91941365256713
54799,33.67296078987856
54800,47.98114331072014
54801,44.48373902399012
54802,26.63320352917317
54851,31.383776512139384
54852,24.296298169255834
54853,30.27336635199549
54854,35.72978323320824
54935,34.792378947483044
54936,43.35528891282415
54937,41.22495667181424
54938,38.196503737900144
54953,43.200656468555145
54954,52.77553440862647
54955,63.25140312219577
54956,64.69995129273498
54957,43.865622688731584
54958,49.07058311417377
54959,68.56181698924289
54960,48.213629479308906
54961,54.27914946941039
54962,48.42257391191828
54963,66.51860476268972
54964,78.81402536080256
55017,42.06025654427363
55018,42.95643136436396
55019,23.702537447972244
55020,42.88705281310922
55021,39.712356986062154
55022,48.995154732214914
55023,51.66242770393669
55024,44.916657310520335
55025,48.07597262133544
55026,51.830498215607555
55027,55.49527677932083
55028,52.24826101174101
55041,40.21993562352908
55042,42.18891477816581
55043,47.739580820537256
55044,62.81528832157828
55045,56.13442193892771
55046,45.9391000339011
55047,44.719107640721724
55048,73.33189635139496
55049,41.21893360464715
55050,51.804248090523366
55051,54.364459022017186
55052,62.845736707214485
55060,44.15402320755564
55061,44.637327833100976
55062,55.083175562995436
55063,42.96443738220799
55095,32.84211864466051
55096,43.25553422919503
55097,48.00767941109913
55098,49.28243687198586
55127,34.65002019080341
55128,31.696532393929303
55129,26.487945439190185
55130,30.274980404060003
55131,25.13503295525494
55132,32.36719569775296
55133,32.0877146465963
55134,41.636887233264815
55135,59.79955519945719
55136,42.00680399795587
55137,44.10940504785776
55138,40.43752505205449
55179,26.64068724187761
55180,39.5607163249933
55181,33.42569294381052
55182,34.33601606133818
55183,41.659575307536485
55184,30.362280749710976
55185,51.9789576621221
55186,49.31920569937188
55187,36.47939345428654
55188,41.49321198863958
55189,38.716165000330584
55190,48.21586977107476
55191,47.73804576047383
55192,40.330309093782645
55193,45.0817325002125
55194,45.88155783470063
55220,22.776850005868624
55221,29.29924128330642
55222,28.009754240269096
55223,30.957324443316878
55224,36.57070409660638
55225,41.0993852305907
55226,36.156860782963506
55227,45.45988101165969
55228,43.477457964934594
55229,60.091795860137594
55230,33.25468575522481
55231,41.00067877197967
55261,18.88243831138916
55262,24.19631127784204
55263,25.054633157688865
55264,26.127535507497395
55265,25.15991916940264
55266,32.19244011881625
55279,47.48825968313669
55280,41.796983704158905
55281,38.359705583255035
55282,37.683994794108486
55283,45.32927925620828
55284,67.91133121254282
55285,48.26587516378595
55286,75.53588101929874
55287,50.74134393203076
55288,49.28817478337067
55289,65.2155611763077
55290,49.04598407429971
55349,50.184428885313245
55350,46.50587615890775
55351,42.63407141462356
55352,42.839020020295784
55353,37.13789225764006
55354,61.56160745852702
55355,71.65614137999852
55356,65.16703435637912
55357,70.30596901121406
55358,58.737358920588996
55359,72.47332679385072
55360,51.27619625250841
55517,18.770974784189026
55518,29.293434705381017
55519,22.742717701747686
55520,23.601039581594513
55521,20.969422489662982
55522,27.169943062158207
55523,29.26310475591839
55524,29.611296963789407
55525,41.073047496880655
55548,31.738226682114203
55549,31.57628921800938
55550,26.877831935246085
55551,20.59453785371397
