Index,target
66,20.781269640602925
67,30.250540730323856
68,33.50321632407207
69,36.06872246658256
70,32.99478073512391
71,40.18740258152852
72,39.196264616450726
73,32.3468213934755
74,47.68925682202005
75,41.32166892824939
76,55.767891970983044
77,52.04691826167666
141,35.709623529193635
142,34.125869152430724
143,35.83753484222808
144,40.4232581816316
217,26.480831433068502
218,35.40286123301771
219,43.542562607699665
220,33.67792725472423
221,14.250215417044958
222,20.288987909250576
223,12.7933247410019
224,16.817078304821855
225,13.983002091613322
226,16.10984795831289
227,37.56204139517689
228,32.36458232988103
229,44.63566173952216
230,34.835447552273585
231,48.91922054202908
232,39.10613877811782
233,34.713327051329294
234,48.310782863824194
235,46.962825154643944
236,47.11516467884156
237,45.27058902324967
238,50.654909996175405
239,54.202783788160374
240,51.018274594731764
241,81.56465056761067
242,57.06684280938944
243,61.965105915400436
244,69.93516717913202
423,15.81204673433461
424,18.865879218538964
425,29.063443779766402
426,35.961120931928704
427,36.5919461778242
428,41.97922108603862
429,40.59739351768483
430,33.68225798712694
431,45.741300027596296
432,44.058081503219725
433,38.64237952571853
434,36.240310378424965
447,18.660928367439045
448,24.155713295373754
449,21.239995957141627
450,34.49592449877303
519,23.88241393185009
520,43.45648458545552
521,42.66733692780929
522,39.25468336063521
554,13.604006073704156
555,22.987452178850763
556,47.6371984702067
557,39.70830779045942
558,42.5406786039718
559,15.220354202037914
560,18.85429481990903
561,18.443367417750906
562,23.515725850819706
563,31.73192320525086
585,35.842864777803044
586,45.825112655891864
587,35.21807317943687
588,40.29521775522571
589,38.23508210665058
590,42.26808878636855
591,45.78562365552225
592,45.67326336808975
593,49.26446922799128
594,46.07132927025608
595,36.49453807357997
596,47.320214222804104
606,25.22706944925676
607,26.11828840714423
608,37.877323754019606
609,35.86090583205364
610,33.476437520117635
611,33.00297771766344
612,40.89652627802815
613,39.50248342261546
614,35.145526245918454
615,46.11517349225603
616,43.75427268808625
617,48.33535936682688
618,23.01274063284324
619,31.331977312128146
620,36.612281269463594
621,49.65059966078043
622,40.85348826391454
623,36.45490380021004
624,42.38225460762686
625,59.359542714272955
626,52.599759752214865
638,45.49042019561626
639,42.15374477484546
640,49.1310560699294
641,54.5428466549723
713,52.918401240130414
714,38.902327898696505
715,57.23984126999741
716,56.65912688997081
717,58.197185115772704
718,51.62120709018065
719,60.84532190262025
720,62.81215532091656
721,53.27471851906483
722,56.65370112220086
723,56.49946791883199
724,64.98159619422285
731,30.657122191059287
732,23.558293171973467
733,29.0500826699562
734,30.706140704564035
735,29.50584261850234
736,32.38497987197847
737,35.4959402938455
738,36.00572978280356
739,39.71808752137691
740,38.26062402547441
741,48.4644967228105
742,49.069126275755146
759,33.37069542058004
760,45.6667528476201
761,39.46772382514726
762,32.84066621049596
763,43.17309039743547
770,36.2219472919647
771,40.69250377871522
772,35.4657041652072
773,41.431894223830774
774,45.7201975750298
775,14.787609922227194
776,31.052259966705503
777,29.652764923835267
778,30.718555828844853
779,39.26299494076517
780,38.987701421200306
781,36.377043770905466
782,32.163306534441666
783,46.03926579429727
784,55.58318125105412
785,57.80574045885884
786,44.45719530852231
787,38.81102870912793
788,47.57820326194436
789,43.559571889729014
790,49.29211031823667
791,53.794538628322854
792,56.8380091989653
822,41.42009556004677
823,45.698066306919245
824,51.82277200601025
825,47.14243716289758
826,54.55216723953989
839,22.76163816714433
840,22.85638685898634
841,36.65914113030531
842,39.02323077124119
843,35.74898650355096
844,44.92378002224011
845,42.24572314174818
846,43.438024196317336
847,42.89231777090092
848,42.89495614985536
849,47.05178848873035
850,49.31289384661888
911,19.2168378458333
912,16.414677624193
913,31.244118036776626
914,22.2474955524924
915,22.879087835275403
916,34.34927866399932
917,38.13735846371385
918,51.57063834346363
919,43.4478008482064
920,45.959769555298855
921,45.696210320563914
922,46.37725613294538
944,22.564935199593805
945,35.27487610365328
946,34.53130606796643
947,32.29140689533332
948,34.656594722058756
949,48.70917930977932
959,46.97967123493778
960,55.5632024879755
961,54.0321299875484
962,50.03550245262739
963,53.11038719032459
964,46.825317519061066
965,58.529855035452385
966,56.12567675307862
967,66.85339546594494
968,61.37623085603785
969,65.05617497603014
970,66.0073850987084
1097,25.550661234091912
1098,32.725982833852676
1099,29.640385091589188
1100,33.750017923457754
1101,39.997229019515245
1102,43.51213831994017
1103,31.700197534194544
1133,31.256996381723898
1134,47.62898198301243
1135,46.92311790580218
1136,49.26345842040331
1137,61.865115683818445
1138,57.43961452634623
1139,29.135711899546866
1140,35.757993835068156
1141,30.974346651368347
1142,30.44191279789903
1143,47.65557856218018
1156,37.21254803034881
1157,26.955840744544876
1158,34.6309603965056
1159,38.32316529988669
1271,31.244118036776626
1272,32.91887074771562
1273,35.46819129016343
1274,34.9858034907917
1275,34.03488951599667
1276,37.339887498785224
1277,51.862816073327444
1278,45.28034129198521
1279,51.895085591391776
1280,52.81722218784857
1281,53.87536219041089
1282,55.385691951823006
1294,55.39856462504954
1295,62.23676274254198
1296,58.36724187887277
1297,59.705593490999654
1298,61.18205840055002
1299,59.23015687910781
1300,62.20837907096659
1301,67.07759109671379
1302,84.77343244841818
1303,65.63497632809475
1304,70.45141203812393
1305,81.79361107014503
1318,12.237822889248859
1319,19.32511898566807
1320,10.121021610724675
1321,23.06986224452117
1322,17.71787194401482
1323,30.99024290887762
1324,33.319382057100135
1325,37.171294932199054
1326,34.4618448441912
1327,45.15712244122855
1328,37.578244683699815
1329,61.68736003724847
1443,23.476855626134437
1444,37.179677261911124
1445,41.00247990590893
1446,37.21767332782446
1447,30.21631024054561
1448,34.22800192057424
1449,28.881479655720618
1450,37.446183166236004
1451,38.36018180865142
1452,47.4239684412775
1453,51.130646704714394
1491,22.822579957792566
1492,31.058598532075724
1493,31.46214193192016
1494,48.73225094712847
1495,35.96462713445817
1496,40.3221786646332
1497,32.8192316443292
1498,43.96398019411657
1499,34.186613590282825
1500,43.49387801671369
1501,37.619666748709825
1502,40.38963517224764
1540,42.67797878795474
1541,50.20635389095847
1542,42.85719848916357
1543,38.808921531976026
1544,50.26740640300451
1545,33.94724477775557
1546,48.3324270742242
1547,49.09520638601772
1548,67.1221015544675
1549,59.90454582709995
1550,61.021004531221976
1551,60.07587079742772
1682,33.73380107367763
1683,55.547023107838264
1684,45.93430626912169
1685,54.14744493958685
1686,43.000990254634885
1687,54.12641206057367
1688,55.29294802667118
1689,61.57719342962589
1690,56.454949322157226
1691,62.91498857204739
1692,65.15153687162903
1693,63.775541567332276
1788,4.655705152455981
1789,5.1896481464387305
1790,5.14373219146118
1791,6.3939422944957895
1792,6.404839323487602
1793,10.314327706392643
1794,14.042113845164494
1795,20.82295055980595
1796,15.368426505375895
1797,16.330740672346895
1798,20.78925888155255
1799,21.388882622434824
1823,4.192695342008602
1824,34.61301092455232
1825,33.74051806346904
1826,39.58922283959543
1827,39.20797999370664
1828,40.99321544665591
1829,46.52313857197181
1830,43.0250384457136
1831,61.71437561368574
1832,60.3565875400662
1833,37.17595771459692
1834,52.34942374216658
1835,4.501316089796034
1836,20.71844825334376
1837,31.223395377962397
1838,30.956375237015568
1839,39.21722231668646
1888,10.797735909767791
1889,18.331485816359493
1890,18.331485816359493
1891,18.907206659824624
1892,20.754343284083387
1893,27.322857070689906
1894,22.30388452217722
1895,33.734674318599446
1896,34.61936354704525
1897,41.84725878706967
1898,59.173957852102504
1899,55.49612147972293
1900,14.459765763376952
1901,39.381219012855475
1902,32.553790001096864
1903,34.7466284470944
1921,19.18194700323218
1922,26.445940590467384
1923,32.730043232340684
1924,31.98878705061526
1925,34.16341381435115
1926,38.83552463697352
1927,36.86990788729256
1928,36.24179725782725
1929,39.896222083249256
2057,19.79334857095565
2058,20.392972311837926
2059,21.99956963857325
2060,42.61483619999673
2061,31.72766498824371
2062,33.203199828800656
2063,31.63681220542618
2064,38.67276996251526
2065,42.96489677003796
2066,47.74946598737899
2067,51.09919667952844
2068,58.51008329583448
2139,49.429364412325135
2140,43.49704948968312
2141,46.64095710972445
2142,66.960572002176
2218,20.22533979868928
2219,38.488671863319254
2220,29.966285795628295
2221,34.59158575845102
2222,37.947857671046485
2223,42.797977012985314
2224,40.13467486298878
2225,49.758683513125995
2226,41.96484757254302
2227,43.19148912280914
2255,39.82749118857448
2256,31.093142105060597
2257,35.05509183011171
2258,31.62177900703853
2259,33.247102857918655
2260,32.03516069195884
2261,42.11941577499146
2262,48.10602578490242
2263,42.93006016597699
2264,43.72524694428345
2265,48.96291852713773
2266,58.71876464667163
2271,32.444958370171285
2272,30.642885738302752
2273,36.46557480801348
2274,33.39679786366379
2287,23.87995059779198
2288,18.293532143020666
2289,31.751103161699167
2290,41.087768951478814
2336,13.631430674734831
2337,31.655669979528636
2338,34.668512677222516
2339,37.21317875328101
2340,43.01433247002404
2341,50.1843884891921
2342,46.170303981330036
2343,49.283796776708144
2344,47.980310100026415
2345,44.55879007603405
2346,50.217238786276376
2347,50.14131124287705
2413,18.51557953490983
2414,27.20689731747309
2415,14.31179482478611
2416,25.346362217042074
2417,31.711026245255944
2418,30.381407058551982
2419,38.20490851166541
2420,35.43606617659856
2437,40.02115458485679
2438,34.03279863721901
2439,46.20619107327045
2440,60.27199423612534
2479,39.730510407533565
2480,44.58420099680081
2481,34.05851482213871
2482,42.02841592869751
2483,20.62991401287032
2484,18.791305215859502
2485,28.98363201463264
2486,29.088098421311248
2487,27.631080299752682
2488,29.743999684032556
2489,50.04641163143994
2490,53.51587591434582
2491,48.694629103532485
2492,33.405995973307895
2493,37.18200849040696
2494,50.16315282502954
2535,42.38080003428797
2536,41.57782214205709
2537,53.08686947113662
2538,48.72681802443901
2539,60.36990961497974
2557,27.247444817608322
2558,17.283525085941772
2559,31.53747811175389
2560,39.893963560452256
2561,34.24852738052805
2562,30.838358861258158
2563,35.58608217435409
2564,56.12259313011076
2565,47.67405387435137
2566,41.30482094360697
2567,49.91018799028586
2568,55.403233814948656
2573,37.70830711995213
2574,41.09180902218729
2575,35.88406345848227
2576,60.00485880463628
2577,31.744318064733594
2578,44.217694122107424
2579,50.05983482325958
2580,39.34436320097257
2581,53.608202247147744
2582,55.277843903107346
2583,60.394375895231725
2584,61.264137709966214
2585,18.060647468981983
2586,13.418209702278785
2587,18.82695494145161
2588,9.740132158721206
2589,40.494354177544935
2590,40.81023299702927
2591,47.32700230114874
2592,47.55617554470953
2593,49.779180587738004
2594,35.66042695497481
2595,34.27012222263401
2596,32.68517659956559
2597,36.93409651465422
2598,57.614322119766086
2599,40.503819975114844
2600,45.90607829948828
2601,51.4531918170003
2602,38.38393869934028
2603,40.84151456867523
2604,55.74910540433837
2605,48.614910605384175
2606,13.002875087333894
2607,19.898914514700294
2608,13.239102784464437
2609,20.04683983114345
2610,17.174553967597006
2632,50.17104322136216
2633,40.888433918704344
2634,52.25581226882354
2635,44.92550349357595
2636,23.244425215220183
2637,29.30026151118228
2638,33.15211673284042
2639,35.503300398894496
2640,31.290768672885026
2641,46.9443967564957
2642,58.32576456157877
2643,45.38698633264405
2644,54.319319726399364
2645,64.50157769237775
2646,55.99475414088351
2647,50.069955837564144
2672,9.424574860668306
2673,10.448965978985392
2674,13.39234403081601
2675,15.593778504139257
2676,13.304041650128624
2677,27.15576321877334
2678,21.585313236336763
2679,41.4235800793628
2680,36.20907436101124
2830,32.19805209737743
2831,15.90283407008669
2832,29.76048462234601
2833,19.583855338584183
2834,37.63269663062152
2903,11.30725509682141
2904,8.149252899571872
2905,12.820200460118315
2906,11.877198721687812
2955,36.118840256167
2956,45.59990511415102
2957,38.61203229943567
2958,33.82257881229324
2959,40.61271517385582
2960,46.895452292092685
2961,47.93800155964468
2962,55.3319599453432
2963,56.950062759962854
2964,36.58605866345583
2965,43.87296516420713
2966,50.25300487227806
2967,47.18353522358317
2968,42.828543440167806
2969,48.61448024590021
2970,60.37617087664412
2971,54.5623970086053
2972,50.797549637658065
2973,56.11930111318226
2974,57.06298644750977
2975,52.69789444307996
3006,58.30323819558191
3007,67.89999204173962
3008,60.147059171687786
3009,71.51137604231997
3010,62.05322063783782
3011,67.69142992396806
3012,64.9702890284985
3013,64.69871336460697
3014,71.65692933036821
3031,28.94427356678597
3032,20.523448557626004
3033,49.34321195629939
3034,53.470821668904826
3035,38.20126331766372
3036,54.002883900125205
3037,55.50022599736437
3038,50.39166636250164
3167,18.009072645089766
3168,19.575907503917676
3169,23.412901895786852
3170,12.632787425924894
3175,35.551057775729596
3176,36.14340995357367
3177,36.52588025854321
3178,37.30874844458788
3179,44.96016691673449
3180,41.73139561743562
3181,50.16781846800933
3182,60.504294784635114
3183,53.90602581814532
3184,38.20141805396862
3185,62.138246251888155
3186,52.855021820919085
3192,25.041705608208854
3193,20.0929913587849
3194,33.63267292795982
3195,40.74553626018959
3196,35.23631033317419
3197,11.781135763119156
3198,7.477283312938582
3199,22.85638685898634
3200,14.87019951701123
3201,30.59016718570128
3202,45.48566351914745
3203,31.74019301221184
3204,50.71306948075941
3293,42.26578190033228
3294,42.77583668160549
3295,34.84084103509564
3296,40.00861099014734
3297,34.00629764753354
3298,45.252571656280914
3299,49.982665156578925
3300,40.21723220947163
3301,43.87479178212806
3302,54.158293570157674
3303,52.48730127124273
3304,47.30708018427282
3305,46.234453819236876
3306,56.306086961338664
3307,59.2933074699053
3308,46.399546300728176
3309,14.975074371071104
3310,20.169981249952972
3311,37.153651824258255
3312,36.42098650459191
3313,41.19206748177519
3334,18.485934738904668
3335,32.444958370171285
3336,36.06990286232194
3337,31.925262224474526
3338,31.541324416170053
3339,31.582535541984875
3340,31.644770817049732
3341,36.581411165287655
3342,35.158900997013106
3343,55.939984862120184
3344,42.75513189296758
3345,43.2829069937537
3346,52.13951537856985
3347,34.78360372224145
3348,45.21383352358411
3361,18.89180324844322
3362,18.546833950837687
3363,15.809685525948506
3364,40.60295491108822
3393,19.17483282556681
3394,18.64615106774519
3395,22.536543562605893
3396,28.133270260337305
3425,34.46921750260579
3426,34.23170609799825
3427,35.480794443218706
3428,59.14212388738332
3429,49.272594718101594
3430,50.911466703513696
3431,55.26169326080867
3432,57.60135862546591
3472,14.697061600972361
3473,22.122168009256328
3474,15.677833095383097
3475,17.202768853059847
3476,20.613843368921916
3477,38.7762023241933
3478,40.3091331939723
3479,40.02522129909217
3480,37.68503375066907
3481,45.05776487093712
3482,32.103746736162776
3483,42.003035491742814
3521,19.2168378458333
3522,8.427206846335576
3523,14.555045082925076
3524,23.878268876743977
3583,18.718017695495604
3584,14.471597805451104
3585,8.426725443595712
3586,37.1219602832574
3587,36.903709772171
3588,35.94039628064043
3589,39.8095604134617
3590,47.37492682303404
3591,48.34823557917574
3592,52.85074290841097
3593,37.94377045794037
3594,14.089678101967952
3595,26.80110112004796
3596,31.253829023162282
3597,41.65516414870134
3598,37.400917904067256
3599,5.941014645113791
3600,5.941014645113791
3601,13.501675015055351
3602,9.351772370849037
3603,14.442844285132962
3604,18.409146544826353
3605,14.674935275688602
3606,29.686737605557802
3607,34.98068351295037
3608,33.175979428558726
3609,36.049822796937256
3610,32.05337852144676
3644,14.59727454722174
3645,16.662964778231892
3646,16.662964778231892
3647,8.833938703921424
3648,17.524034724033225
3649,20.15471954320111
3650,20.79555988184281
3651,36.05037844128663
3652,32.96136758030041
3653,40.870220589057546
3654,42.46610696917912
3655,43.191530481506675
3812,35.598093839714736
3813,34.497388362930344
3814,37.95778399289245
3815,39.5291314801233
3816,55.77489684423591
3817,54.67797120527913
3818,39.41732634799469
3819,37.425127220920345
3820,42.503507609402405
3821,39.26270194796285
3822,47.51602240547706
3823,46.799504381411694
3824,54.506017155075774
3825,53.33484239814207
3826,66.43809670996947
3827,51.904580811808664
3828,47.23004933783762
3829,64.3615508145506
3886,33.14418860289392
3887,33.02078291543476
3888,42.26027005907419
3889,31.678977669579567
4051,16.10427414151469
4052,21.890011419187697
4053,20.381686778853286
4054,23.520784743439275
4055,20.381686778853286
4056,12.787750924203696
4057,18.448426310370476
4058,23.491687288200694
4059,32.82682094391739
4060,31.904895958729245
4061,37.036906020412395
4062,36.022555459981625
4128,15.268657130158434
4129,16.854748523524602
4130,26.95222800320133
4131,18.902597748029546
4132,30.929877938972872
4133,30.05588896211372
4134,27.593985808821436
4135,38.27326201644525
4136,47.672167045970994
4137,44.20020567959075
4176,18.66355047350067
4177,31.2763293901058
4178,33.030820725021684
4179,31.293191426026866
4201,49.383712337656256
4202,48.265447119406126
4203,37.078274271781694
4204,33.675024051356694
4205,37.773385476469926
4206,57.12877773388199
4207,64.68141014846239
4228,50.019237720228034
4229,53.609068195950876
4230,50.75205571542842
4231,54.11128943879126
4232,55.72983213265169
4239,22.2474955524924
4240,26.480831433068502
4241,34.04118849013466
4242,36.304149354675346
4249,26.941433503615006
4250,22.554053237885324
4251,26.163564211788263
4252,40.514450341060765
4253,37.23758410189617
4254,39.0608321277824
4255,41.90324766935996
4256,54.66792745126236
4257,33.49608096934326
4258,37.59209260764234
4259,39.244916288877775
4260,47.59925733723516
4270,48.04870265254613
4271,34.03891237306061
4272,48.86988876059537
4273,49.443776202523274
4274,43.24663627822371
4275,49.31838271241211
4276,33.82665590376643
4277,42.12433718883315
4278,39.4074194446688
4279,50.33515152309912
4280,50.97594857821846
4281,41.79699256738344
4282,54.78486948561499
4283,46.781732495386684
4284,50.3577170068382
4285,62.744581418459646
4323,11.489929724036989
4324,22.105135582317892
4325,36.745846534287544
4326,34.64670569979876
4327,45.76646608469166
4328,37.324732373799
4329,37.741425379251865
4330,54.16651046509415
4331,46.144589018066725
4332,54.100272710811275
4333,39.30769753541753
4362,9.658787308190115
4363,17.255637641480266
4364,18.221434096437427
4365,4.482106019759692
4366,11.784600113391345
4367,43.54463446713079
4368,14.33397499589504
4369,35.92743268385195
4370,42.24877942024117
4371,34.57102184513667
4399,35.56065952707622
4400,38.27546637743044
4401,38.838988741040005
4402,60.581524764787495
4403,67.97399572669684
4425,23.69667654640863
4426,36.37019776767114
4427,54.57986152593333
4428,36.46798525483475
4429,36.08193312428661
4430,33.96712264578597
4431,38.20916757578585
4432,46.769663088954445
4433,46.279283208832716
4434,49.66187056296443
4435,49.13916375391321
4484,16.379786781591882
4485,15.50092573473469
4486,25.554721632579913
4487,35.49828712456486
4545,18.942065900518976
4546,25.47216280704996
4547,29.332959457488762
4548,35.587899648032334
4549,34.64515685916244
4550,51.928958862738526
4551,43.061341263516766
4552,37.71783597049104
4553,43.704300807670876
4554,42.46997748641464
4555,42.39986725122451
4561,13.347279882181546
4562,18.833509284131267
4563,19.531405711414454
4564,13.347279882181546
4698,22.147166971111375
4699,25.489283893800007
4700,33.85934384476169
4701,35.63974909025937
4702,39.12354589614112
4703,38.329321381928686
4704,39.01312739099008
4705,49.46786571770711
4706,36.116537812200406
4707,46.51052803668106
4708,39.07804813306666
4785,14.789502890527
4786,18.939022191347107
4787,41.359425094793195
4788,33.41533742875079
4828,27.198432938122217
4829,39.52487254106558
4830,32.883640749759174
4831,37.33299360870776
4832,46.94936995328355
4837,5.648207334015925
4838,9.366612933864857
4839,10.391004052181943
4840,41.20669528114882
4891,21.99956963857325
4892,19.1262342090974
4893,22.2491772735404
4894,30.68514780644371
4956,50.018548962111794
4957,65.46746994132234
4958,70.1259426506633
4959,57.16891876940511
4997,16.586086827805712
4998,23.88241393185009
4999,32.784245880988095
5000,30.304457511068914
5001,29.458924192153205
5002,33.33054431872138
5003,30.512318819994473
5004,33.2948803062374
5005,35.4822669924253
5006,34.24944588655726
5007,46.821811470397435
5008,53.427381093550714
5045,5.907983883088512
5046,9.241099435390245
5047,14.162318259018829
5048,16.40615483270984
5085,18.616175258198776
5086,13.10244924493856
5087,13.10244924493856
5088,22.817889693130393
5089,22.817889693130393
5090,34.687144961363316
5091,33.1191640421312
5092,35.08459010526711
5093,40.38381009004482
5094,43.122456212092914
5095,33.53412825039932
5096,41.80918176791942
5097,11.383479255819111
5098,29.29233760416881
5099,31.998609658015287
5100,33.29860791759541
5101,43.43804734527874
5102,40.835430721038655
5103,32.50215342459321
5104,60.89097109822581
5257,9.051150558566963
5258,11.269746668287219
5259,16.09921524889512
5260,9.051150558566963
5261,17.914685659929287
5262,18.443367417750906
5263,30.42359793081207
5264,34.390964454893634
5265,31.700742591820664
5266,31.608758472256515
5267,46.31897633461489
5268,45.879018915102684
5372,50.79079558422854
5373,41.556293900958714
5374,52.020714904523174
5375,52.885734271352696
5376,64.96452167750552
5377,63.04533031365512
5378,52.91472434188377
5379,61.55400863296928
5380,60.44676082809905
5381,70.33890715888276
5382,70.83657197607697
5383,66.23021569847229
5419,20.426962583497318
5420,15.814744418568077
5421,32.33510284249974
5422,31.93330849590524
5423,45.33625041150265
5424,32.77059243871779
5425,43.750435014305566
5426,44.56311311863936
5427,54.74222289176682
5428,55.02936296296742
5429,39.30294481935749
5438,45.21816239024418
5439,49.80096795696291
5440,53.55431194120785
5441,52.65170903311594
5454,49.33373031539075
5455,25.797005749279215
5456,33.39270780212113
5457,43.523821364716476
5458,54.05932891193942
5459,67.60608525535483
5460,54.631285381178934
5461,68.61047086944737
5494,17.400764035884496
5495,14.909834083490868
5496,34.242145569220725
5497,32.06411836260117
5498,34.33337835258582
5499,40.22573504891602
5500,34.80480399466147
5501,39.73146518312752
5629,4.992799486449942
5630,14.52039659679556
5631,9.735391118111881
5632,15.807305693725285
5633,39.5943160589207
5634,36.021665346055606
5635,45.18678483119942
5636,51.05796265831647
5637,42.82040029889617
5638,47.39226152727583
5639,41.564410007589395
5640,45.93321290951542
5641,47.85626788170416
5642,41.35979188264514
5643,49.49182088085146
5644,52.40351231513985
5645,5.630749875325399
5646,18.258411331267354
5647,11.6134723396253
5648,20.669161521797264
5649,20.069537780914988
5650,29.707599628718494
5651,36.3779211847382
5652,33.84877155907962
5653,35.17932282028972
5666,40.0207498592763
5667,44.843639013253856
5668,36.310945323861695
5669,44.56851143742187
5670,37.8015095321743
5671,38.56872336967745
5672,52.51663092985908
5673,54.088539506154184
5674,58.66897193673155
5675,53.46444280104629
5676,61.58618199540047
5677,54.86179348476206
5732,15.167338800894392
5733,35.3628986837053
5734,21.831937125424602
5735,31.89302571366181
5736,38.09971047457932
5737,36.723926912164416
5738,37.306171059902134
5739,46.43240950669477
5740,47.53544527610495
5741,45.4910399012972
5742,46.10940808011917
5743,47.942840905161106
5863,57.05182419368041
5864,41.37667631629433
5865,57.51117937691338
5866,53.138006769978865
5867,61.90491431060407
5868,57.38240821923469
5869,67.31547742234227
5870,63.06424781905732
5871,66.82285365220542
5872,66.14166425158508
5873,61.58986373348811
5874,68.50847357936101
5907,36.119346657331455
5908,36.53142098526283
5909,40.5754070668044
5910,56.384507729590965
5911,41.404326729497214
5912,41.127607098536295
5913,37.53541691085911
5914,44.80881870247445
5915,50.139062773512876
5916,61.02938757504105
5917,53.62202124401702
5918,57.06346640584689
5940,27.525309646487752
5941,34.618919071927124
5942,36.67930371405747
5943,32.82469833956583
5944,13.338676942069103
5945,18.244815777560408
5946,18.293532143020666
5947,26.484976488174613
5948,22.25164060759851
5949,36.46081265778753
5950,35.6177091560711
5951,31.547845753995805
5952,42.668040832443175
5953,38.845720710765065
5954,39.88782153554611
5955,57.14120502296573
5980,29.176498934505542
5981,38.65085571298225
5982,29.17415207982792
5983,45.662957569749445
5984,49.72274017136906
5985,36.47791693246105
5986,14.588865755988959
5987,33.778746576934935
5988,44.46335896387326
5989,47.21447997769475
5990,34.589861751383516
5991,39.28392862328216
5992,51.67259349038393
5993,39.67785400329099
5994,41.288155880801035
5995,51.005293580061796
5996,56.81885274792448
6001,35.75844957285618
6002,30.602413790167173
6003,30.48980822624264
6004,49.75176020091011
6005,53.53246438602911
6006,40.27283425729827
6007,64.03899842461261
6008,69.080077327318
6021,31.953457357876612
6022,35.69353120557862
6023,55.15565876186597
6024,57.6739539437139
6025,63.1733597622759
6026,55.622336750026314
6027,53.08325819284509
6028,53.94556609204439
6029,60.27408727718734
6030,62.43161008836288
6031,61.69677527442432
6032,63.428389234830234
6122,38.95173813816512
6123,20.030234116500928
6124,47.102445486899455
6125,38.120968819554385
6261,23.553234279353898
6262,40.690573934090445
6263,49.98095061285811
6264,58.56749269665398
6265,45.428851229744225
6266,54.67733940855883
6267,55.30268866331135
6268,48.91994763711173
6269,52.69784800982614
6270,57.47081891064327
6271,56.80058194405406
6272,55.42746350215311
6313,40.60229574940717
6314,41.925938058189956
6315,47.35403745827379
6316,46.19155052911758
6317,59.8143455126073
6318,39.96532102506085
6319,51.73239205931604
6320,54.84348966671028
6321,5.882293066540016
6322,5.897741873420825
6323,14.613728705741869
6324,14.75349332605142
6325,14.486280000619786
6326,15.302889662669362
6327,15.302889662669362
6328,30.25691967806254
6329,30.87082308886454
6330,39.490490013389085
6331,39.134621600226396
6332,34.2005362426326
6348,9.670460907870616
6349,12.613838959701235
6350,9.670460907870616
6351,14.815273433024482
6352,12.613838959701235
6353,16.229137302972354
6354,8.473842266135229
6355,26.227888612416294
6356,22.656009913548225
6357,26.577736882026528
6388,30.729171981910646
6389,29.431410418759157
6390,16.418972462249556
6391,31.98807723212553
6392,38.77693200501744
6393,35.081331772609325
6394,31.699225027323642
6395,49.10322264438238
6396,35.00317852625574
6397,40.969312220129034
6398,50.82986169754356
6399,39.15609179430218
6462,10.377443842841583
6463,17.764781054270042
6464,26.98478059465492
6465,35.31309012981599
6486,7.833338926199004
6487,20.562550011452192
6488,19.138489631528415
6489,14.831039962653072
6490,26.489482251513138
6491,32.278963655675696
6492,36.64925861001663
6493,36.914948216409
6494,38.11570478794035
6495,48.87822059354961
6496,41.92379953248877
6497,48.407985245097244
6538,32.04439093063047
6539,33.875734525989635
6540,32.60191848988615
6541,32.55748753714923
6558,36.39249739099178
6559,43.70697986672545
6560,39.615616284728816
6561,45.96994905905341
6562,13.345655561689135
6563,18.80273170259845
6564,14.53983867563908
6565,31.358708025072612
6566,34.860642883488275
6567,37.275076801134176
6568,34.495852488634874
6569,29.902972189851518
6570,45.233124271013686
6571,38.881963675417886
6572,48.38145290984237
6573,47.85881177752547
6574,31.935465391791606
6575,37.376044443293885
6576,43.83358211520957
6577,37.52084353354875
6578,49.510966761822814
6579,34.14218918308071
6580,23.017246396181765
6581,31.021343164493565
6582,32.81294362885654
6603,29.367128004017637
6604,30.931909708115956
6605,31.49297728999806
6606,33.240823946861845
6607,35.002359695262165
6608,32.27092023308447
6609,52.75764820243213
6610,32.37423151753479
6611,37.00822500765405
6612,40.26617217339927
6613,41.0764860954372
6614,44.87442955539791
6643,11.936115265702558
6644,14.638737979610886
6645,10.839199342156936
6646,16.704428210621035
6647,22.295603529558996
6648,16.004537354098176
6649,14.699496445614308
6650,26.54265879049501
6651,14.211462134643371
6652,32.381272298857915
6653,34.62374721308223
6654,34.81963961986907
6663,32.099218313882425
6664,44.25196948186022
6665,32.4284896471044
6666,44.50917116864847
6667,36.419670908428685
6668,49.3861814164048
6669,47.49026074739011
6670,48.71977687784791
6671,45.28515812286247
6672,49.81836452292094
6673,47.46730928703217
6674,38.928314960407114
6675,25.581158310699188
6676,29.165368191703024
6677,29.032189395316916
6678,38.02175486098693
6753,47.176310565762115
6754,52.742190861260966
6755,57.52770083922439
6756,57.508215703602694
6757,38.91771008003008
6758,40.25088442411348
6759,49.342778013591044
6760,48.94994912329228
6768,34.06609901173463
6769,50.03622023728294
6770,61.65500861589908
6771,56.930374126132136
6772,68.62646469253633
6773,53.767359296053485
6774,67.14112775733156
6775,51.616913109828616
6776,46.37851464300541
6777,60.15894949497897
6778,55.74730838782565
6779,55.87599761410302
6788,13.056428157248858
6789,14.343049240713961
6790,16.68854657280571
6791,14.828914031537765
6792,15.809685525948506
6793,18.018152193016068
6794,19.492448925739414
6795,17.82010738976871
6796,25.149620247815673
6797,34.048464080698025
6798,34.43861499437562
6799,42.78448824668956
6842,34.2091014620368
6843,44.07553664896617
6844,48.3690004904398
6845,51.25873231080249
6846,47.514420405286245
6895,29.04664774340867
6896,37.3946755185175
6897,35.46288180124623
6898,47.93659687473552
6899,42.79605544362688
6900,42.71593282857773
6901,46.061500373188196
6902,45.97505610472439
6903,48.72072796315641
6904,53.60371363750441
6905,56.556695934760086
6906,51.729768230055974
6907,56.28510853346783
6908,48.8975849623828
6909,59.614808877992836
6910,47.87838947962123
6956,27.415256733010928
6957,36.58788528137676
6958,38.761235961162754
6959,49.395915308770086
6960,47.29043787682227
6961,54.449017796344336
6962,36.008513698380895
6963,53.293427887965485
6972,21.972723607178075
6973,29.44978754327941
6974,28.831247005487743
6975,37.94588645977789
6976,47.206297852732604
6977,39.12143908103047
6978,35.1923241259478
6979,34.33904764648323
6980,36.54904314863612
6981,52.183255690129734
6982,51.50371320200476
6983,48.70268982797221
7052,40.26893127683389
7053,34.82051283696857
7054,39.78766367761589
7055,41.69557366292432
7084,5.308222218615535
7085,5.308222218615535
7086,5.308222218615535
7087,5.308222218615535
7088,11.791096286831719
7089,11.036838382648194
7090,16.082718200610895
7091,23.41509425020896
7092,20.71141282095008
7093,18.453308118576338
7094,22.657795611153194
7095,14.418674674521768
7096,33.688317941932205
7097,42.780151706071095
7098,42.46692386704266
7099,47.44126159068395
7100,61.24253653149188
7101,46.47211073611779
7102,41.19659372401914
7103,41.3346592098177
7104,44.880475786247565
7121,13.579025189006867
7122,31.462125010750103
7123,30.042708318808337
7124,46.44298294341473
7134,50.38891181169467
7135,34.42061364341925
7136,45.72843342156104
7137,57.69498951155705
7199,20.69034563731071
7200,19.266285257386933
7201,43.73702280583129
7202,40.803542631016334
7203,36.97829627841783
7204,33.25388620104583
7205,39.46114390500747
7206,44.79177764642695
7207,39.043942640413775
7208,46.273052451313205
7209,45.14291636786593
7210,45.70498031159992
7279,20.49853825558257
7280,9.271333614316733
7281,30.41023254429294
7282,34.92901262644939
7287,25.569769568704782
7288,19.11900743328458
7289,22.86375069213768
7290,30.8292854771247
7291,36.54801408225349
7292,30.59921055560684
7293,45.026530154804384
7294,54.48699475161847
7295,32.023756936518595
7296,45.16951903330186
7297,47.349808973875895
7298,48.920146789325315
7371,8.595924640373433
7372,11.269746668287219
7373,10.075541676884049
7374,16.806445595404085
7375,16.806445595404085
7376,18.62070440792271
7377,23.304265159346993
7378,23.304265159346993
7379,31.987410868155557
7380,34.57622431406675
7381,39.64551331342336
7382,37.25968151786921
7510,41.29939438468663
7511,42.89061338169707
7512,52.59334195020647
7513,44.417306453870985
7514,51.41511684377843
7551,3.420606372297668
7552,3.420606372297668
7553,3.420606372297668
7554,4.265578370304732
7590,23.630342962824827
7591,27.06376534300136
7592,33.69836552781097
7593,33.61869027080686
7594,42.89891497110531
7595,16.958025749166453
7596,36.068459219654564
7597,40.3865839539853
7629,27.424983265264874
7630,26.45566712272133
7631,32.97204569487436
7632,29.72424904012274
7633,34.49529858268995
7634,48.95061273191115
7639,27.45704810281268
7640,36.83100330671853
7641,45.230475809917145
7642,46.3063405047922
7643,49.780376299326875
7644,46.42267912932682
7645,51.83049865498218
7646,57.97794684870292
7647,52.58075142801424
7648,14.52039659679556
7649,18.822213900842286
7650,6.294455725160095
7651,13.369643523271494
7652,16.62951686823159
7653,15.811811457063808
7654,13.61037698374056
7655,36.86055585830895
7656,30.509115815470523
7657,34.15296361691348
7658,40.46806128374464
7659,37.48237683441867
7690,13.310562421659505
7691,18.796791823609237
7692,14.291333916070236
7693,31.896048257874035
7694,28.607029014592225
7695,32.69376469593978
7696,26.88709723597313
7697,39.135799181651784
7698,28.047570511247436
7699,31.98311270431544
7700,41.7087179825364
7701,38.56838711134132
7734,4.187636449389031
7735,13.056428157248858
7736,18.89180324844322
7737,35.23468165503374
7738,36.65105593876155
7739,32.69797836830648
7740,32.97711749436517
7749,6.626192599526465
7750,13.529130279772057
7751,6.626192599526465
7752,16.609425799952504
7753,14.482579933252936
7754,14.749793258684571
7783,20.315863628366998
7784,25.31247008997104
7785,38.49650676341669
7786,30.06442664885879
7787,34.50111067243763
7788,4.887218710616322
7789,15.159548843587936
7790,15.159548843587936
7791,4.946128826280437
7810,36.147139390312475
7811,52.61787489944711
7812,37.12318693538045
7813,53.1918131649113
7814,54.92912182498334
7815,51.14980514538841
7816,49.54187323346919
7817,59.7918202650824
7818,50.172929598731514
7842,32.47554656293661
7843,45.01604779371598
7844,38.92795216347185
7845,47.320798219850836
7878,34.52100088572148
7879,33.98751096608059
7880,34.88250450274907
7881,35.284934916520136
7882,37.79196035451044
7883,32.5518373650028
7884,30.569825617512205
7885,51.747883301426626
7886,46.23273820873868
7887,35.98961777770826
7888,45.59373078846816
7889,50.47713765736137
7895,27.488278337700205
7896,27.26914467932576
7897,28.607598718731936
7898,30.405987837090077
7899,37.11285102845775
7912,11.643170970388562
7913,18.288109962030624
7914,23.936230803547435
7915,22.93704976207886
7916,32.85208577599558
7917,34.84450424023688
7918,38.14975448820644
7919,39.17215973016289
7920,40.79248467180214
7921,44.19559074522209
7922,42.811824845226646
7923,43.457897049397495
7957,30.657122191059287
7958,39.43528856639048
7959,31.41400110540786
7960,35.292670055886965
7961,37.85551896439645
7962,49.91589205079829
7963,53.042788454371795
7964,40.38534586355842
7965,48.621438919945184
7966,44.625964896606035
7967,69.53182705625491
7968,47.00647747520385
7969,46.543653130894874
7970,58.66490619327167
7971,46.219664807022
7972,44.97623788370653
7973,19.67873145895053
7974,33.56980946479253
7975,29.810995077111308
7976,34.66599055466548
7983,13.103114728844162
7984,4.7865893194092335
7985,13.836994565081174
7986,10.582928723330927
8027,41.40100561907064
8028,53.814613171722115
8029,43.041555497848144
8030,48.18999837132741
8031,42.43643605304186
8032,39.113217278550906
8033,43.8740739740183
8034,50.033129266544066
8035,44.28189467656151
8036,44.87082472105393
8037,51.18960971248102
8038,56.81820396092676
8101,19.725739100739414
8102,41.494240756765876
8103,34.311785690317706
8104,33.97360004542388
8105,11.807981794514326
8106,11.888285231979083
8107,10.791369308433461
8108,13.676382569493887
8126,38.589211101505505
8127,42.35928183140037
8128,54.9480821498245
8129,54.48432819871821
8139,44.87413939852683
8140,39.34537104166339
8141,44.19722356195572
8142,30.95134598648332
8143,53.184047355776386
8144,39.890429090857566
8145,47.35783795302335
8146,19.116509264452276
8147,13.250046577476686
8148,20.540569644376053
8149,14.896371699262806
8150,13.326839360983248
8151,14.772126445542588
8152,13.551463466630075
8153,17.242404406331307
8154,14.753170291158694
8162,43.29578847072546
8163,49.92695236244413
8164,33.903075176284915
8165,39.37640505445046
8166,42.05774369261664
8167,45.300326677296525
8168,41.43921029944369
8169,49.1271934928938
8170,52.9053937028093
8171,52.21450400610051
8172,51.234456295838754
8173,54.787665636281524
8203,16.5484072949713
8204,16.552913058309827
8205,23.81031588526685
8206,43.38845519727405
8207,38.65743767884604
8208,33.27295196314211
8209,37.20305439676122
8210,37.692023773950204
8211,49.81171866992994
8212,52.26496330348928
8213,57.15811247489406
8214,47.950348153843805
8215,5.307168843968568
8216,5.916557154575709
8217,13.508049821708099
8218,16.527189706199138
8219,24.176459963869444
8220,19.515028932958767
8221,22.925983945843694
8222,19.26330447949534
8223,23.11280842017821
8224,30.664840150525812
8225,34.51317814652629
8226,24.295173100941675
8305,14.566759598725708
8306,21.93528722383173
8307,20.328689897096407
8308,31.03385032871552
8309,29.83402914285561
8310,38.17843328282642
8343,18.060647468981983
8344,14.532493889586446
8345,13.294081126416062
8346,9.188788722769079
8468,29.855755049769936
8469,38.597811065325395
8470,31.288822690119417
8471,35.75624558734793
8472,21.713265883860338
8473,31.698693758977477
8474,45.77789349136081
8475,36.07672533200988
8476,30.02390889333865
8477,52.69816025626282
8478,55.23054110268552
8479,42.03891504107604
8480,51.62147797714011
8481,42.668236027792894
8482,51.643976610106016
8483,56.336867154442835
8536,23.719743695901084
8537,36.92961628194061
8538,45.122083793490546
8539,39.368284403856215
8540,13.977428274815118
8541,18.448426310370476
8542,14.244641600246753
8543,8.571886077754423
8544,12.965087914375497
8545,36.05383129920045
8546,28.791910427484098
8547,34.13693870327453
8548,36.05796412305751
8549,35.833460304010224
8550,41.92791101250628
8551,40.456003369415036
8564,20.750989600559837
8565,29.691155021080156
8566,27.278286789406934
8567,41.825941583317565
8568,53.2958084111495
8569,45.8087565338728
8570,53.74158654402726
8571,54.2119523913834
8572,64.32328025258323
8573,49.66822596927349
8574,57.0403110044754
8575,60.577706921097636
8604,16.914971021110436
8605,21.93528722383173
8606,30.702438624893563
8607,30.680527713288555
8624,19.72129878010429
8625,18.485934738904668
8626,22.559112130504893
8627,17.41895654142425
8677,19.49110855625294
8678,34.727181056099134
8679,37.499497287021995
8680,34.2750744635769
8681,32.67448151800974
8682,35.33333836387915
8683,42.90224806080569
8684,40.70804695311637
8685,31.976150061296796
8686,31.509449576452717
8687,41.516274289976366
8688,38.10778363309509
8732,50.245349570368326
8733,58.384643648016784
8734,54.33106157390074
8735,69.33844252894237
8768,36.32044760014042
8769,35.47612858693566
8770,40.05789801485849
8771,37.802045330329776
8772,47.02292403504735
8773,49.552205368738235
8774,54.41310388768596
8775,30.905489592706648
8776,19.14522954271015
8777,23.806660573620828
8778,29.364967053968027
8840,31.92931026627372
8841,34.59766742220474
8842,37.07650084877242
8843,40.87945892976576
8844,35.81344085977091
8845,49.32197084748176
8846,50.35522813406083
8847,44.486141062243775
8848,46.12948803923832
8849,39.955037456795
8850,56.23189559470087
8851,47.853723873049084
8852,28.87316969371828
8853,36.32726843430126
8854,53.97693056920652
8855,66.59066052736561
8868,45.51210637081642
8869,48.81736361519553
8870,47.62664377786485
8871,45.90179701264122
8872,48.82997686595276
8873,47.337338801276644
8874,62.43072786402254
8875,64.25920594619795
8876,65.02106712733787
8877,55.406163598508776
8878,64.99029057870848
8879,57.20338900153966
8898,40.21934853878611
8899,18.658495340648642
8900,17.288415065096274
8901,39.21752573113147
8902,34.863321474915246
8903,33.19664164878125
8904,41.08703708873337
8905,38.23715069031879
8906,32.45944564160946
8907,50.64830066173823
8908,42.31321206458645
8965,33.59872783451281
8966,27.277553426511048
8967,33.563913257988354
8968,33.59952535863229
9070,31.91276537038482
9071,39.61890266162606
9072,31.46737682364114
9073,43.56951820073656
9074,30.559797167168803
9087,19.088541921601394
9088,40.541537475644226
9089,43.058124011477446
9090,27.917621689674807
9091,14.848441420077203
9092,22.179450967466455
9093,20.572853640731132
9094,27.91975531547399
9095,29.975006164881297
9096,31.13416733667145
9097,32.29585970234992
9155,26.460988526592253
9156,14.53983867563908
9157,32.15974006909627
9158,32.05229783727377
9159,45.43050323057647
9160,44.77196970116399
9161,33.68165300300329
9162,39.48983721927524
9163,49.736014970926725
9164,59.817828793462866
9165,39.06604847852749
9166,51.98722798354548
9167,35.51264606539105
9168,35.10271023796448
9169,41.94031942853702
9170,33.35888794547701
9171,51.17192963681083
9172,50.29663566924764
9173,49.35689390443285
9195,17.41165855713
9196,11.936115265702558
9197,20.042343376297886
9198,17.529473111774912
9282,30.149105877506983
9283,17.78745023283569
9284,41.04333901412526
9285,41.747511621868554
9286,40.76495502742943
9287,45.27165242277735
9288,47.1327893772248
9313,15.76838141663793
9314,22.2491772735404
9315,20.7433159672641
9316,30.679222066168727
9359,30.978779616877798
9360,45.28914421993002
9361,47.89874793680875
9362,32.56042987667216
9363,23.869814712262134
9364,29.670882168196464
9365,45.15047586408846
9366,62.17930002382614
9367,60.44541501421275
9368,29.010238282722405
9369,30.821306874987396
9370,45.18405838271386
9371,32.35879001758628
9372,52.47624936397394
9373,41.85007732424759
9374,48.55586432912723
9375,47.01988960896654
9376,31.07833812864231
9377,52.6450556756465
9378,56.43106964972325
9379,43.08626890317961
9380,25.041705608208854
9381,35.00094918400342
9382,34.78424624373167
9383,37.637112418417246
9384,36.62866780477297
9385,37.2375107098502
9386,34.46097193713088
9387,32.29986579338005
9388,40.48823211720861
9389,35.700783562247565
9390,44.0199639677965
9391,48.26498115011403
9392,29.855999489667056
9393,14.66082195999596
9394,31.019568516172075
9395,30.183396553952655
9396,34.91100945210342
9397,31.66542377891018
9398,33.415684911309015
9399,40.141972877548284
9400,44.94230732582324
9401,41.963196623067326
9402,36.308976721657714
9403,33.58516918211465
9502,29.32389576945002
9503,15.886722799453254
9504,31.694165540821768
9505,30.85567667761824
9506,30.996913319305165
9507,33.02626811989177
9508,39.195905996602214
9509,28.215279566751192
9510,31.763059740867693
9511,33.82064430554833
9512,39.19778949675071
9513,36.76654361562039
9514,38.41579073345174
9515,34.227866621318
9516,31.298499833519053
9517,47.953997810993044
9518,51.42677385323409
9519,34.268543420927294
9520,39.32088419772371
9521,34.280019488382806
9522,38.776018644829776
9543,59.60889650392747
9544,56.508786639882516
9545,53.240452353858636
9546,64.2827553850935
9547,55.231364725118006
9548,61.09547322720801
9549,67.95077865423023
9550,54.08533552433168
9551,52.75380945138668
9552,62.87879634521995
9553,71.3933236699881
9554,57.24476603416439
9724,30.31225001576264
9725,20.2618494669354
9726,33.13501831347154
9727,32.4232424193784
9728,29.674751334321485
9729,31.759997340631493
9730,36.220353811890654
9731,23.601126491533986
9732,44.11982497757175
9733,44.73035562700617
9734,45.7003240502262
9735,48.00628450655466
9778,26.231811059339
9779,35.86659436587154
9780,42.613267946049476
9781,36.35944374921603
9826,41.88410025459926
9827,41.597931031913966
9828,34.30704219849234
9829,38.22440474954492
9830,40.93178268888556
9831,43.44519729422454
9832,33.74963570067303
9833,56.44207681463689
9834,48.48148844620991
9835,43.92440680367767
9836,42.561829550648866
9837,43.95166680348905
9850,32.083067213030816
9851,32.35898345262045
9852,58.32523422499669
9853,50.44258496709396
9854,44.781894369598795
9855,38.02448748223292
9856,55.91728218240469
9857,54.706280297030844
9858,53.568672214317694
9859,33.80538064455052
9860,37.895389975246076
9861,35.76479922988228
9862,39.9324476292714
9863,35.142913223447
9945,33.042151873123395
9946,58.878373079327744
9947,36.64925861001663
9948,56.06741239832761
9949,34.432002810571795
9950,42.53252587394475
9951,67.21618876557464
9952,54.9240860758352
9953,44.351948647071374
9954,47.374248659114706
9955,59.700253898098204
10058,8.40226795305763
10059,26.186892153195437
10060,22.688559062000632
10061,20.423956809927386
10062,38.371988435813755
10063,32.79397674760857
10064,31.043739794784177
10065,38.419926890944666
10066,47.324541793558765
10067,39.407059496550815
10068,43.859937601592144
10069,43.298320150187244
10070,49.325897779923245
10071,36.31362061217457
10072,39.55641041897727
10073,43.68450879272463
10074,56.56077789426665
10145,19.217906737256385
10146,29.72043355387587
10147,34.869945000821595
10148,33.26075659273188
10149,36.04438211360477
10186,43.19103628828457
10187,29.26377790561051
10188,50.739009390797534
10189,45.69936219547358
10190,33.907284908440346
10191,50.2908026091832
10192,52.21602326847969
10193,53.69734366077141
10194,52.24446353031754
10206,26.99169615569076
10207,30.513899025709648
10208,36.66191282362043
10209,34.56606992086668
10210,35.91665972443269
10211,40.45420179597267
10212,34.74197368226665
10213,43.91760423049732
10214,50.663629256338744
10215,45.88896343261363
10239,30.36880474830929
10240,30.63582488925612
10241,38.235972531526556
10242,36.95404424031129
10271,17.41165855713
10272,9.86184730948336
10273,18.49076380339355
10274,20.800998269584497
10275,15.150134488430396
10276,35.760298305469895
10277,38.09393808553137
10278,33.519342274914464
10279,57.228595388250284
10280,47.24751411830757
10281,54.61522237873591
10282,55.61667094915085
10283,10.664873000794637
10284,15.809685525948506
10285,23.32944331760859
10286,31.0549347215422
10310,43.70681967671204
10311,34.38585333512688
10312,32.954101358993825
10313,30.09705970819964
10314,34.47244555136302
10315,45.859469389927796
10316,50.11980243836465
10317,36.83412050678469
10318,44.2733521519929
10319,48.43672581840844
10320,58.18937667268846
10321,49.09162501786411
10322,22.283978119353936
10323,38.238550238512666
10324,41.28281382349687
10325,38.210220805524955
10326,44.01888079644101
10327,32.776752763343644
10328,27.461966264013896
10329,47.79986755751321
10330,39.1838447234048
10331,43.66175671081002
10332,37.01405108445449
10333,39.630595749325366
10334,52.982954097431275
10335,40.38496689507245
10413,22.214609298810963
10414,40.30790099509397
10415,37.02925861194973
10416,54.497067897468646
10477,27.268149822053086
10478,27.34163017188079
10479,33.1204474340578
10480,35.5406891524077
10481,47.98727324139628
10545,15.535816577335808
10546,30.753955607579513
10547,34.399217271825684
10548,32.77091201071354
10549,32.980282922288715
10550,36.01083151887097
10551,36.77767630397148
10552,51.404857257084046
10553,45.451486113695736
10554,30.332820598235415
10555,38.777609670666614
10556,48.87304252243248
10634,41.33745820629641
10635,34.72927484439335
10636,50.95779863454528
10637,50.05199235215718
10638,41.09077060235623
10639,45.020556240129004
10640,49.78000263480474
10641,49.61665942622009
10677,22.559112130504893
10678,19.72129878010429
10679,28.880473861513707
10680,31.098627324102967
10681,31.852921895843235
10682,42.513024483476784
10683,30.718098920439207
10684,42.22682569231587
10685,37.22902805538645
10686,48.588181101388166
10687,32.55707261070025
10688,43.53059027422025
10689,37.889506399611044
10690,45.4525318215918
10691,55.678230654055625
10692,46.49870450274786
10699,18.942065900518976
10700,32.340894354836806
10701,50.843296753762495
10702,38.43055784642915
10703,35.409053458393096
10704,40.17667069630469
10705,40.3297749710804
10706,54.56110308543977
10707,50.49818189197018
10708,42.332505002706434
10709,51.07941657553446
10710,43.5234396311113
10772,23.706696257853096
10773,35.135445724884626
10774,43.173467347482
10775,50.08216896171562
10776,42.135058262369014
10777,39.601863145263856
10778,39.20068962004826
10779,55.471046058626555
10780,56.048797863802555
10781,64.83833986649663
10782,44.014986572667574
10783,63.21789382669132
10793,11.562657850246485
10794,15.513265383997174
10795,23.64872008734508
10796,27.145752643376216
10797,33.78815364999691
10824,50.19788925275733
10825,37.750728373489174
10826,35.95789019882244
10827,36.48055489691478
10828,46.31975798190186
10829,51.16343815137619
10830,58.15572506254602
10883,9.54772959998863
10884,17.2566790545466
10885,14.49355056540039
10886,19.11164360013324
10934,29.737298259481765
10935,26.53879335987196
10936,20.09923641167826
10937,30.174054862315522
10938,34.0054782996099
10939,36.577670488961644
10940,37.12163602223323
10941,38.176703624189045
10942,41.569424627079314
10943,37.85485281897709
10944,33.083999286546224
10945,51.23992818969404
11128,22.416543689746668
11129,29.434456144735933
11130,36.81054041691504
11131,37.0513568201708
11132,40.40949569858534
11133,36.80808031693708
11134,48.50046327078146
11135,51.4139842460257
11136,56.19413465222212
11137,56.240676736014194
11138,43.075647682483925
11139,49.92600766435552
11189,31.766528208272266
11190,49.45298002763739
11191,34.814294721996504
11192,43.731668275570726
11193,43.59246360740318
11194,42.81633581811211
11195,40.82761963246572
11196,48.16987103150761
11197,46.526254136768536
11198,45.42102094955112
11199,44.80989908427755
11200,53.60225291976791
11236,11.695882673246507
11237,8.757060753495244
11238,18.822213900842286
11239,18.84897915168983
11240,18.00402166318208
11261,10.11810899803781
11262,6.814638162052552
11263,13.631430674734831
11264,29.472369673011784
11361,46.231618901177
11362,49.16468167189773
11363,53.381721446565635
11364,45.10638492413376
11412,5.448888504207795
11413,18.89180324844322
11414,18.480875846285098
11415,16.843954023938277
11416,25.31247008997104
11417,29.93153076536604
11418,30.318873628734945
11419,29.345296446283278
11420,38.72127369196483
11421,43.66315294181971
11422,55.31359773290435
11423,53.898042443548064
11424,11.585209043585113
11425,14.555045082925076
11426,15.535816577335808
11427,22.2474955524924
11428,29.159434678822787
11429,39.45251827534968
11430,46.78876687251639
11431,47.64096218347453
11432,46.332521011573526
11466,16.393723111936524
11467,15.514862065079331
11468,23.81023371386111
11469,22.17946038960953
11470,37.7987972556554
11471,30.708538607081895
11472,34.05254297409599
11473,41.86435225612011
11474,38.46806294048662
11475,46.021037343205705
11476,46.58150584253867
11494,27.091839301170708
11495,35.3922404504768
11496,39.289114393129104
11497,33.817883991037526
11539,28.899050410870544
11540,30.039761877190493
11541,39.51261531767195
11542,32.37984703049972
11543,36.70273910622315
11641,6.329271751055606
11642,9.773344791450706
11643,4.592157739681759
11644,13.407597196610318
11645,14.751114146514107
11646,14.961271383304252
11647,13.74060840439174
11648,13.51915800695505
11649,15.956820177408844
11650,17.14789794471046
11651,27.92283258263226
11652,23.016085760734917
11757,40.31413566675818
11758,10.901383359795828
11759,40.31413566675818
11760,22.987452178850763
11761,38.609872251682305
11762,51.52315476485125
11763,47.27924640408669
11814,48.168453617325795
11815,37.680102518549
11816,39.480207055802666
11817,49.477933411193014
11818,56.72059686930354
11819,42.62055577339195
11820,30.09469342155143
11821,36.30043389381118
11822,45.787209314568706
11823,47.257713838661495
11833,4.235906375555227
11834,4.235906375555227
11835,5.973020386929074
11836,8.477687339794892
11837,11.53840046918688
11838,9.464132512967684
11839,16.88774321974368
11840,16.83068713110219
11841,18.3354368802363
11842,19.47614924996393
11843,27.221928216848095
11844,45.91392170821949
11995,5.977451569718596
11996,6.760688659469637
11997,9.695857169567523
11998,9.695857169567523
12009,33.82709992663504
12010,20.670830474709067
12011,49.2744129295574
12012,45.177300900805086
12013,60.11661357116391
12014,51.02943437793924
12015,41.92356295772627
12016,38.35060651453959
12017,55.862986182271406
12018,41.36056726271037
12019,55.22545325540506
12020,53.22361789199203
12032,40.2714519540538
12033,41.29950453295758
12034,42.57551381243433
12035,44.785779000489555
12036,53.18750870445769
12047,25.275459839499433
12048,27.207011955700043
12049,30.4111424156351
12050,47.066108234485924
12051,50.02417544710165
12106,49.578863258315295
12107,49.58976028730711
12108,55.54110493478793
12109,56.033929586604295
12110,68.66078264944835
12111,60.49752485197919
12112,67.65044747492998
12113,68.83779841932962
12114,65.8116117283067
12115,66.50270279664012
12116,26.598462478711827
12117,39.24216696672917
12118,47.14259939588004
12119,37.03269774574537
12120,44.349894224160344
12121,48.56706837800616
12122,40.77901640404283
12123,40.860942093151316
12124,43.43403660419929
12125,49.2409100113821
12126,50.745937708557065
12127,50.754864786351675
12132,52.44837402273199
12133,45.65093061884714
12134,45.34846568333906
12135,57.239369608960295
12186,31.684240676126525
12187,28.909772834559735
12188,35.36784823923589
12189,30.33410143761747
12190,39.828376903694036
12191,43.73676515297683
12192,37.4610910729476
12193,36.581869316507166
12194,44.7166687944978
12195,38.362420741714686
12196,43.62393887448054
12197,45.81865264944933
12210,36.70392441364559
12211,21.10618840490887
12212,30.70413955691675
12213,35.96761305982897
12233,13.568839911614488
12234,14.83654197617051
12235,16.68263666038372
12236,22.858365176461174
12237,34.00198488692107
12238,35.43673598420442
12239,32.86520324402043
12240,36.729344353155696
12241,36.98022504968624
12242,38.40599387612418
12243,37.75195159551339
12244,43.377468271564624
12245,37.1101928497396
12246,60.61261162141055
12247,46.268009949520476
12248,41.76648462080551
12249,58.05284271062287
12250,59.05183215292715
12251,50.97313040021635
12252,58.177945582337564
12253,58.729970103540616
12254,57.41671242798398
12255,54.21974284524505
12256,63.09877371524482
12269,47.60634562631035
12270,45.892701239269414
12271,58.719121149808814
12272,59.28960802666852
12273,45.28372365879458
12274,51.5998177445576
12275,64.15371468099846
12276,51.60077285976472
12277,70.18516155818071
12278,57.9263015970158
12279,72.2980300317025
12280,63.90163470222227
12307,17.236825443160043
12308,15.650734049793886
12309,16.52959509665108
12310,31.035186961566257
12311,32.6584676098288
12312,37.48127452998084
12313,33.757756967894146
12314,48.1569421287777
12315,49.45982231897635
12316,47.20612810475482
12317,35.93534998370131
12318,38.205557801064124
12363,20.06442735668296
12364,15.90880677983833
12365,23.948460834195647
12366,28.157232837633305
12367,34.07082333114582
12391,38.6880401317322
12392,39.6431310865107
12393,43.4382790353387
12394,42.31016210695912
12395,46.42599873574023
12396,49.47580633978104
12397,44.63650945010966
12425,40.41992374429281
12426,45.525220949717955
12427,38.99142524251977
12428,53.10715848221067
12429,62.32619362140098
12430,59.06202094023542
12431,63.935005584188865
12432,58.11410251291892
12441,17.250202498881855
12442,27.201127201882546
12443,36.5343009350974
12444,29.937885665438294
12445,40.21431497326468
12446,29.517908277159
12447,36.89742574111979
12448,39.72174557611879
12449,38.71494235405835
12450,45.64229764903038
12451,51.16305401706771
12452,69.69634017657019
12514,12.972640908407406
12515,14.429531584450464
12516,12.972640908407406
12517,16.996394472227358
12518,14.162318259018829
12519,50.32245825383926
12520,39.83721613321959
12521,36.41593570504738
12522,48.626857836924415
12523,51.68781298981358
12524,58.935227861052184
12525,51.440945590379734
12526,58.21897816930592
12527,51.19197834913424
12528,51.44182454981723
12667,25.946161806781706
12668,32.576520034826274
12669,43.116144750885184
12670,32.85963473463178
12671,54.796328020126005
12672,48.30659735990444
12673,47.08426736377322
12674,59.73298514552477
12675,52.18342824819894
12676,49.48235434207237
12677,62.45461409213716
12678,59.43880586821388
12711,36.377043770905466
12712,33.66823543868859
12713,34.218768020997295
12714,52.85298916161505
12715,48.29871919097639
12716,40.179467909070624
12717,27.70179571472717
12718,36.0477524308213
12719,35.287216645890574
12720,36.69223286097778
12721,36.428872905134796
12722,52.96868130184775
12723,48.58960655175568
12724,47.80229612416839
12725,57.755984223793355
12726,55.076409059485584
12727,45.908215980531544
12733,13.368684050571542
12734,14.292792079455584
12735,20.29602121702485
12736,18.027003348593325
12737,24.155525266099378
12738,19.020853900666047
12739,32.050873248348616
12740,45.00719775116444
12741,37.404475201894705
12754,32.905409198632725
12755,29.435613781200228
12756,32.92169798111412
12757,30.254643214415278
12777,6.24788307109247
12778,11.62090607287029
12779,13.263544468006543
12780,9.53852330809494
12781,20.456450956187243
12782,13.268050231345066
12783,19.861332978643492
12784,13.50427792847561
12785,34.6486901176213
12786,34.06267570016176
12800,34.19679982453591
12801,34.62636971880178
12802,45.150074403446936
12803,55.48531165609084
12804,51.28012629877415
12805,39.8721712205784
12806,53.68995861983647
12807,49.49183084938574
12808,54.402754915213634
12809,54.66700830382826
12826,21.92246095510232
12827,10.179008209970828
12828,11.859077992197808
12829,22.561820613995163
12853,8.361011347559486
12854,15.683254112137528
12855,24.0257064115457
12856,24.0257064115457
12857,24.0257064115457
12858,43.939754335122146
12859,49.046695411202506
12860,49.158842324322826
12861,40.924561398536575
12862,60.67328886001184
12863,49.61423015084254
12864,45.126601093502295
12865,57.03191684730621
12866,49.90142164759929
12867,54.286318218381204
12868,62.59141926530892
12875,18.942065900518976
12876,19.766502539560477
12877,30.82749381969369
12878,41.51894521049576
12879,46.6994990304427
12880,46.19636900929657
12881,42.07931760610797
12882,53.74990038568906
12883,46.46494152422858
12884,66.07389034696116
12916,30.722876144051032
12917,34.9292687440526
12918,33.38976301572692
12919,39.78453835823038
12920,41.063412883432584
12933,16.555025993137594
12934,13.720949779929075
12935,14.922062575675959
12936,22.61451304524328
12937,31.0582461854975
12938,32.642459847143094
12939,32.66432435133601
12940,33.47445153829639
12941,34.71347039932724
12942,38.3631272604925
12943,34.85029026192676
13020,31.01396015759571
13021,31.989782158036608
13022,35.122757113784516
13023,45.26356886894439
13024,44.882990250342196
13025,60.78994853978438
13026,44.91395726437497
13027,44.02650539264773
13028,50.22167298712855
13029,49.75828993530489
13030,47.70235800706322
13031,47.056797430051994
13032,61.520069521497746
13033,49.25312401764377
13034,50.057605120491715
13039,8.87540213631057
13040,18.901631006570256
13041,27.42104727760876
13042,26.564393593902583
13043,20.82273307299207
13044,20.689006202823673
13065,13.566946943314681
13066,22.25164060759851
13067,23.946084267200213
13068,17.395911786752155
13069,23.946084267200213
13070,22.315310942948635
13071,36.69809802392706
13072,38.30374172755472
13073,32.654653196753486
13074,40.34650673415502
13075,37.00139926770427
13076,45.54361944859565
13077,14.279628867753758
13078,13.100848546134149
13079,14.572516521871059
13080,29.274541120996687
13081,30.91957514821564
13134,9.366612933864857
13135,14.555045082925076
13136,23.878268876743977
13137,30.049867235461416
13162,22.844196992674284
13163,22.21260470989128
13164,18.19525719262605
13165,22.21260470989128
13166,31.209227194175508
13167,48.30223455444097
13168,31.812452619204706
13169,44.09726229473847
13170,41.172861865151
13171,54.562326927465975
13172,52.01979186243645
13173,41.682360012379036
13195,41.19227168846929
13196,33.605285207327135
13197,34.99993175296539
13198,32.68034793435925
13199,36.98183081639719
13200,41.727235398302966
13201,42.99274738769257
13202,42.810677555539094
13203,42.47153006629325
13204,43.6044941325951
13205,43.400487161706835
13206,52.80411313161473
13219,22.559112130504893
13220,12.825259352737886
13221,21.975412059901977
13222,32.187776184801216
13223,36.23803506452598
13224,36.39587815197771
13225,56.22575908800979
13226,48.28146738295114
13227,45.43590798005466
13252,28.856555134904628
13253,10.664873000794637
13254,8.70107579494827
13255,22.354087698246637
13256,42.81296167620078
13257,31.943715133058394
13258,45.91463529059735
13259,53.22509648134826
13260,49.481043361895935
13261,52.847913946707195
13262,58.74219524795742
13263,58.59084390301294
13294,42.090464583228766
13295,33.133629080298114
13296,45.09154437109443
13297,44.43696951595011
13298,49.66577754847753
13299,54.01818470957467
13300,38.40970307665848
13301,42.40774358335485
13302,48.37188611157767
13303,59.54475632201893
13304,49.60648382868381
13305,58.452409568619125
13332,46.106517560282576
13333,40.51910526615266
13334,43.716610637450934
13335,54.101688440072216
13336,37.821435535619166
13337,45.87373990705916
13338,49.81447710815214
13339,49.67424855471605
13340,53.647973427117584
13341,55.622177871084254
13342,66.92550593571333
13343,53.93369743092461
13344,4.192695342008602
13345,5.453947396827367
13346,8.154311792191443
13347,15.262921523191675
13348,18.570013572947264
13349,19.74718688570414
13507,9.088658987101153
13508,15.809685525948506
13509,29.229093123710797
13510,32.24622374712704
13564,53.4795955976087
13565,36.586112777444455
13566,41.67767433276602
13567,55.7456809092311
13568,35.46872780296632
13569,46.54296275839482
13570,44.42962768776972
13571,59.98283935485253
13572,68.06181839002862
13573,49.44651121428026
13574,50.07492416056298
13575,57.6284868294621
13674,15.770274384937736
13675,9.698359809324332
13676,17.342249228257995
13677,16.741819395397886
13720,16.47263955099646
13721,10.448965978985392
13722,20.698860152560535
13723,13.39234403081601
13724,8.404655652996947
13725,19.766502539560477
13726,22.0179467630935
13727,45.960593086914415
13728,44.44250500313978
13729,27.17516445012287
13730,28.898839230695692
13731,43.72958819705564
13732,46.6652214671976
13750,30.750025985048588
13751,36.761653245625645
13752,31.98402859831712
13753,34.844650752124295
13754,47.282855559597486
13755,40.08877726481406
13756,38.540972606458574
13757,39.348437177048204
13758,57.9448481485699
13759,54.68290401000749
13760,48.33106922977916
13761,49.27225478079702
13867,22.71550376181294
13868,31.148084832683992
13869,33.418173490095796
13870,35.7682092139806
13871,40.781137561014205
13872,46.39908314733341
13873,53.13830235235423
13874,37.764988566739476
13875,49.49223716286924
13876,39.70409997054035
13877,60.301477072748355
13878,55.29870488058605
13896,36.48057180477041
13897,34.83028383677027
13898,49.65980141501484
13899,44.49555359584887
13918,18.966500071630282
13919,28.92348458198185
13920,48.64383490513614
13921,50.39781375567441
13922,42.00886533073784
13923,36.844566507585114
13924,39.322088616720166
13925,39.05474676240579
13926,39.19960008372105
13927,51.584463444686165
13928,54.256358916261846
13929,58.63269908820635
13946,11.866705936830549
13947,22.858365176461174
13948,16.69353368937553
13949,20.72934528233557
13950,20.631072595934658
13951,33.34703656815521
13952,35.89735758917373
14097,18.658495340648642
14098,14.334446677999857
14099,31.20548502982162
14100,31.18466677355688
14219,25.34168656126188
14220,22.788484198539503
14221,35.0609027273999
14222,35.557899722422015
14325,45.447561744894536
14326,48.81710071805178
14327,47.25871828333509
14328,47.51054512287511
14329,53.197571630946804
14330,44.7107171384907
14331,61.33396708197768
14332,56.83681174000894
14333,44.296148652174175
14384,13.056428157248858
14385,16.136723677429313
14386,17.95219408846348
14387,17.41389764880468
14388,24.962874996166114
14389,32.15319281696658
14390,34.854929062340915
14391,38.33159731414675
14392,37.32135648555024
14393,33.8575988710158
14394,51.26206960811616
14395,33.616577688626954
14396,29.29996067350274
14397,43.20703328156912
14398,47.09502958016999
14399,49.460434712642865
14400,10.001719138870993
14401,12.1230261807337
14402,15.13990130571717
14403,15.246701819366027
14404,19.185325432252274
14405,20.873474573518816
14406,14.434398094321969
14407,31.981451330427006
14408,46.06686652143657
14409,41.07810822002875
14410,37.17690517627528
14468,18.023211085635637
14469,32.45272574628113
14470,34.86867508572307
14471,39.308451058046614
14472,42.14129800754385
14473,33.49001914448162
14474,32.74237268551188
14475,54.4029417344325
14476,44.563159698710976
14477,53.53544569190338
14478,46.07700543520195
14479,41.99635705135391
14498,4.316535623017345
14499,4.316535623017345
14500,4.316535623017345
14501,6.053649634391192
14502,11.492829175778352
14503,5.732222639992986
14504,11.435773087136864
14505,13.199723447258167
14506,20.15640223830833
14507,5.74699993968684
14508,20.400399136755347
14509,14.526545456872887
14510,15.646490206997198
14511,15.758589328265023
14512,20.74085263320599
14513,16.586086827805712
14514,10.759782236428967
14515,25.593757530287142
14516,29.47513068122786
14517,38.71343698055557
14518,30.476372305086947
14519,30.642882086989907
14520,33.13275584880508
14521,33.80439242053174
14535,11.695882673246507
14536,11.888285231979083
14537,16.656598176897564
14538,23.88241393185009
14539,35.90164211237322
14540,30.843965472178496
14541,35.30973062153367
14542,48.398013060303114
14543,47.46123374850103
14544,31.135355005861
14545,32.832926321766
14546,43.207492007307216
14547,4.187636449389031
14548,43.1734566313391
14549,30.568367618023775
14550,36.690948860781035
14551,34.742803884575146
14552,41.17591981291033
14553,47.11417403356173
14554,56.17542727616321
14555,52.01996901730019
14556,61.68301813233961
14557,53.0463013857265
14558,62.50212675157652
14563,50.233635288814625
14564,56.80372909237915
14565,39.76134804385861
14566,54.12922004260313
14567,58.10031207617644
14568,62.837527400803914
14591,5.550236991983881
14592,19.92382481674373
14593,37.068133082073274
14594,46.78643062305805
14602,40.397548152220914
14603,47.08296593482833
14604,46.54368319343768
14605,41.244788272658795
14639,15.43398471454378
14640,14.500830998767734
14641,9.32705121294464
14642,30.714101728598408
14663,4.517172757555388
14664,18.83222167769825
14665,25.568889816366802
14666,13.427269078762144
14667,29.694560000344616
14668,33.37938784792403
14669,47.25647602220701
14670,37.94667553659691
14671,44.053642151703
14672,45.41926108105315
14673,38.54447398843047
14674,53.1511971524805
14675,58.655110622698665
14676,36.43772054690721
14677,40.78218545144434
14678,55.97475125826566
14679,46.681652412643636
14680,44.794048058249714
14681,53.41890984894721
14682,46.169571582888054
14694,43.353607219591495
14695,40.63625671403299
14696,39.86373985648312
14697,48.403871345401654
14794,29.82596354811008
14795,30.05320932396949
14796,43.782367049187926
14797,33.19355580414553
14831,4.83571459321419
14832,4.83571459321419
14833,11.66340905552115
14834,10.46920406411798
14835,13.176354418818056
14836,17.200107982638013
14837,20.817370924094035
14838,32.84313408687783
14839,34.059895660506484
14861,43.75013936784431
14862,31.49576617589175
14863,33.791392180761534
14864,34.107067032635044
14865,41.25090124057905
14866,35.624161329893454
14867,32.14841798339877
14868,41.34792559735335
14869,51.82690194421912
14870,38.78793828005711
14871,49.9868228594571
14872,48.88187559310479
14873,33.671519496415804
14874,48.517188311053346
14875,47.123460331560494
14876,46.23380024202942
14877,13.568839911614488
14878,13.615878997257997
14879,17.389867006892686
14880,17.389867006892686
14881,14.62784345836538
14882,23.883220546615412
14977,4.192695342008602
14978,11.31231398944098
14979,9.093717879720725
14980,9.093717879720725
14981,18.944754353242878
14982,13.145565883911022
14983,10.688052622904213
14984,17.41895654142425
14985,21.62581696609705
14986,21.829848984266153
14987,38.75596226310602
14988,33.39145701573034
15001,39.63873876154838
15002,36.82455147895601
15003,52.42173224241771
15004,48.72412303367205
15005,48.72412303367205
15006,50.93228598056764
15007,47.75392897361233
15008,58.457259969796446
15009,37.37455511323319
15010,57.88943469788524
15011,35.415010923234334
15012,16.65654098974484
15013,40.41708667728869
15014,33.653909313658644
15015,35.769729550473905
15016,48.56893586132382
15017,59.49462303450765
15018,41.82622802382251
15019,49.20936282203962
15020,52.78822634769395
15021,57.88455827877445
15022,49.32767296425308
15039,29.957674114248082
15040,32.68653869129369
15041,34.95688262532634
15042,31.76912022028107
15043,36.88902850807306
15044,38.41318193180982
15045,45.29826755350651
15120,52.72034315822837
15121,53.50682257532447
15122,64.24135042991477
15123,42.726623897446174
15136,26.629436370426397
15137,45.436067436239924
15138,35.30818099952004
15139,32.01709951054018
15140,36.825684904935926
15141,40.370316695386315
15186,13.023978621334239
15187,13.977428274815118
15188,9.056209451186534
15189,23.520784743439275
15190,21.890011419187697
15191,17.890647097310275
15192,33.76281110417421
15193,32.55467696056683
15194,40.612059883552014
15216,36.15092515808657
15217,38.014831162007724
15218,49.65562333095498
15219,53.52809044003474
15220,31.6792991495485
15221,40.03937490417065
15222,49.88759786102332
15223,33.91385567014231
15224,36.467947767895915
15225,41.529810975422585
15226,42.12219350050025
15227,35.77777028295823
15228,38.16895755533404
15229,30.83830947831552
15230,42.104546274141796
15231,37.18542068243176
15232,13.668673302994524
15233,30.862822966327645
15234,43.523373234583424
15235,35.82684845001488
15236,42.203228229469254
15237,28.995934691048568
15238,42.98911967782707
15239,56.96091177894099
15240,58.416077829137606
15241,61.551570344991795
15242,55.78307573123702
15243,54.45155646878558
15260,25.56444816483386
15261,29.950235596072016
15262,37.78315073147764
15263,31.867115358975642
15264,49.11437301240954
15265,52.071111660178495
15266,40.61689773232951
15267,47.81359470435091
15268,36.77714422132254
15269,39.176448446711284
15270,55.06039201624423
15271,45.694167070299876
15281,11.489929724036989
15282,22.736727865100896
15283,19.074477875658793
15284,32.56110471214852
15285,32.776176679323
15286,30.909839654950854
15287,35.62558880285592
15288,47.24022418989642
15289,32.92697913245412
15290,34.72697759923882
15291,46.831943776361136
15292,45.58440001370347
15574,31.43886621253613
15575,40.44687122783225
15576,20.93391908791749
15577,33.15618477295883
15578,39.10234227446073
15579,34.17930834393084
15580,41.008632846460564
15581,40.34416505837787
15582,50.526594482356344
15583,45.70304681083791
15584,46.07050903260147
15585,50.834808411888496
15606,17.163463998588817
15607,33.796985154295164
15608,35.81780757360352
15609,40.895294384236934
15654,14.053318831865582
15655,14.200268204772149
15656,18.37828187784953
15657,14.323998296893489
15711,49.73522673858424
15712,39.208973128067704
15713,35.10192935678259
15714,40.342583661265685
15715,47.14241041649169
15716,44.76933561156723
15717,35.83584565642395
15718,43.328874185843055
15719,41.418033518344444
15720,48.467819951496374
15721,11.916450361837917
15722,22.2436768397447
15723,18.896743402399473
15724,29.67551761993061
15725,44.88009528878713
15726,67.99452769253737
15727,67.99452769253737
15728,67.99452769253737
15729,63.65177284470232
15730,67.6093221226036
15731,74.08797127500384
15732,65.64487794043347
15733,65.8485768443201
15734,82.34235827838577
15735,82.72983181370219
15736,74.52054800537569
15737,74.41693510330562
15762,32.894137031911214
15763,47.2065327250876
15764,47.4932867041471
15765,35.54349676380884
15766,48.111613231352095
15767,57.814115257221815
15768,41.30081222050428
15769,43.63450190935793
15791,35.56985622765458
15792,42.02319192208682
15793,35.858655465818835
15794,36.271837753398295
15795,50.89792062461237
15796,43.060778486864
15797,57.19524258544802
15798,44.51163912147476
15799,59.008618022471666
15800,46.500726951420695
15801,53.23983311561369
15802,60.200414697153164
15815,22.214609298810963
15816,19.92589496178237
15817,13.332612214483945
15818,32.00496853287844
15819,37.6811229650003
15820,36.43946031610531
15821,35.12712392662879
15822,36.72339424164894
15823,47.5249735771015
15824,37.707249517349155
15825,51.01726012613582
15826,44.92401527233513
15882,5.307168843968568
15883,8.385794816142756
15884,15.709484295031347
15885,18.46643258614258
15943,50.46036134849277
15944,40.48272947353663
15945,40.53489894398222
15946,37.26831117621869
15947,57.37307175142141
15948,4.965953455054772
15949,4.965953455054772
15950,8.76913899918743
15951,13.342797491876324
15952,14.79968816791938
15953,14.536980605826269
15954,16.602670836836417
15955,18.271191874964018
15956,15.843875541332753
15957,16.894865503337087
15958,20.115953996015055
15959,20.952888245753915
15960,35.21542347100172
15961,31.51285891007505
15962,29.735565625791867
15963,36.21084071346898
15964,41.44536241822922
15965,34.77645685745187
15966,38.153185354123586
15967,40.05847606422557
15968,37.849362397446264
15969,52.383923536950746
15970,51.33641560858322
15971,5.160083472925928
15972,5.732726608141755
15973,8.233331733614465
15974,13.390144084984717
15975,16.706667302295717
15976,15.553258665423806
15977,21.720182753487745
15978,21.720182753487745
15979,23.623750281135855
15980,21.992976956884277
15981,34.65808872094268
15982,32.03706745059651
16004,39.465207849662235
16005,31.74882314059982
16006,36.460348352976844
16007,46.56164754739749
16008,43.586813984094675
16009,32.7725761230933
16010,35.872114202335986
16011,46.411072612007395
16012,49.20106175956287
16013,49.35994764418975
16018,13.056428157248858
16019,17.95219408846348
16020,20.440024420367756
16021,36.88997049796825
16061,55.96597039495315
16062,60.24471661364405
16063,62.01302493936797
16064,58.495821933977695
16065,68.53728668476457
16066,66.13329298195599
16067,64.48855968218217
16068,68.12136843518529
16069,64.62160547278111
16070,64.7797246387305
16071,68.72118436898255
16072,69.71693818004071
16073,14.287885635747703
16074,10.12384460500457
16075,14.020672310316067
16076,10.12384460500457
16133,14.88782975481778
16134,12.189712804247975
16135,4.887218710616322
16136,11.15170699636647
16137,20.80251271856007
16150,42.10635466450505
16151,44.296745208728495
16152,43.983684531392484
16153,39.70388773346073
16154,49.66216460301912
16155,41.56473149842132
16156,55.77042680887798
16157,45.568201369528886
16158,58.32665188952618
16159,58.127872777279684
16222,34.31912701485341
16223,42.445671878195526
16224,31.849078248434918
16225,39.129935752785386
16234,38.31667915476397
16235,40.36140343934402
16236,33.80173077061922
16237,39.73247303520151
16238,54.93231079721821
16239,45.74362658023415
16240,51.511173950567205
16246,23.675566118740253
16247,34.06051739211571
16248,32.15032995349
16249,40.1692646521801
16250,41.83436283143605
16271,48.01539980848257
16272,38.625626814888236
16273,57.650687313942356
16274,48.343603408774264
16275,48.29270881763105
16276,53.66402337595507
16277,54.56193487188188
16278,58.465960134711665
16279,59.22242125809881
16280,49.847556300783566
16281,62.50572880430934
16282,68.3058852530652
16354,37.484010250331075
16355,41.990603666029976
16356,40.329436777145666
16357,43.75341473963832
16358,50.85241491699217
16359,49.127583330158714
16360,18.448426310370476
16361,17.919744552548856
16362,22.5216037019707
16363,19.6837903515701
16364,32.65754054237707
16365,35.72878936677267
16366,32.738794432859784
16383,18.254607865933313
16384,23.88241393185009
16385,31.052259966705503
16386,32.19068114228204
16387,33.912127088414834
16388,38.942576907415415
16389,40.729702111348864
16390,31.737967814673937
16391,32.892711994156905
16392,41.352120381296984
16393,37.85719406531427
16394,55.22497624835683
16395,57.77154309366916
16396,36.71932038482094
16397,56.08234261210937
16398,58.75404655638841
16399,49.74631802732313
16484,20.032820320392958
16485,19.208383681351457
16486,20.632444061275233
16487,15.527362412853954
16488,18.221693870745323
16489,32.2660391050903
16490,32.80630375316671
16503,5.160083472925928
16504,6.973052934410008
16505,7.482355050564939
16506,8.891822785160375
16521,20.395587981179602
16522,14.692453773636238
16523,20.399127961177037
16524,14.663112149039401
16525,15.643883643450136
16526,18.22749326632301
16527,35.416390927388846
16528,39.08544088641567
16529,39.35817222919905
16530,33.57905257569792
16531,38.45498651207598
16532,45.583015444040356
16538,23.15772573243266
16539,19.320731340563484
16540,35.16389791891784
16541,39.70801318699468
16542,33.7104948881923
16543,39.775171003939725
16584,4.920561366554988
16585,4.920561366554988
16586,5.9402371493867445
16587,6.352369343838394
16588,9.374467645649979
16589,15.503470636229704
16590,14.282807657317191
16591,19.324703550557576
16592,22.998935460318823
16630,32.72821661441976
16631,25.552895014659
16632,32.72821661441976
16633,31.207400576254596
16634,37.858721375589
16635,35.02089232705971
16636,36.35422989828038
16637,45.0160256491122
16638,49.702220112036
16639,50.4765311917461
16640,36.96978789856686
16641,43.75210104878417
16676,38.06097699257805
16677,29.135754205041053
16678,45.55867656526204
16679,48.82987047705008
16680,58.50303630633177
16681,54.010093303038175
16682,55.31370358173613
16683,44.937331006710465
16684,52.78290411660228
16685,48.97455937937369
16686,66.31775592831035
16687,76.07242419227994
16712,46.413330202240566
16713,46.104557370124304
16714,46.53374006269157
16715,58.63893415288802
16716,40.564766344357636
16717,44.705340762078286
16718,64.25884194155643
16719,56.824757203537665
16720,53.588319218130316
16721,59.297237414449214
16722,68.50611218104738
16723,62.040678955891885
16743,49.5266268147834
16744,38.833736205236974
16745,45.97896184829781
16746,41.405572596739745
16839,18.378752972585062
16840,16.563282561550896
16841,17.27051290805986
16842,14.436436694851336
16843,19.365442783191195
16844,36.24888582510164
16845,36.07261548594931
16846,37.88048793909446
16847,38.556676467305
16848,46.32828327425342
16849,52.22619640658592
16850,47.51561721518854
16855,40.926353047424314
16856,29.607728029555158
16857,39.83856428589928
16858,37.60956118874817
16859,47.92573222269941
16860,38.573403550735634
16861,52.41660049224467
16862,60.367231579602425
16863,61.914525565312736
16864,50.23489538979695
16865,59.417872638665315
16880,46.64190797960154
16881,38.14845019748183
16882,45.96916570550622
16883,44.0833365334636
16884,41.062008726090326
16885,41.219542367834634
17000,19.17644330486724
17001,33.525091880977605
17002,29.474539051042157
17003,30.373384389562972
17004,27.483109805708885
17005,36.23753093721639
17006,48.55040652121531
17007,52.03134787828744
17008,36.245970403615964
17009,55.657668451331745
17010,62.364446250924146
17011,45.040612151634654
17072,36.70628565343871
17073,51.95208888509546
17074,61.73927913878577
17075,51.31808302425453
17076,43.42688292560603
17077,43.838074321606015
17078,40.18051474894959
17079,40.77902359034309
17162,11.550318200983995
17163,23.84337803414286
17164,18.19525719262605
17165,20.006383642273683
17166,32.24787105204913
17167,45.531643279456745
17168,38.4786490247957
17169,42.76281373878989
17236,16.392126430854383
17237,9.344061740526229
17238,13.181982005148242
17239,23.760819208612904
17240,13.497183623568706
17241,20.176377497084715
17242,25.73669740771009
17243,36.56050591266356
17244,27.093873951904087
17245,22.706493686174404
17246,31.735956911465685
17247,34.18991980447882
17248,29.174384329304463
17249,38.61430484254776
17250,36.72812384990966
17251,36.704058750012514
17252,45.83306292615112
17253,43.44138498266528
17258,39.00427291543036
17259,39.62656782907892
17260,46.19856051735507
17261,51.591880627391205
17262,56.036028490194575
17300,26.76632189182276
17301,18.0750041092595
17302,39.22634690523315
17303,19.750081527863863
17304,35.09336832850984
17305,38.47856564587079
17306,34.21727044582779
17307,38.391643721870246
17308,46.11617467919166
17309,53.67388908092808
17310,54.721243889104784
17311,38.742789903501986
17324,18.39503322913371
17325,30.961647374430306
17326,32.376217541032794
17327,38.515330707289195
17328,37.88718408858608
17329,34.437758410346675
17330,36.30764600974353
17331,38.74519390303791
17332,51.88407082250087
17333,46.0074117940644
17334,43.725526460005476
17355,10.592820206156382
17356,13.235563097593182
17357,20.399127961177037
17358,15.643883643450136
17359,20.19481121435313
17360,29.84830142035207
17361,39.03403349619911
17362,37.34860506989957
17363,33.95082125144692
17364,38.34706787232237
17365,35.84678726830918
17366,33.77771530916555
17371,8.154311792191443
17372,20.346810626586414
17373,18.041331815125645
17374,22.356833928890318
17541,19.868680335773803
17542,14.429531584450464
17543,36.45018197487686
17544,36.81330997068991
17545,36.17923271601455
17546,37.910417123075135
17547,45.276488401311305
17548,29.60493236867171
17549,32.51825713187168
17550,47.34458314904671
17551,36.48330742111714
17552,32.98244408851461
17557,15.376452033448212
17558,31.842526476747317
17559,32.14049328201919
17560,35.05235294452838
17561,39.08582697028252
17562,37.99359734370514
17563,46.23703259378761
17564,43.42110809593541
17565,40.78333328780691
17566,39.2740886608591
17567,41.50883804206533
17568,36.69066483615267
17653,6.25553144807274
17654,11.817773882887233
17655,16.625011104893066
17656,18.822213900842286
17657,17.336747214740555
17658,20.567055774790717
17659,32.92395037016552
17660,30.524646024117818
17661,34.55767583501435
17662,32.73650109140242
17663,38.031822949141876
17664,52.5515630635226
17681,29.359360627907797
17682,33.5675195576395
17683,37.01795647532621
17684,35.1501924469104
17685,34.66270218010572
17722,10.797735909767791
17723,22.92118656372034
17724,19.223482390510753
17725,15.999098966356476
17726,35.333158887090555
17727,37.708197459421406
17728,39.985435792493625
17729,51.68893117152601
17730,37.465902732889944
17731,42.29355567240241
17732,34.224665151083926
17733,31.26090016638541
17765,5.7385809549375395
17766,14.59660111081192
17767,9.595737084434564
17768,15.662282361372979
17769,22.182985396653084
17770,18.187433087755718
17771,29.641225876040306
17772,35.41791922461084
17773,29.848665949181346
17774,48.79325331371334
17775,32.69976018423505
17776,38.83296448963405
17797,30.502292256636267
17798,35.70867913106186
17799,29.10013478144382
17800,35.91898655971325
17847,26.99169615569076
17848,20.366126280442753
17849,33.945057982973346
17850,35.399317674857514
17851,32.943404790963505
17852,40.48914603981597
17853,41.673110527380906
17854,61.071456143607286
17855,57.54897856534454
17882,27.597585110413767
17883,24.0257064115457
17884,33.918759518415534
17885,34.60017381203349
17886,46.70043138909983
17936,10.46291003590268
17937,14.626951066645814
17938,23.950174860464724
17939,20.113180468595548
17940,27.813015665522123
17951,34.48209982682113
17952,44.07998000520177
17953,41.69178214374835
17954,41.90572289725569
17955,36.58607088751588
17956,51.72812739383915
17957,49.737534785408066
17958,49.192514065437216
17959,42.76802594377102
17960,45.689117505472076
17961,51.87363576827043
17987,32.817265641833565
17988,36.82810168149609
17989,36.114630789887734
17990,38.25369900995753
17991,46.337290499202616
17997,35.33003860528844
17998,40.51077100443846
17999,39.11168680872045
18000,46.5444636336624
18001,36.026678474045696
18002,46.79347290116864
18003,42.7852165725795
18004,63.77451294217526
18005,53.02096635738878
18006,49.45411105016938
18007,58.280584662067156
18008,63.353902595898695
18096,20.61199629938179
18097,20.61199629938179
18098,31.487429263584662
18099,33.269671687249264
18100,34.247331152177885
18101,33.66700620369359
18102,8.535830290578355
18103,8.535830290578355
18104,13.206777851124798
18105,8.535830290578355
18106,13.206777851124798
18107,11.693832487827892
18108,17.230531414944743
18109,17.230531414944743
18110,21.69556470626798
18111,16.492210371445786
18112,36.563398903654544
18113,36.622086087597545
18124,13.934120111258203
18125,24.921606852887773
18126,15.03188231266038
18127,29.89479361508961
18128,31.382416019479106
18129,38.58142087304062
18130,35.96454165543504
18131,34.716909261180966
18132,44.987807219930616
18133,56.109463644479334
18134,52.724615441856336
18135,51.077411106927656
18184,5.684834395961668
18185,12.868092672298403
18186,10.664873000794637
18187,6.79806529571874
18188,14.573331676959658
18189,9.08556880522422
18190,16.708851976527935
18191,31.366458358041623
18192,39.38892874127021
18193,37.01297355761817
18194,31.00266169075747
18195,46.7586039044599
18221,32.131090413418015
18222,34.60209152574567
18223,31.379673677994447
18224,46.51480600602383
18321,15.581959815737408
18322,14.33397499589504
18323,35.824600349174716
18324,23.924412115145586
18325,34.76844553371141
18326,31.784757414098262
18327,33.00173826654433
18328,37.381410353837474
18329,45.14347748662475
18330,33.419948464199535
18331,43.077363411333685
18332,33.10128845279828
18391,34.212051032316694
18392,35.75031523561726
18393,34.046433466588226
18394,28.728880572909972
18395,34.68210248446662
18396,41.706955595285876
18397,20.567598293267107
18398,31.446575580755628
18399,30.72327875738035
18400,30.786294254956793
18401,31.940107600703463
18402,42.582367978691074
18403,32.01793086636479
18404,47.18744448566621
18405,58.04430052186841
18406,35.55875751203107
18407,48.28955513191794
18408,58.13614240146765
18479,4.192695342008602
18480,5.453947396827367
18481,12.825259352737886
18482,11.31231398944098
18483,14.099015537391901
18484,11.882257614307383
18485,11.882257614307383
18486,23.46062230851773
18487,20.446235306596677
18488,23.356014970358892
18489,26.90257173323251
18490,26.90257173323251
18566,14.532493889586446
18567,18.987289056434403
18568,25.56444816483386
18569,30.103367091527712
18570,38.24822217807067
18571,36.16223438525133
18572,37.25945026235589
18573,36.18921392510877
18574,38.905676804065756
18575,35.25426085437177
18576,43.881843922869784
18577,40.11252749967081
18578,55.86155418926624
18579,51.76367234805806
18580,53.93851750332943
18581,54.53063270690894
18653,29.642618872156277
18654,38.75940934324183
18655,29.642618872156277
18656,49.913284904428686
18657,49.36234518671699
18658,62.00373297483493
18659,54.56522032252634
18660,57.98392273771376
18661,56.570343006276275
18662,55.364278676626135
18663,63.94403898704401
18664,57.96904644646021
18665,23.603496931429653
18666,30.702325950515473
18667,31.842030507238476
18668,34.4865622065931
18669,13.098154406882019
18670,13.334382104012562
18671,18.758829793048786
18672,14.555045082925076
18673,19.2168378458333
18674,18.758829793048786
18757,22.075922933601518
18758,29.404353207189132
18759,46.30195260791102
18760,34.78491782742944
18761,29.324259559323977
18780,20.00455702435277
18781,22.21077809197037
18782,32.01976285246549
18783,34.84144387227167
18816,9.805902467203731
18817,31.029769627813746
18818,17.113242320655296
18819,32.713139592979765
18841,43.767740548859514
18842,38.68654275528206
18843,38.075579310448504
18844,32.15248275156754
18845,46.573929854505415
18846,38.91034797942194
18873,30.97139096792477
18874,47.98314188414651
18875,42.45671466621844
18876,51.48312872859741
18947,29.733633902065712
18948,26.535129002455907
18949,34.197911161493124
18950,30.148659169056202
18951,31.703188459491933
18952,33.70388101420371
18953,30.460534811660498
18954,34.30034215807392
18955,39.058808934423695
18956,42.82715278154742
18957,42.38435649949521
18958,47.82500252614692
18979,34.096966433155885
18980,50.055686761268205
18981,36.6785540669991
18982,30.07649532825359
18983,39.06012152536938
18984,39.10973222717522
18985,38.10672481079738
18986,43.84917431382121
18987,53.588172519880324
18988,45.462620448434656
18989,47.037427710236734
18990,51.94947485480009
18991,13.529130279772057
18992,24.07301705250348
18993,24.07301705250348
18994,31.43886621253613
18995,30.679003435847985
18996,31.26958170979764
18997,22.25931424089425
18998,37.195303325954875
18999,46.115458973221166
19000,36.75270036057368
19001,35.72103476991069
19002,40.81180214332149
19003,46.4784196283724
19004,50.04425260800777
19005,50.1471365781124
19006,52.0887956469336
19007,50.19259984688007
19008,56.6445721343226
19105,8.154311792191443
19106,13.377082248114284
19107,8.706134687567841
19108,11.864136884817379
19109,17.169277474079095
19110,10.267500308304456
19111,22.444154500529613
19112,34.86675494403835
19113,33.59497188195571
19114,37.77746992853685
19115,43.15135200003081
19116,31.14739629464647
19259,52.416279586384185
19260,48.414054450648386
19261,42.32928219661292
19262,51.26031096713911
19263,57.21663397509632
19264,58.73266990437924
19265,53.83949520086718
19266,62.88913072315589
19278,35.705500654970265
19279,36.98678670273983
19280,32.47808245022205
19281,42.9861521413464
19312,22.7795250188259
19313,30.480598383854353
19314,36.19104917262782
19315,31.199586235537925
19350,46.85042181874026
19351,49.816842631445965
19352,44.961951130294295
19353,44.65073393212608
19368,31.75349505705353
19369,30.325318239859918
19370,32.062858030210755
19371,42.18914268514967
19372,40.215463808936526
19373,40.6888881660783
19374,41.4333222241035
19375,44.72959611424539
19376,44.340322969576576
19377,45.5189291445894
19378,42.25274761385941
19379,56.07722220601185
19397,20.41413631476791
19398,13.056428157248858
19399,15.257862630572104
19400,21.92246095510232
19430,23.25842753333031
19431,18.179179873949433
19432,21.409488433999595
19433,49.86334644780329
19434,47.600422610398944
19435,42.736321276237234
19436,33.77736869650952
19437,44.33382268993977
19438,34.862237025031675
19439,47.218469560579734
19440,39.761186528500794
19441,49.536092602812175
19454,19.18864214580971
19455,14.611936722222323
19456,30.099296353870518
19457,32.9682179880389
19458,37.53599602721195
19459,33.097145562464824
19460,47.96568966010456
19461,34.095943427736586
19462,35.71462765402827
19463,48.32624886663377
19501,35.39616806200466
19502,35.597859861884714
19503,34.03355546209795
19504,52.26333078434978
19505,39.603283734906
19506,38.337670257469625
19507,53.20438261775034
19508,38.678009630705134
19509,44.02791697931408
19510,62.20647985745391
19511,59.64941940556467
19512,51.741258247824774
19566,5.453947396827367
19567,8.154311792191443
19568,10.11810899803781
19569,11.396392823483573
19570,15.832865148058081
19571,18.570013572947264
19572,18.962500632637028
19573,18.962500632637028
19574,17.02950108189513
19575,33.48804415548239
19576,34.86413341357364
19577,34.631663751344576
19590,12.729676630440602
19591,11.216731267143697
19592,11.216731267143697
19593,14.18656730648366
19687,17.121907970701965
19688,14.287831757493441
19689,20.640898225757077
19690,29.715261612991895
19691,36.347399849533645
19692,28.929586378533063
19693,36.00165901415093
19694,38.75270542079586
19695,41.42677185832858
19696,41.7260063537405
19697,49.103419148449
19698,49.033140676227504
19759,45.891968763814575
19760,35.10935353283699
19761,29.04542998548002
19762,41.673766668607406
19775,52.42163631227667
19776,52.20263324666189
19777,51.120955499363546
19778,44.94456577010911
19914,11.866705936830549
19915,4.4554001348184835
19916,14.895056783797013
19917,20.645849895628512
19926,31.0888348604865
19927,30.372417894406517
19928,46.76676957017449
19929,39.078189398800475
19930,39.681084735538406
19931,38.64101285509919
19932,53.27869303548654
19933,49.5711772366596
19934,56.25005177616732
19935,52.189405580104086
19936,46.69024641118469
19937,46.98041289113322
20000,11.73710121417978
20001,33.688640583165856
20002,35.64891215514294
20003,43.03483485134754
20004,38.09496437003217
20005,43.95378347650675
20006,35.843025828871994
20007,46.754412356516966
20008,37.089910194062774
20009,55.170915501914976
20010,52.22675131651098
20011,41.29980019120204
20012,8.159070499075236
20013,4.53977267757353
20014,16.94804552017818
20015,14.430734676606981
20016,16.936441928694464
20017,23.34923829806968
20018,18.33049008724584
20019,31.703245205768784
20020,35.49434731829167
20021,39.780638977852774
20068,18.126570112748077
20069,37.47217240759948
20070,32.67599265956066
20071,39.47972330210115
20072,41.88119520131352
20073,34.95140362667487
20095,16.43734958676981
20096,16.752551205190276
20097,36.51970784728206
20098,20.886255844687046
20147,42.45694865151297
20148,52.206225928861784
20149,42.11199658304577
20150,39.82399027637255
20151,48.167375302365535
20164,28.949259472993447
20165,17.28943728911379
20166,20.508142257680234
20167,34.84438248976675
20168,31.452302451357628
20169,31.925212424374745
20170,31.01626332847182
20171,43.69004678007564
20172,37.61412034639242
20173,42.552402177777296
20174,49.11442987971862
20175,42.69631718265611
20245,10.467044175019048
20246,14.10855643209182
20247,17.68292750605586
20248,19.353567779316855
20249,16.22965185716466
20250,16.22965185716466
20251,19.75313863114066
20252,17.95845310157267
20253,21.86988075364782
20254,23.855787652234117
20255,22.18815085437401
20256,16.728635283142015
20285,22.380359221174157
20286,22.436851099823983
20287,11.124222263110637
20288,39.49212610582111
20289,37.63801932665553
20310,13.685288326130006
20311,17.41165855713
20312,19.217906737256385
20313,15.886722799453254
20343,10.722750927641417
20344,10.769790013284927
20345,9.699482939990293
20346,13.438166107753958
20437,4.428641233762476
20438,4.775239257761185
20439,4.775239257761185
20440,5.525487117159972
20441,9.663661504587127
20442,16.11580484274114
20447,6.389007463606468
20448,8.560482958598
20449,8.560482958598
20450,10.823452571779093
20507,14.659572169041965
20508,13.20268149299891
20509,14.392358843610332
20510,13.471790794723725
20557,33.79065088559487
20558,14.52039659679556
20559,19.138489631528415
20560,38.41816709712374
20561,36.620338855943295
20562,47.49775760067542
20563,48.30160732991504
20611,43.75013936784431
20612,37.64385866628474
20613,33.18743143987456
20614,36.86983470886603
20615,39.968728076941346
20616,35.62725020202626
20738,20.025728353162403
20739,25.65655961287963
20740,33.95384406320173
20741,27.726861394084512
20762,20.74085263320599
20763,29.17550407723287
20764,26.484976488174613
20765,17.33224145140203
20766,29.54733036052914
20767,31.740406289219933
20768,34.840686089767054
20769,45.47143858533689
20770,29.933916890782804
20771,30.86373699581426
20772,41.62148743611827
20773,45.067581212903924
20790,43.95706844649069
20791,55.17021897150195
20792,60.72219266316012
20793,57.22760766770297
20888,4.775239257761185
20889,19.76919099228438
20890,23.566060548083307
20891,14.833972924157337
20892,45.36167363703567
20893,44.81937946219284
20894,51.443159942047146
20895,46.31965505511097
20900,14.840225770566601
20901,13.383335094523545
20902,23.935029780189492
20903,34.16629039143549
20904,33.81442468568975
20905,34.063974352896345
20906,52.88360828649115
20907,31.381086707585958
20908,38.42430942582559
20909,40.06653892114472
20953,14.848374536136598
20954,11.93705330442314
20955,20.59071818655738
20956,25.59592431463116
20957,32.25093440085407
20982,26.941433503615006
20983,41.06332004669109
20984,37.80385564416643
20985,40.89392492374908
20990,19.17483282556681
20991,30.362459017403566
20992,33.0059385444731
20993,33.76323255711603
20999,50.2914040538481
21000,41.69897655955314
21001,38.04816842921929
21002,48.54023137230889
21007,20.711090183208746
21008,23.99607861283034
21009,31.255290596620412
21010,34.39744016732988
21047,33.545833544634874
21048,29.142239121848935
21049,32.62121538814174
21050,42.61874017601614
21051,39.00568727013668
21052,36.10240694984449
21053,42.41244840538584
21054,9.386610757814584
21055,11.590169365547256
21056,13.339342425974705
21057,14.560005404887217
21058,18.973386636336528
21059,17.86472019488474
21060,22.159951865252037
21061,18.843422213012726
21089,42.72180021169758
21090,47.23982176345828
21091,52.63739125677804
21092,54.68179657208436
21093,49.59705726564717
21094,66.40817041751698
21095,59.49339600704017
21122,11.698667752396268
21123,26.220207467855285
21124,22.090282093877477
21125,8.385794816142756
21126,8.40226795305763
21127,31.472870543760195
21128,31.74567002303057
21129,32.811899182047064
21130,34.786220950446754
21131,35.59091308195147
21132,44.9485872801645
21133,35.7615320611692
21189,25.499008838445132
21190,19.960462936511806
21191,20.560086677394082
21192,44.29684709642501
21193,36.88928362794662
21194,44.85786227361144
21195,50.874698965912195
21196,49.77587873761264
21197,44.88293853171997
21198,55.23495636587096
21199,52.20022671151289
21200,43.4543239658612
21234,18.72898949625629
21235,33.5412123343909
21236,34.20997141299675
21237,39.275401142283165
21238,39.912895910919794
21239,40.48755841856224
21240,37.440149962566444
21241,45.50921298232477
21242,47.73711569355811
21243,55.73759416963008
21244,53.927518495219836
21245,48.734726582921354
21246,31.06045140784279
21247,24.01642743765034
21248,19.155228545115673
21249,19.272503137328666
21250,32.62565802846405
21251,31.568946307209046
21252,31.45226478827763
21253,38.20369327586461
21254,32.00715464716201
21321,41.26465720795227
21322,32.82289600174525
21323,30.518323307677612
21324,52.01203720295332
21325,57.599105760666745
21326,54.93332271861363
21327,54.441559785840106
21328,59.53326217527235
21329,54.74323683297415
21330,54.67692013149535
21331,54.852914566007186
21332,56.0429336829431
21421,29.614826176838992
21422,23.76914140433638
21423,40.923999672164655
21424,31.5489375199807
21469,25.957058835773516
21470,21.915129660744025
21471,37.067294507985274
21472,33.177503973107825
21473,34.259587120493755
21474,45.381520712191026
21475,40.26835117440972
21476,50.774745498737985
21477,35.74198125464863
21478,50.612792798581154
21491,29.684296330158798
21492,35.00570172969014
21493,34.265268259413716
21494,33.00003092257731
21495,32.95987239475747
21496,42.19888516240301
21497,36.91909276482895
21498,46.96838556293716
21499,54.383933660284654
21500,51.585552900700236
21501,47.02629443157413
21502,63.76057644145107
21553,38.48873938730684
21554,33.73380107367763
21555,38.36387141258068
21556,41.75210850115505
21557,47.815154749222295
21558,53.76006817989068
21559,44.29106075119829
21560,59.93467574712461
21605,61.7486209598253
21606,57.34958347560367
21607,58.88767810183965
21608,51.66292772200813
21609,58.58809633349325
21610,62.525527437936354
21611,65.71500168776606
21686,19.04526522694242
21687,29.404353207189132
21688,30.013895979989947
21689,37.72542492488724
21690,20.477314152294614
21691,32.646939082196496
21692,36.44146397971843
21693,50.15816915707545
21694,44.84617711807435
21695,48.742674880566284
21696,54.674917910594694
21697,50.40976134349244
21698,43.39561985457654
21699,50.72525236274196
21700,51.10015891869537
21701,52.49378579516856
21735,17.40500896800303
21736,6.714545421068033
21737,24.161369874045043
21738,32.17726316510745
21739,34.5300165989222
21740,32.756458183874905
21741,36.09476722048269
21742,32.87307777827345
21743,37.14192349329624
21744,39.68345518302399
21745,35.532116634039944
21746,40.3446880730128
21840,26.946492396234575
21841,31.08778988713915
21842,34.7873735383994
21843,36.35079226425548
21844,42.2301020370122
21845,46.276476830464965
21875,14.510604508422654
21876,13.566946943314681
21877,11.817773882887233
21878,20.7433159672641
21879,14.82653419931455
21880,19.138489631528415
21891,14.566863771326926
21892,23.890087565145826
21893,33.26442876303132
21894,36.15792197072572
21934,33.9695801870115
21935,29.607728029555158
21936,13.262773800889402
21937,32.25546400059959
21938,47.49092279828726
21939,39.58617512733683
21940,33.513450566443254
21941,44.56889593099146
21942,44.40784343500133
21943,52.26705955359101
21944,35.91429896393053
21945,48.9939829268202
22029,53.407029410758064
22030,61.89663512599905
22031,66.76000234231525
22032,56.41107765603728
22033,55.188726251332284
22034,65.69444705875985
22208,42.5815069063549
22209,31.076927289570616
22210,31.02282720340639
22211,37.53568515925336
22212,44.235788634465735
22213,43.24864852032048
22214,56.44164866408373
22215,52.56430542350561
22216,44.2909550050657
22217,63.156389348583275
22218,17.626548597140765
22219,14.932217139249401
22220,23.914751443605514
22221,32.17158149615894
22222,38.5952126539539
22223,35.1087048901181
22224,36.92887338257445
22225,48.80111286975659
22226,44.117587616336834
22227,34.20003290366817
22244,26.941433503615006
22245,49.552219881451855
22246,33.98100909471458
22247,43.330302271772354
22248,32.43040237518212
22249,46.535782444327616
22250,45.99577299487899
22251,39.008467968005746
22252,45.45363248847508
22253,32.58817518151671
22254,57.01167332567845
22255,45.1781923498441
22256,54.94204554515263
22257,56.05710456839417
22258,56.05311311646055
22259,47.04912407437608
22296,5.839731274818259
22297,5.839731274818259
22298,6.279875151766911
22299,11.269746668287219
22300,8.595924640373433
22301,12.782692031584125
22302,15.191256746799333
22430,25.695258616400185
22431,46.81455624242074
22432,46.97186486872327
22433,43.612787784313376
22450,13.972369382195547
22451,15.220354202037914
22452,10.075541676884049
22453,16.806445595404085
22454,18.443367417750906
22455,35.347658282333136
22456,30.436184264297598
22457,40.70873523951318
22458,39.83616336089138
22459,46.135854808459186
22460,55.370101048118514
22484,42.96563487235748
22485,41.37892163868556
22486,36.22078259114544
22487,50.173697634024066
22488,46.04297094059215
22489,50.917246406079826
22494,23.84337803414286
22495,17.087017128100847
22496,10.356113209580824
22497,34.672065465675075
22498,34.36008987275035
22499,46.94133267290764
22500,42.748788240047425
22501,34.34211091516783
22502,34.979840379239995
22503,36.32161021888586
22504,40.79131824550082
22505,40.795221348650365
22518,8.7719094124271
22519,14.628778989339654
22520,18.321700318125853
22521,26.2612818399292
22522,30.156871421654916
22523,35.65686063235388
22524,42.39305132074572
22525,34.22481611549832
22526,40.375344626488825
22527,48.718135279907564
22528,51.415464183997074
22529,46.40890613542061
22681,14.282150028780944
22682,11.31231398944098
22683,13.061487049868429
22684,22.257409248880055
22685,26.644789514609737
22686,4.775239257761185
22687,8.154311792191443
22688,10.202187832080403
22689,11.882257614307383
22690,8.724255417057845
22691,17.41895654142425
22692,14.097074658592907
22693,19.070795493221926
22694,20.865922762943146
22695,23.67742974030445
22696,41.31033750141089
22723,35.903760621493284
22724,40.70981100292426
22725,34.67268943034423
22726,53.87148779882911
22727,55.78028161770293
22770,44.168020369233595
22771,41.46488462728783
22772,47.521024474460646
22773,43.422854376461835
22774,55.70890724239463
22775,63.02009671952812
22780,27.394246020220194
22781,32.0043197534231
22782,40.99552670901735
22783,36.18178922357491
22784,32.223771081453364
22785,44.20505825512717
22786,33.14823485229749
22787,42.08681548412364
22788,56.078740074954894
22789,60.22624204056406
22790,56.789232875260794
22791,45.355290375679516
22792,50.13067174339457
22793,39.04598389480118
22794,57.896313361065694
22795,36.352738840657715
22796,46.23203240827676
22797,60.62301101462903
22798,53.77012719692987
22799,48.543664458508665
22800,51.383143353899705
22801,63.82331989087223
22802,67.71016683866597
22803,64.78196026683644
22839,36.450004262842505
22840,39.894224247162526
22841,40.48554228782286
22842,32.969064374247196
22843,39.33795587619499
22844,43.4019365668689
22845,42.243397733347194
22846,52.53754693086778
22847,49.960141639619906
22848,51.95166750619715
22849,54.19184036913632
22857,18.485934738904668
22858,26.160855728297992
22859,33.468993459776364
22860,32.03358384271896
22874,8.880323767266967
22875,35.36584863024035
22876,36.236866748398356
22877,35.56069735053234
22878,47.721282575009475
22879,30.9207270930284
22888,36.35542046797729
22889,43.26452378804242
22890,57.54476649405279
22891,62.386705454784945
22892,58.361740721140315
22893,59.21238167943232
22894,56.62607395104367
22895,69.57601974275343
22896,58.99994551991098
22912,29.431410418759157
22913,47.82604693026594
22914,47.931902265485995
22915,54.20938403695638
22916,56.519357833299075
22917,56.850949033677885
22918,60.70989541590134
22919,61.037160153878865
22920,67.77151356817882
22921,65.39353441944061
22922,68.72609275249854
22923,71.93584170133269
22964,47.39039185126081
22965,44.150042704737174
22966,45.318694828027866
22967,48.53588038063668
22968,48.68831810706591
22985,43.961364381202365
22986,44.123089036094214
22987,43.71027418700693
22988,60.347641903703376
23022,14.968934599771442
23023,25.02273049761666
23024,19.12584728579967
23025,38.940595664339
23026,41.51966988410396
23027,49.71592252480414
23028,37.36051571268266
23029,34.48151572263763
23030,36.38344231295226
23031,48.86409468693867
23032,51.543566766976134
23033,45.29278580124107
23034,38.90421274432513
23035,60.09966574399246
23036,55.4848052959557
23037,51.07170849660426
23038,56.9231970237699
23112,16.909912128490866
23113,9.301566464560311
23114,17.05686150139743
23115,20.302444474290425
23144,17.957252981083048
23145,37.43346386300963
23146,29.828790345553717
23147,32.34085987962199
23148,32.83019279451584
23149,40.8148073865514
23150,38.21054548426171
23151,51.86114067695481
23152,39.537533043881616
23153,74.16966230920634
23154,42.03665860959645
23155,50.23695414040157
23178,33.547642453029475
23179,37.94128108198368
23180,53.440280369074046
23181,37.985176764883555
23182,48.94020518637278
23183,14.241023183095209
23184,10.44148454564126
23185,13.051345832483786
23186,17.01394376061432
23187,15.536047088581087
23188,9.290892886453529
23189,9.669620809629356
23190,22.222331242145227
23191,9.708545086716711
23192,18.795367869447112
23193,19.936080239174743
23194,16.602670836836417
23195,37.499487388299926
23196,34.22542238020783
23197,36.68818786026763
23198,37.477441354969486
23199,38.722402363476974
23200,54.31122553030739
23224,18.72898949625629
23225,30.666685479041856
23226,22.688559062000632
23227,22.05696677921763
23261,23.553234279353898
23262,35.90814909084484
23263,46.34886484651313
23264,43.0385439872018
23265,48.37625506153411
23266,54.00471235477215
23267,52.09374037217172
23268,57.85426534981769
23269,55.253290917922406
23270,57.75591989699403
23271,57.77401960107819
23272,56.49959649911735
23301,8.178682970156649
23302,9.11808905768593
23303,13.299491261411443
23304,11.550318200983995
23305,20.006383642273683
23306,11.550318200983995
23307,18.723938950447668
23308,19.18194700323218
23309,20.006383642273683
23310,37.695485826262214
23311,32.12589518885117
23312,31.433990077796757
23313,32.91839798431771
23314,43.57029936013178
23315,36.221224298991416
23316,37.355795010103115
23317,37.56363476661726
23318,49.61727106523861
23319,56.54594002684288
23320,53.31451797884556
23321,43.090438926834736
23322,49.2477931601022
23323,43.799200720042144
23336,56.04454952059733
23337,58.46951054183334
23338,57.290129970875256
23339,58.47268479973855
23340,50.75186176451268
23341,62.106708961570526
23342,57.46853928694816
23343,68.38124577859949
23344,61.7261238175762
23345,72.25302823774634
23346,65.17453389029242
23347,70.09232234810436
23360,11.056636761130449
23361,15.154193667787707
23362,10.009381142633847
23363,17.701575752772513
23364,17.58211653618519
23365,16.053360118367138
23366,24.833043807572118
23367,23.38950059929299
23368,41.01161370938568
23369,38.876760480434676
23370,46.896090234944204
23381,14.51651671159467
23382,18.250727980732425
23383,35.993962976291435
23384,40.06357340590295
23385,31.2212805280798
23386,38.520787588584135
23387,36.94021154789551
23388,47.11873164087118
23389,34.06286920243518
23390,46.71914702722782
23391,49.86313890595808
23392,46.963606150566875
23442,45.891968763814575
23443,57.68942670087122
23444,52.565488129858586
23445,58.37249740717596
23506,23.932566446131382
23507,13.658487068741444
23508,23.935029780189492
23509,28.452470420188526
23510,34.07783633751813
23511,30.318849087879656
23512,30.82415067548643
23513,45.308150498809084
23514,34.049619579019016
23515,40.43553675790214
23516,50.0960789460121
23517,56.28437802194488
23552,19.2168378458333
23553,16.414677624193
23554,30.977097895829797
23555,34.23000291478254
23556,34.41197561184724
23557,37.94274355540527
23558,30.54555432802145
23559,38.856117869802226
23560,33.25297991631584
23561,47.90638555344745
23562,38.176787624718635
23563,52.87000779535019
23564,68.09849030090315
23565,48.42448307392102
23566,33.562623626377345
23567,40.31386671532596
23568,46.97485066975086
23569,55.442470479967795
23570,55.711818177612756
23571,59.04343112379439
23572,55.34938409420202
23573,56.40933546701058
23574,62.01738474950196
23575,66.06998319102723
23604,18.901631006570256
23605,18.372949248748636
23606,19.217906737256385
23607,20.82273307299207
23608,36.0800356044263
23609,31.760207163317805
23614,31.124020302524467
23615,41.728089749102494
23616,29.38393028740748
23617,36.91142231786366
23618,56.89926324907849
23619,35.92033805001449
23620,44.83241283094493
23621,46.37059352720049
23622,56.71520113782328
23623,55.21027970678126
23624,51.551696097833364
23625,44.86175033376925
23655,52.555315745926784
23656,43.607114672971974
23657,31.352741481019404
23658,27.375091545247862
23659,41.33855407137253
23660,41.96932227429802
23661,53.40442115367146
23662,52.51805321792477
23663,45.57223987516819
23664,39.54006097807039
23665,46.66361486684159
23666,49.753018298004356
23667,29.6407033257233
23668,15.66734125399255
23669,16.485046665160333
23670,35.24063809032801
23671,32.86017537496566
23672,37.3624645304084
23673,44.29006939646393
23686,43.08451041911245
23687,31.45314616614868
23688,44.800705811108735
23689,35.52579464088824
23690,39.26963888537639
23691,42.18227661439008
23692,33.03149352997779
23693,42.16371922444683
23694,41.703467073260065
23695,54.34472731656404
23696,45.90161231218179
23697,49.71816728755648
23711,45.26400374303459
23712,46.63009279441334
23713,43.079570320769704
23714,45.42308325828522
23715,44.62361169689289
23716,57.410683274487575
23717,62.75096927269552
23718,66.97842144151504
23719,53.49730862214799
23720,65.38576623306619
23721,65.97806163815605
23722,56.57212171219234
23809,26.941433503615006
23810,50.245349570368326
23811,31.324529719949464
23812,32.89003125281172
23813,61.54922094865114
23814,37.7080250730153
23815,37.35791090933323
23816,41.59918864462897
23817,47.56018038680218
23818,47.62568742628978
23845,32.501136401518444
23846,36.391402931181425
23847,32.18342813437
23848,47.9901703578658
23849,50.67308281858714
23850,49.898397520895415
23851,47.37149252050534
23852,40.27298027777649
23853,60.09631535900109
23854,56.53516006078197
23855,50.00109521892767
23856,60.764912790582045
23890,20.464398966843664
23891,19.92382481674373
23892,20.523448557626004
23893,40.67190697978105
23894,31.521604151446425
23895,43.496475265814524
23896,62.4416021063964
23897,37.51947482651408
23898,51.739558401146176
23899,46.68159310467204
23900,53.27518113511583
23901,62.58078881382285
23946,45.430127884688446
23947,28.471571131934773
23948,30.036352836033092
23949,41.585643314077195
23950,45.02247463697305
23951,42.0375019269429
23952,38.32674001270693
23953,43.252145682849466
23954,50.92458815147938
23955,46.69312609002062
23956,44.481587068653326
23957,44.10036545567991
23958,16.625011104893066
23959,13.605871220402037
23960,25.598263293625667
23961,31.106078911708455
23962,30.805481603497554
23963,37.260957313008504
23964,37.7326631840987
23965,42.583113280701625
23978,10.205504409542028
23979,20.163576780534488
23980,32.01095136877186
23981,32.012214657032104
23982,35.00460931367507
23983,40.50356837500046
23988,19.960462936511806
23989,33.191412284545436
23990,38.48907985779002
23991,46.823032988825716
23992,44.201576004060286
23993,34.666259545920866
23994,41.18541031725779
23995,41.66684422103432
23996,49.31365589389746
23997,41.79245061081446
23998,60.25786795777003
23999,33.07884571339686
24034,10.146543168191473
24035,26.83553156056996
24036,33.55209526277833
24037,29.475421697067098
24047,27.626810732600795
24048,23.98391501796313
24049,33.231273467201184
24050,39.05807542730476
24051,30.698655581748977
24052,45.830166585483454
24053,36.147061490792076
24054,34.22588519613059
24055,47.763919429676356
24056,45.75880413098687
24057,47.324922847712
24058,50.2558694679227
24147,20.775653479019525
24148,31.57487639631881
24149,32.965310979943425
24150,36.35717501986122
24151,39.95210626561352
24152,39.99499828769149
24153,38.13615945110288
24154,38.573426797860876
24155,38.614498518959046
24172,27.036919311606187
24173,34.35181072076351
24174,39.184232036172446
24175,39.17339777195513
24176,31.194697977715453
24177,51.61101994068717
24178,37.174095780240044
24179,39.934129106681844
24180,47.49922820070088
24181,48.509971391248705
24182,47.7151504513248
24183,38.647185053281966
24184,21.92246095510232
24185,28.896679970974876
24186,47.171325146134606
24187,33.65793239988078
24188,38.65592847374172
24189,51.07217502892345
24190,35.54861117834758
24191,39.80062063638706
24192,46.557851725569854
24193,40.98082370166199
24194,61.33220056081681
24195,54.79494195025037
24201,13.482987041370457
24202,14.703650020282971
24203,11.733813980943008
24204,20.789503163114972
24224,34.788330635444765
24225,43.66601444960493
24226,35.38446212670429
24227,47.64317797169598
24228,51.12565018643668
24229,42.7353146596467
24230,51.8340684036372
24231,53.156034530462556
24232,49.65837933912347
24233,45.744596159049856
24248,4.9711476148559575
24249,25.58961247518103
24250,11.585209043585113
24251,16.414677624193
24252,32.82742857367033
24253,31.251867617268765
24254,46.22283388902915
24255,30.299706693253448
24256,32.30154431063037
24257,44.42298427959012
24258,34.567530514299726
24259,31.879631888634194
24260,59.04693367795589
24261,48.92419344306555
24262,52.59746426841894
24263,53.023631248375324
24264,37.49270909129312
24265,41.927221649748816
24266,61.26205634251525
24303,15.740044040898956
24304,10.59014823736693
24305,20.483684767142154
24306,16.527189706199138
24307,23.702099263745165
24308,15.980206136847192
24309,37.70784664389126
24310,36.600850822337634
24311,56.48157569147781
24312,40.78779112652259
24313,47.553745120597185
24314,46.52325975907094
24315,42.84101646702016
24316,45.08784075345321
24317,40.108862717581815
24318,52.1809377941589
24319,67.12461448149608
24320,40.54184458481542
24321,43.72298159177189
24322,15.464208274212648
24323,25.518004172057882
24324,24.639766499887823
24325,35.241748368320295
24326,32.97534614956939
24327,31.033325633891533
24328,45.07826071211357
24329,39.728217745411165
24330,30.7265722608787
24331,36.37094151557593
24332,38.90633185773267
24333,45.05703053954214
24334,40.77063977178077
24370,18.616175258198776
24371,20.392972311837926
24372,19.838571726871077
24373,32.22496722923864
24392,33.27809694921428
24393,41.35180081483438
24394,44.019695662696265
24395,44.54553404603351
24436,20.164419746482274
24437,41.32808041037197
24438,27.82886755242847
24439,41.2495284873032
24456,32.11351236327425
24457,37.0980188847521
24458,47.33177305980207
24459,37.046386809631784
24492,21.92751984772189
24493,36.32044760014042
24494,32.331267049161774
24495,35.01388475400704
24496,38.254665240872825
24657,45.718547210934304
24658,54.024113766491055
24659,40.24883183872781
24660,42.53938672240654
24750,18.19525719262605
24751,22.844196992674284
24752,11.550318200983995
24753,31.209227194175508
24754,11.550318200983995
24755,31.168111343774346
24756,30.48148385365967
24829,14.292792079455584
24830,20.29602121702485
24831,19.206811016675424
24832,34.8262191054307
24833,16.849012916557847
24834,26.160855728297992
24835,23.558293171973467
24836,29.7400619940875
24837,33.58960285575952
24838,31.985368805777533
24839,35.235161646231234
24840,34.29489109010935
24841,39.737594234466634
24939,43.59604792204012
24940,43.93098486242303
24941,39.6453825427986
24942,52.74934462100802
24943,40.54732846780518
24944,43.817335103397625
24945,44.54441436252678
24946,36.30350759866912
24947,50.04160110689703
24948,60.055333419210356
24949,56.03790284832409
24950,55.431236089368106
24989,17.094573008076445
24990,36.47791693246105
24991,37.94356706125676
24992,43.8311388039437
24993,40.94158122529878
24994,35.224851294638846
24995,38.01926606453608
24996,40.85564039028059
24997,43.17218156767457
24998,35.39036398327083
24999,44.932372174332066
25000,53.366225597517726
25076,54.91314814433486
25077,61.069239286914524
25078,63.26652238751294
25079,58.2676861156405
25080,59.14671110722965
25081,65.42417432924633
25082,66.01854776751686
25083,68.428305753013
25084,65.05368840523414
25085,65.65406550253257
25086,63.30218357098691
25087,70.94287176333431
25144,46.52044341730091
25145,36.61525899456376
25146,57.88921784868105
25147,54.022883745516715
25148,63.499794016028204
25149,43.90520835714109
25150,50.64723235201065
25151,47.69888608673325
25152,57.04236539643364
25153,65.01760118256875
25154,61.732191725666894
25155,62.08395390617856
25182,30.705014403239375
25183,35.483895963045505
25184,41.059156613888916
25185,35.253834154974406
25186,32.37064234428018
25187,36.209146592717126
25200,30.672596584647245
25201,39.824459897919816
25202,45.456434444813674
25203,55.12601219702189
25204,48.86822936250775
25205,59.0386093914743
25206,20.370518720577476
25207,13.663626339715227
25208,20.97014246145975
25209,17.45115220640464
25210,13.663626339715227
25211,34.04566443785334
25212,34.21718398112929
25213,32.86426958623409
25214,45.92759032138565
25215,32.68440569975072
25216,45.027637897618014
25217,48.55256767630492
25218,16.518308532615563
25219,20.677380792618614
25220,13.674578698709281
25221,13.674578698709281
25222,25.626095042042568
25223,18.266630602088703
25224,30.384084611664083
25225,35.22303717257536
25226,33.352768193633366
25279,6.109735032560798
25280,6.032849801362447
25281,8.21489119764832
25282,8.46876287422242
25283,15.859921542064692
25284,8.85310664226053
25285,20.61967162313012
25286,17.38936306307996
25403,28.673355971089528
25404,23.53339186801175
25405,30.757591458634817
25406,37.63287222911767
25407,30.832168547448042
25565,20.82273307299207
25566,38.34534622509485
25567,33.65633232761628
25568,30.295971402282778
25569,35.86612686068596
25570,37.79845188667465
25571,42.18157346239097
25707,15.6403436634527
25708,20.395587981179602
25709,22.035066912509198
25710,14.395898823607768
25827,18.885015983434773
25828,16.692318950824077
25829,20.81062381319511
25830,13.436951369202504
25831,20.030234116500928
25832,20.68876797304732
25892,33.12456469744881
25893,34.4133047222182
25894,39.62486747547862
25895,41.607607713054705
25896,27.518116240120207
25897,28.31295966169021
25898,37.61743594239934
25899,30.61759733130199
25900,36.953946992583646
25901,41.77961964729666
25902,35.028985064583004
25903,39.85699623939546
25904,35.98093318312049
25905,58.86161882579601
25906,50.74801034223441
25907,48.779216818698586
25949,44.180654759149455
25950,35.725076705787764
25951,37.82063231907383
25952,35.027321861090776
25974,18.191196794138047
25975,20.002323243785682
25976,20.601946984667958
25977,25.550661234091912
26011,27.415256733010928
26012,31.209227194175508
26013,33.916095386720755
26014,50.80570398748926
26113,5.630749875325399
26114,8.241837108797954
26115,9.181243196327236
26116,9.181243196327236
26117,13.126417702922206
26118,20.069537780914988
26119,13.126417702922206
26120,18.787093089088973
26121,23.906532172784164
26122,20.217463097358145
26123,34.465935649724365
26124,38.26483318682063
26140,36.08077606269565
26141,50.08007775229398
26142,49.61894645265188
26143,55.8686293077949
26144,45.39075372650127
26145,57.03812907386122
26146,44.30076280183686
26147,68.17255975584783
26148,54.63280983258316
26149,51.333680428541044
26150,58.44588060929597
26241,44.612441602439404
26242,53.97423380116486
26243,39.219930535016196
26244,51.594026976789735
26245,54.93320195355584
26246,54.13556046161354
26247,62.411328755982176
26248,57.69519128930589
26249,52.62815128611572
26250,60.115336216036205
26251,55.71469121758312
26252,53.24926007170518
26289,14.559339920981616
26290,23.630342962824827
26291,16.477316720551773
26292,33.59612171943214
26293,30.561197844984598
26294,35.41500163122389
26295,36.06814129507994
26296,39.764372228267206
26297,46.550584300188646
26298,39.33348790079554
26299,36.224645263312446
26300,38.91179512462422
26315,35.831569740303046
26316,29.647283810465822
26317,34.987385321789326
26318,33.918748891164746
26319,44.74871260430601
26320,47.08129384395337
26321,44.726033572805896
26322,48.76255307226431
26323,42.55701416590404
26324,35.23971173313187
26325,50.63634552740848
26326,58.582593466988996
26455,31.245799757824628
26456,22.25164060759851
26457,34.13399774194342
26458,46.74181142405026
26459,25.264577877790952
26460,29.809765452993382
26461,30.466849350966037
26462,31.249325458820174
26463,38.54024675026583
26508,20.59356104502678
26509,25.444002608049825
26510,22.101885685361193
26511,25.43239901656611
26512,13.527005976091992
26513,30.25848057613557
26514,30.430946314885727
26515,24.254075517341036
26516,43.906117563159135
26517,34.25382595372513
26518,43.72708586657309
26519,34.996135349866094
26520,19.72129878010429
26521,36.32044760014042
26522,32.1062707576965
26523,30.524061985519143
26524,30.901771664249384
26525,35.2483084147351
26526,42.29527631199526
26527,33.377785263068766
26528,42.12907691600608
26529,37.98528435644535
26530,46.83879540352454
26531,57.37317733547073
26564,19.7118016777347
26565,22.596187341283496
26566,34.279921652295116
26567,28.736657146001555
26568,32.935356199558356
26569,30.536120098138976
26570,37.50094333552053
26571,45.98586949416006
26572,35.42223697989167
26573,35.85944281994533
26574,40.655471834647095
26575,34.6358509892518
26576,5.3734151639166505
26577,42.160730140274566
26578,39.17668408369518
26579,43.5231263234692
26580,37.858291001044215
26581,50.07478963370208
26582,60.96275154291701
26583,41.90199300158023
26584,20.320375804788082
26585,18.5845454575167
26586,20.324881568126607
26587,22.64556444705593
26629,20.615165859791595
26630,13.658487068741444
26631,15.859921542064692
26632,19.195611243206343
26633,23.939535543528017
26634,32.95742490243702
26635,33.66702667172582
26636,38.820908221764604
26641,33.93422274950473
26642,45.815261909393186
26643,40.84217558572347
26644,38.000846431503
26645,49.2769624850513
26704,20.569289922633928
26705,9.081371597163889
26706,20.569289922633928
26707,41.572896773238256
26708,45.63322118667864
26739,57.08144439174052
26740,62.699355762965176
26741,51.93923758330792
26742,64.61503440698637
26779,13.104320369428946
26780,23.561001655463738
26781,29.362069111398068
26782,39.24072528557407
26783,32.03585747316939
26784,44.28088868566061
26785,46.41915426734976
26786,31.348899640451535
26787,32.48968623038933
26788,40.71399949611463
26789,45.19861571960581
26790,46.628691822503775
26819,37.88258828219627
26820,48.32496672816847
26821,63.232701176416285
26822,50.787106512165636
26839,39.641864843705626
26840,38.544292195361926
26841,38.36985802474701
26842,33.248773254119676
26851,23.675566118740253
26852,27.268149822053086
26853,32.60968117683552
26854,33.51272565972092
26855,37.89455499607576
26856,41.47249013122674
26857,34.71052612961381
26858,35.85497304050922
26859,57.25391411323448
26860,44.576349655593305
26861,52.05424171505863
26862,54.238638332085195
26863,30.549509290887023
26864,28.26792954876839
26865,31.963930389822465
26866,34.013796969375
26909,5.684834395961668
26910,14.009877810729737
26911,16.909912128490866
26912,10.664873000794637
26913,13.372023355494713
26914,18.80393683007236
26915,13.826411734760418
26916,29.5188114648302
26917,31.57488801136336
26918,34.08714765326725
26919,34.838717892734216
26920,48.05190098049931
27006,38.137146620587124
27007,34.78550174789506
27008,40.05373311394628
27009,39.9172671010762
27028,10.391004052181943
27029,22.879087835275403
27030,35.49885281693083
27031,34.64171418611872
27047,36.374025824719396
27048,36.93636612672509
27049,32.4780372799547
27050,38.173718211065285
27051,37.494419519955365
27052,37.98419569223776
27053,53.81158585905526
27054,40.70027623378899
27125,49.682454290486326
27126,62.31563216836764
27127,45.04700787076946
27128,43.14448165781069
27129,18.763772590736902
27130,17.273800141296647
27131,35.82611673584552
27132,32.4325675243753
27133,38.77762491277483
27134,33.455941704598956
27135,28.810785295550666
27136,41.94311962369633
27137,33.82621058124748
27138,52.97403108748856
27139,54.62519757720897
27140,51.05349316350658
27177,33.39398779100057
27178,38.3890754032608
27179,48.12489720241095
27180,46.39533993509554
27181,41.92150678433084
27182,41.01699219072577
27183,50.26298963692739
27184,47.67990010060265
27185,56.64310852754746
27186,47.32827844206237
27187,59.817523410100456
27188,55.26303232539289
27189,23.558293171973467
27190,34.98470604813179
27191,30.980515697483167
27192,31.803025309835736
27193,33.67479411603807
27253,23.274669438657575
27254,12.494554968795612
27255,20.077757051736338
27256,30.81354500698238
27257,32.304526202081675
27258,29.682339480620655
27259,34.36320042843703
27260,34.1331846526965
27261,19.706742785115132
27262,34.71392603951653
27263,47.4496884189547
27264,37.5308412229699
27285,49.91210097153401
27286,55.86286223789404
27287,47.13964587246707
27288,45.0482790681681
27289,49.85857543602291
27290,40.047679195170936
27291,42.64004240670971
27292,50.75381706251507
27293,56.17598415346012
27294,59.04181538406468
27295,48.95427255166833
27296,52.86193842973871
27349,25.72326527274887
27350,20.696563517252443
27351,29.926442183327826
27352,34.67822338214477
27353,45.86621463536447
27378,27.50444514499945
27379,29.301600275399977
27380,42.53584540794324
27381,52.53276254868529
27382,49.65446298513079
27383,51.317649790388536
27384,51.38748678424582
27385,55.08478341395449
27386,52.52022814187722
27387,55.08162522019096
27388,60.54437750171121
27393,45.9675056797534
27394,57.333850239796085
27395,42.31327368327089
27396,48.08118084418554
27397,49.9895445358061
27398,39.63647878158813
27399,48.51567143012731
27400,52.48259532421119
27401,47.4535793220708
27402,44.51572072005303
27403,43.0325768884046
27404,46.50184460922196
27425,30.973778444274295
27426,33.289490912397184
27427,40.70709323010131
27428,37.27491418294267
27429,34.47647544592733
27430,51.36280959573897
27431,48.31871277917454
27432,43.84604199315452
27433,20.60050368479102
27434,41.21260229989841
27435,34.19456033851773
27436,29.836616127434915
27437,33.764149466583476
27438,35.18380234109065
27439,39.94073315199921
27440,47.55546286040701
27441,37.27058766902896
27442,33.23657163896124
27443,56.30700571456164
27444,33.24746866795305
27445,49.52964994060879
27446,51.05040242145906
27447,36.72926678956851
27448,45.06890431900743
27449,39.19268849867493
27450,56.09991511315738
27451,55.06443992256519
27452,49.49751977098927
27453,58.124479522982995
27454,8.64606978955353
27455,15.694134479881685
27456,10.864665899273787
27457,12.613838959701235
27458,14.815273433024482
27459,13.360297599078182
27470,35.38509504694297
27471,32.86813379674838
27472,30.087340413032727
27473,33.49798449740007
27474,44.415869968422854
27475,33.241801384324724
27482,30.674948960127562
27483,47.7314518746325
27484,59.472955722966056
27485,49.55486018398861
27486,56.529839025688254
27487,70.46290774927851
27488,52.19728919488948
27489,53.23818182425704
27490,60.7965532186495
27491,53.2111786632715
27492,60.15899546298561
27493,58.38447896056997
27500,36.75015399700248
27501,38.862891599841504
27502,59.113864668983005
27503,55.60886865515684
27504,48.929198144575594
27578,20.640898225757077
27579,33.53820992651271
27580,46.46977188146844
27581,43.103932402394584
27582,39.29742121829793
27583,38.182072575285574
27584,46.047389109912984
27589,55.747538336565256
27590,54.00640806806303
27591,67.41425889538046
27592,55.35153930408211
27593,66.39744454417573
27594,53.03729377614255
27595,61.245936245093056
27596,58.94042688898672
27597,63.820987272492815
27598,67.83589762992064
27599,67.14864821505311
27600,62.136412543246564
27719,17.283525085941772
27720,20.74085263320599
27721,34.06051739211571
27722,30.45668502336912
27723,31.985486468743677
27724,38.92169489418034
27725,43.81899298972189
27726,32.82665839547564
27727,47.71221090671405
27728,48.786624985612626
27729,48.49223359339373
27730,36.321023626948865
27795,36.64210502595893
27796,36.71558537578663
27797,55.87998666724658
27798,53.54748566828926
27799,53.15219806773042
27800,60.9056115370551
27801,55.282174601587876
27802,55.328636898800596
27803,55.53904715359594
27804,64.0024904059688
27805,62.0585312183403
27806,58.813696008960264
27807,22.2491772735404
27808,26.482513154116504
27809,36.11458603168798
27810,30.52971666052984
27811,30.773486503377754
27812,42.63374805549485
27813,43.32544122040557
27814,36.41172113972449
27815,60.17536142245605
27816,37.379402869302304
27817,40.723127401186225
27818,54.780138345671
27848,14.277091136161372
27849,19.74212799308457
27850,20.341751733966845
27851,36.36343924292856
27852,46.78467093047578
27863,35.824600349174716
27864,45.333605737283634
27865,53.643316909239815
27866,53.27372035969068
27867,50.57338342674491
27868,42.909564124726856
27869,53.09694374409178
27870,57.27098925735593
27871,65.66994617237394
27872,57.43311662353663
27873,58.97668073339055
27874,62.81934678047365
27898,21.931960168357012
27899,39.871620260942336
27900,30.025474634887384
27901,46.48788079218428
27902,30.931547814532294
27903,31.102433592448165
27904,36.55113229312321
27905,51.44431989253645
27906,44.811983171076704
27907,50.33613238785675
27908,39.45573193937761
27909,45.463589968997994
27933,9.11808905768593
27934,5.567595736684093
27935,18.723938950447668
27936,11.550318200983995
27937,15.50092573473469
27938,25.554721632579913
27939,13.0632635642809
27940,33.82813763727043
27941,43.914489479606054
27942,38.38717212319486
27943,36.8914715027634
27944,36.579329074827676
27945,36.62277612397787
27946,56.22008167042687
27947,42.29388291600532
27948,50.54249947309483
27949,38.87610048228545
27950,49.70621497422696
27951,49.498468468125026
27952,52.21478393491076
27977,66.8736831274178
27978,50.05661769708923
27979,55.865910816502335
27980,66.70260741898734
27981,52.22182858966675
27982,66.47989378362053
27983,69.58884575035134
27984,70.83316032807865
27985,67.52630592107407
28002,45.36702018482531
28003,26.440178732283115
28004,39.598798208828796
28005,34.49678309448782
28006,37.20832744234659
28007,49.60852502826202
28008,48.580564718755525
28009,55.69393468359824
28010,48.54687136198649
28011,65.85744561619805
28012,56.469129179495845
28013,59.35110258927871
28037,40.967280627104124
28038,33.344187727410834
28039,38.802617883473594
28040,38.94092679858345
28041,57.259196552551664
28076,18.42489621098667
28077,29.36857053194437
28078,52.40099710767572
28079,47.56979685389672
28080,44.701134816563304
28081,51.67692956976888
28082,50.86362873178836
28083,59.1471125030004
28084,53.83961867379003
28085,54.978547795107396
28086,61.81018995346311
28087,64.89992792668586
28124,42.432811607040335
28125,31.745688920331204
28126,42.7390199932704
28127,46.53005673244479
28128,44.47549765738653
28129,49.841714704086684
28130,51.94996228816751
28131,61.29230685462601
28132,61.56632291387293
28133,57.33789226640396
28134,69.34322567762305
28135,52.603975770297666
28169,33.34637755320677
28170,36.46400768093114
28171,36.04953710295651
28172,43.03665441438539
28173,37.81456779960534
28174,15.535816577335808
28175,23.878268876743977
28176,44.81434905926573
28177,34.811052931562905
28178,41.085141473406914
28179,39.91412988455065
28180,43.444947173729155
28329,19.72129878010429
28330,32.40342143168963
28331,32.58312721793955
28332,33.21830693829188
28371,46.359409406422216
28372,55.16335611964493
28373,58.94415885776936
28374,60.72934648080035
28375,65.21224300871391
28376,61.77823735822292
28377,59.71170464701797
28378,68.76749579719578
28379,61.039880979615184
28380,65.15973991945407
28381,60.326745785768
28382,63.811654702803686
28399,50.5581293604778
28400,43.86998931048618
28401,48.87056245242647
28402,52.391932830429866
28403,58.87332500189967
28404,49.02651744867992
28405,60.63166168880664
28488,45.7672788669625
28489,55.445094655456046
28490,58.56377628877281
28491,57.00106750879989
28594,28.573127680093897
28595,41.11592000690215
28596,31.758389330294758
28597,31.479211006472152
28598,37.590820866423805
28599,42.285776014312475
28600,48.94235336936537
28601,41.170742017970085
28602,44.68835347893854
28603,51.601454986037254
28604,49.958135286030874
28605,53.96300649724631
28618,35.32532040710445
28619,33.659249099566026
28620,32.65437030695691
28621,41.56660156920806
28622,33.40214774405883
28623,4.593932529719077
28624,6.3939422944957895
28625,6.855477366303689
28626,12.529168481867588
28627,15.962173703764982
28628,15.288283074425745
28629,19.113717220481952
28630,19.072675771254918
28631,17.855676430023642
28632,18.158574062384663
28633,31.816833850707404
28682,18.68260817720124
28683,11.411713734639225
28684,16.902034325760518
28685,16.8904307342768
28686,15.365494976600061
28687,25.01457070208907
28688,29.95933696998735
28689,41.32393984056953
28690,37.74558175431877
28691,31.608739040990578
28692,43.73096034213542
28693,51.44152210211915
28711,5.905585353815024
28712,14.471597805451104
28713,13.281920454839682
28714,17.244518382970224
28737,19.22865653423515
28738,34.10213821971418
28739,32.80179204580389
28740,32.886179369495586
28741,4.945430625931971
28742,8.122377180455457
28743,11.280379377704994
28744,13.983002091613322
28745,41.88711111496552
28746,52.56388476305943
28747,39.57570733632121
28748,54.56225968006385
28749,39.0861435550334
28750,55.039690956038385
28751,56.2131885924891
28752,52.512260709099756
28753,57.76488844026915
28754,62.534623984029494
28755,61.71244196102569
28756,62.07645143050469
28761,20.162510524867667
28762,38.38513311964054
28763,39.56014588838845
28764,30.149219073468462
28765,31.327183984530517
28766,40.646218855951375
28767,48.858685243195424
28768,46.34296045846601
28769,50.37508504344963
28770,42.71290079217848
28771,49.98340119021255
28772,56.80244992948307
28825,18.480875846285098
28826,20.41413631476791
28827,18.89180324844322
28828,33.43961470050464
28829,40.07618893871769
28834,30.0741576579855
28835,36.62601365999396
28836,38.69312025832337
28837,37.51024709625191
28838,50.845498464957814
28839,45.10486992206426
28840,52.67137114908785
28841,45.44996113343872
28842,48.961864482364916
28843,65.98371545047289
28844,23.63501861860502
28845,33.815585412928755
28846,36.47063781742166
28847,36.64536814559144
28848,53.17427658064748
28849,35.294458871558334
28850,36.599483760961675
28851,37.96650608919483
28852,39.94834528137668
28853,49.442961628458725
28854,52.10425061087316
28855,55.91350023950532
28901,31.052259966705503
28902,20.7433159672641
28903,22.25164060759851
28904,19.14299539486694
28905,35.094121362740246
28906,31.266822993138458
28907,34.0035225458664
28908,39.68515100218893
28909,42.085507603033
28910,44.99697953289312
28911,36.368594426998506
28912,38.66946082737068
28913,22.081424269755708
28914,23.712197594007286
28915,34.754557975763014
28916,33.108912119433846
28917,31.865308927507872
28918,39.23985229935394
28919,39.19771617583782
28961,38.95968506189128
28962,40.55120692369742
28963,49.87023756563655
28964,39.19600532890295
28965,39.56773197889874
28966,31.612118955677374
28967,45.31779759612838
29047,23.932566446131382
29048,29.807114251893417
29049,22.935848738720917
29050,20.020047882247844
29051,27.58243125816568
29052,31.074402379336238
29053,30.488116525252426
29054,47.929197913543945
29055,41.007610606834525
29068,19.18012038531127
29069,20.604180765235046
29070,17.085190510179935
29071,16.37796016367097
29072,34.00447102961262
29073,38.2269807300922
29074,37.44048560460763
29075,32.330971677029005
29076,30.659834218439247
29077,33.83856848317732
29078,33.462918571129826
29079,42.81949287366463
29221,11.780094350052822
29222,18.745610090920522
29223,15.730701883803519
29224,10.687684189845724
29225,18.750115854259047
29226,14.487222827299673
29227,29.23579649614145
29228,33.686452795911386
29229,40.70230342119941
29230,37.93604790335259
29231,42.912196849352256
29232,45.54669673794753
29341,14.555045082925076
29342,15.535816577335808
29343,23.878268876743977
29344,14.555045082925076
29345,25.58961247518103
29346,16.414677624193
29347,13.334382104012562
29348,32.503853498637284
29349,34.014292470031776
29350,37.03490887687405
29351,42.472290933429036
29352,31.428126051053557
29384,55.70212712652968
29385,46.97888394716749
29386,50.26832175104705
29387,58.01928108234557
29388,53.521867519573796
29389,59.88376300477092
29390,65.376269743294
29391,62.87391783801417
29392,65.20496369809305
29393,57.40997008661703
29394,56.934319807658795
29395,68.4213359422606
29417,51.734410170774666
29418,61.052869465447074
29419,42.17336821224369
29420,44.876011621039616
29463,33.68370435682994
29464,36.265291990673155
29465,38.71525869586427
29466,37.28584229377332
29467,40.021027234382935
29468,49.78316056595732
29469,55.233559934948055
29470,48.85225654804515
29471,40.55381691014967
29472,44.71040541367983
29473,46.401437516630665
29474,46.51766995235598
29475,26.206059487754178
29476,27.175375630297722
29477,34.226406115157076
29478,30.91436184902119
29479,38.37610373670057
29480,41.76218867115291
29518,51.77534026139397
29519,52.98406240377127
29520,58.570568489537685
29521,58.03866998720671
29522,62.16383442328303
29523,53.95432937891403
29524,67.62718287256948
29525,63.72572100678104
29526,76.26423576808412
29527,71.86992999483564
29528,72.83482395044332
29529,75.13481936256602
29557,36.69186012459243
29558,40.27534545792021
29559,43.78730326013101
29560,40.85771312576554
29561,51.78155642140532
29574,21.670835165202078
29575,45.15502450624257
29576,44.81590297480005
29577,47.92571181401646
29619,46.96039582784861
29620,41.045674948268456
29621,48.95696579350019
29622,45.600167863548656
29623,44.94334924620662
29624,43.31048686624948
29625,32.836533948280156
29626,44.475394983703595
29627,41.907603832876504
29628,60.5130961687879
29629,54.60173362801556
29630,45.60093562658623
29635,20.56657676305699
29636,27.277553426511048
29637,20.46830407665608
29638,31.347268914203035
29639,24.79432087129487
29640,39.813483554604936
29641,33.68341821807543
29642,42.027932906461714
29643,42.39721943764911
29644,46.59838909829971
29645,44.70167633397238
29646,41.39188127661433
29687,52.521854372559694
29688,41.52667758533916
29689,49.94723178335153
29690,52.112754858481324
29691,60.14880613509166
29704,28.35318870935729
29705,31.39242699714638
29706,34.42654926672616
29707,29.95530412841665
29708,35.18549344269094
29709,36.67316026450947
29710,36.38051943812528
29711,40.92916039474042
29724,9.370907771921399
29725,14.292126595549982
29726,11.589503881641654
29727,15.758589328265023
29728,22.2491772735404
29729,29.248984427060574
29730,34.32258524346364
29731,35.76706754083832
29732,34.52078377025739
29733,42.52413510813843
29734,44.861497611596285
29735,46.067519327086195
29736,17.660750332336892
29737,24.01642743765034
29738,31.064957171181316
29739,18.626546787294053
29740,32.23169514623757
29741,35.07980392888407
29742,33.53694316006121
29743,30.30130495488393
29744,39.22744891638239
29745,37.56728964454616
29746,48.53537474291994
29747,44.81984155324987
29796,23.961831037578058
29797,41.28102198489243
29798,46.04649373705341
29799,52.95207898029039
29800,57.872603906543745
29801,49.67468853925635
29802,48.71667593912499
29803,58.80209110344236
29804,58.60172488762562
29805,58.33813282031218
29806,58.889893512305264
29807,64.90206996843754
29817,4.685906278154994
29818,4.685906278154994
29819,8.141965509634607
29820,11.513600740461953
29826,45.932496381529404
29827,38.79446659200549
29828,35.842423926975044
29829,52.0357425946507
29868,4.83571459321419
29869,4.83571459321419
29870,5.680686591221254
29871,9.231179912223086
29913,25.63171120362597
29914,14.864487872653374
29915,22.289594280937337
29916,20.000879943908743
29917,39.87367910920582
29918,31.202138036658884
29919,46.11778000368623
29920,36.60266452583682
29921,42.310950891699946
29922,41.69671157286103
29923,47.83352898448612
29924,40.58608708741962
29998,33.114809683383015
29999,31.959164050916065
30000,36.316866063707266
30001,35.26024914104704
30028,9.739896881450404
30029,14.831039962653072
30030,20.567055774790717
30031,9.274090406380166
30056,4.685906278154994
30057,9.081371597163889
30058,5.530878276162058
30059,14.483436779801917
30060,14.216223454370281
30061,9.081371597163889
30062,17.050299667578816
30063,26.409223129945353
30064,5.9643882701875235
30065,29.63390326769011
30066,32.646178396901355
30145,29.44978754327941
30146,26.45566712272133
30147,38.85076757270019
30148,35.851471798393234
30149,32.504763189984864
30150,29.03051261401539
30151,43.43333413774778
30152,31.70000736231434
30153,59.81433917985968
30154,40.37450207711301
30240,25.72326527274887
30241,40.35762950835733
30242,29.888511909354264
30243,23.017246396181765
30244,30.885384721171654
30245,37.7983281577918
30246,33.68063117288186
30247,37.441373119505236
30248,40.02696327164345
30249,61.32854715483103
30250,51.43479399405713
30251,37.73751725414632
30252,19.19110547986782
30253,29.306106038738502
30254,33.51251376983208
30255,36.52004176950511
30256,36.642836671755376
30292,13.338676942069103
30293,13.557154854941775
30294,22.880769556323404
30295,20.74085263320599
30415,20.491244998238837
30416,25.499008838445132
30417,29.68101805372631
30418,34.68635397705802
30435,10.720857959341611
30436,18.254607865933313
30437,16.625011104893066
30438,20.567055774790717
30439,26.489482251513138
30440,32.961406225608286
30441,32.1053260978191
30442,32.48250236820223
30443,41.220176362247955
30444,36.767096104469296
30445,51.06122243480155
30446,37.13540148839825
30452,54.203909653618645
30453,58.65139295543269
30454,61.81029121419081
30455,62.67904525671389
30456,69.00162522270772
30457,65.73999959826673
30458,67.66579183397663
30476,4.644712922978046
30477,5.48968492098511
30478,8.64606978955353
30479,7.70666370202425
30480,15.521906956463388
30481,8.473842266135229
30482,14.64304590960618
30483,17.994578882637548
30484,17.994578882637548
30485,7.554796152750047
30486,13.415421063907909
30487,27.377373513020363
30500,27.42104727760876
30501,47.8571358500395
30502,48.97361546469776
30503,36.093837159224364
30504,33.275538600240196
30505,36.40253020415111
30506,34.77913946689483
30507,52.592026677088846
30508,42.6943681442992
30509,50.49131241867316
30510,59.52194566299022
30511,53.73360367480167
30517,22.640896469756015
30518,29.275611909872875
30519,34.39367925217075
30520,50.47888648981131
30590,18.480875846285098
30591,42.48602109836371
30592,29.0380351140184
30593,47.73629939265492
30594,34.10857159112071
30595,36.99572080677178
30596,44.05240760684798
30597,43.51244605488537
30608,36.79088649264785
30609,41.37901595141296
30610,41.721499730517976
30611,43.55926221907852
30612,42.586458110690714
30613,55.5350814362685
30614,55.67524739577416
30615,55.959058471691854
30616,51.61289570597771
30617,53.887911701706656
30618,54.0906784355872
30619,60.38975672760223
30655,20.621721244026915
30656,27.424983265264874
30657,14.532474842487746
30658,50.653115527715904
30769,11.722103018916842
30770,14.686569759581815
30771,14.686569759581815
30772,9.11845650479849
30773,20.466015612145338
30774,23.778706060294475
30775,35.44846136462383
30776,38.37420634031416
30777,41.10193767353786
30778,45.325058692179915
30779,34.558626096352214
30858,5.973020386929074
30859,8.477687339794892
30860,9.417093427324174
30861,5.973020386929074
30862,10.48852363128477
30863,13.161372988743684
30864,16.88774321974368
30865,14.324979879014709
30866,16.845464430796046
30867,22.313962600364533
30868,35.06740679541394
30881,27.198432938122217
30882,32.696898912058934
30883,37.976742756478025
30884,33.33487101630561
30885,45.31719114660748
30886,49.62591167917216
30887,52.25141904179484
30888,60.11753197509875
30889,53.436093263522096
30890,53.595678006354184
30891,56.07627594626819
30892,66.01910224602139
30893,23.603496931429653
30894,27.332697907480973
30895,36.78712034289628
30896,36.68773096658848
30897,45.90979592956592
30898,47.52157599173647
30899,57.78381673385936
30900,54.13593406006988
30901,55.44587648130591
30902,48.402857518274494
30903,52.96787908374619
30904,49.87877039827133
30993,33.51419721923256
30994,26.206059487754178
30995,34.244898325301705
30996,33.21110086506929
30997,28.830844479315633
30998,46.53911056633633
30999,34.162947224386606
31000,47.20020257159277
31001,41.357272955565286
31002,50.950320679003845
31003,54.9456775506351
31004,56.541554118847
31005,23.853104566396805
31006,45.507336304498
31007,33.43446313914084
31008,32.72785810372057
31009,11.31231398944098
31010,5.525487117159972
31011,13.395202977604288
31012,18.041331815125645
31013,18.72898949625629
31014,19.834272574685155
31015,29.502643168344747
31016,30.075356564262602
31042,32.310252199151826
31043,33.23673677028246
31044,42.911755905439385
31045,39.56562474319249
31046,32.05307588728902
31047,45.72578163293325
31048,48.62371614823199
31049,51.29304662678938
31050,46.42693294081205
31051,52.635043499664306
31068,14.663668527167856
31069,23.986892320986755
31070,42.24218362896715
31071,29.713809321924717
31072,37.32289109828822
31073,45.7458042567452
31098,14.287831757493441
31099,15.535816577335808
31100,22.2474955524924
31101,18.758829793048786
31102,23.878268876743977
31103,33.69515030873091
31104,34.564447768739
31113,33.96823203433181
31114,42.81273741680179
31115,46.71305515630768
31116,43.82614295603395
31117,19.36427538063502
31118,10.538441586983662
31119,20.188712019676522
31120,29.32125989098659
31181,9.093717879720725
31182,10.11810899803781
31183,17.957252981083048
31184,18.485934738904668
31185,16.141782570048882
31186,22.60700434268498
31215,15.912951373133524
31216,35.928011378173885
31217,38.78016584567263
31218,42.29767534837694
31219,44.14974733959308
31220,40.64942773017964
31419,22.733477968144197
31420,29.218834144474464
31421,30.627365464433073
31422,41.25115178305425
31443,32.517008161022645
31444,51.79340242825151
31445,37.084752762125554
31446,33.0649356151366
31447,33.62198444681055
31448,52.98092620455533
31449,50.831180932874936
31450,64.93872268929951
31451,49.84796890117678
31452,55.0469100485189
31453,56.64830632757113
31454,55.68039646191664
31483,50.145333918395146
31484,45.41228264612602
31485,44.041624006299955
31486,53.68656625136917
31487,53.1223986725582
31488,14.753170291158694
31489,26.225708804009475
31490,31.53554279912478
31491,41.41125107443814
31492,36.98972065803962
31493,48.99710058497994
31494,61.05331670539921
31495,49.53470211036812
31496,44.2856007880284
31497,52.704301850101245
31498,50.9673472900305
31499,34.702956637078714
31536,30.561539468762
31537,44.627107875322814
31538,39.995699040298355
31539,53.81208788016489
31540,33.33984278926614
31541,62.16734434639326
31542,38.31136823995868
31543,49.27498454604017
31544,48.263251763642764
31545,55.91150891605344
31546,56.50055747515971
31547,55.831380819978435
31548,16.546145860583028
31549,29.89790128614916
31550,49.199022030803796
31551,34.474983574589956
31552,48.0153766747516
31565,34.88512260682591
31566,32.410634209504664
31567,43.173453962066766
31568,32.62119409901377
31569,35.30431612614417
31570,56.29260217602853
31599,18.78518259205474
31600,22.846201581593967
31601,31.2467946150973
31602,33.15694319880846
31603,41.64714195951987
31604,33.74979250413647
31605,38.313271817882274
31606,41.793818253258685
31607,44.138341876251765
31608,43.23624554676003
31609,44.20782315955565
31610,43.68679144188363
31627,20.61801853556486
31628,35.50529549178932
31629,33.9722274844541
31630,35.52754318697615
31631,42.00061576047821
31632,53.89653703547417
31633,58.73881112973969
31716,18.25013219226248
31717,33.97626374489534
31718,33.774309416193674
31719,26.495078563027786
31720,38.65192899873975
31733,6.676948570329577
31734,10.121021610724675
31735,15.050900567803335
31736,24.48976618237115
31786,13.07560321354339
31787,13.418209702278785
31788,14.750971802459118
31789,20.61845545452912
31832,53.4895333626434
31833,58.57800193922773
31834,59.59656256666742
31835,62.30558831653119
31836,58.8204581079636
31837,63.94934438903569
31838,66.53382019698783
31839,64.22563340597088
31840,65.62383729416653
31841,70.85696641949798
31888,27.53129586527975
31889,42.755040341990224
31890,50.694101298681296
31891,44.48218748606984
31892,34.14560037003568
31893,48.53076299851736
31894,45.63402151205185
31895,62.18273036749306
31993,35.62449001337118
31994,41.00076720387297
31995,48.98907393967111
31996,46.64768881818785
32014,22.442243728251903
32015,13.292902582641513
32016,20.236022660634305
32017,32.264757894964106
32018,31.340031206740733
32019,32.693225560288575
32020,34.82570530899577
32021,38.19926245449163
32022,36.065577138520425
32057,27.32297296283585
32058,18.20824480152011
32059,32.69447159084677
32060,30.922124526738788
32061,32.917182860196995
32062,29.105787193302
32063,35.72476391396751
32064,32.5171482753966
32065,36.30768621819284
32066,54.10451927339435
32067,43.062168832846154
32068,40.16796855602645
32119,5.520979860015189
32120,5.520979860015189
32121,8.85310664226053
32122,13.426765134949424
32123,14.756907204744637
32124,19.519058304422284
32125,22.540314139653834
32126,19.73645661416554
32127,34.81006663780421
32213,39.71594755180818
32214,19.72129878010429
32215,35.22483660802841
32216,34.786110215321756
32217,35.318565202894334
32218,45.90984689799879
32231,13.527005976091992
32232,40.08353302802508
32233,38.53085473951965
32234,40.24541072560074
32235,49.225196195230055
32236,21.613651890968605
32237,30.211260235852105
32238,30.284935834688415
32239,35.07351396699502
32240,26.606806692156123
32241,49.97192656008181
32242,34.181373514753574
32243,31.764136660104988
32244,43.14467697985746
32245,46.289127321442244
32246,42.76929440395173
32247,53.514557981603396
32353,15.569637250399694
32354,13.368202777076446
32355,16.38734266156748
32356,13.242002236205801
32383,7.482355050564939
32384,8.891822785160375
32385,9.693955137014889
32386,10.245385348595002
32449,11.87038973122664
32450,13.658487068741444
32451,11.909314008313995
32452,11.913819771652518
32453,8.85310664226053
32454,14.88365581099248
32455,23.939535543528017
32456,16.74104283223511
32457,13.720488363821936
32470,25.56444816483386
32471,41.70636863927936
32472,35.87328374186629
32473,35.245500951278245
32474,46.79469267141196
32475,49.05981965238408
32476,54.89879071021335
32477,60.986156774025275
32478,58.06155525095966
32479,46.77878408290974
32480,67.67369984052165
32527,40.31808627248634
32528,32.30523702858928
32529,37.09744619728843
32530,32.70467322225506
32608,10.103553003048651
32609,10.103553003048651
32610,16.834456921568687
32611,12.810703357748727
32627,11.347017678065718
32628,16.207420868125322
32629,36.71633100179157
32630,30.37475424559548
32713,22.1568919157565
32714,40.2714519540538
32715,29.744782348573526
32716,32.33208305998445
32717,34.59567674700361
32718,35.20734390696602
32719,37.36815053063056
32720,46.77152039833752
32721,44.53854802575655
32722,41.62999214011042
32723,51.02035859151921
32724,57.999585156150324
32725,24.011921674311814
32726,34.14669494641924
32727,24.01642743765034
32728,36.54444519108413
32729,42.29866353544655
32730,40.25371134288457
32731,35.3749305061553
32732,56.00935942581603
32733,60.03507797846308
32734,52.396030049377686
32735,53.049992124511455
32736,50.349639569747566
32741,14.239582707627182
32742,21.884952526568128
32743,18.85429481990903
32744,16.777348140165504
32745,42.05764304840643
32746,41.26955029252875
32855,27.018542187085934
32856,20.392972311837926
32857,23.787665240008078
32858,19.935423138321962
32859,37.411748572262624
32860,31.795386394912263
32871,5.674650048231718
32872,5.674650048231718
32873,5.795306016043737
32874,8.189015480816181
32875,18.5206384275294
32876,12.890897650814335
32877,22.04023879642472
32878,14.080575001425757
32879,19.882749304031908
32880,35.25297874746071
32881,33.53008961776218
32882,35.574757374012556
32901,15.770274384937736
32902,18.25650083423312
32903,13.379651300127454
32904,14.943342489819367
32905,20.136962357946206
32906,33.199564344833725
32907,29.047785137969104
32908,37.6831876970075
32909,51.57856559458403
32929,41.13866011826595
32930,47.0255222757694
32931,46.70542720345078
32932,45.01214547181127
32933,35.96789934403424
32934,43.77349706056741
32935,52.53015340981137
32936,54.21448736697598
32937,43.19344136051808
32938,55.17490678793957
32977,5.705452661986095
32978,6.550424659993158
32979,5.705452661986095
32980,8.767403441032295
32981,6.550424659993158
33029,40.152320564874735
33030,29.24023892855338
33031,46.71809118403378
33032,41.121141343721014
33033,45.03494023877336
33034,42.793098095265634
33035,47.24806593198494
33036,47.53668119100256
33037,43.26334772404392
33038,42.02880447807704
33039,50.489391997461894
33040,46.07108666019317
33107,44.4082936425204
33108,46.90634367139802
33109,50.8064700784312
33110,53.408191961859444
33111,53.21421393096659
33112,54.68487893240605
33113,56.14840091760175
33114,52.105835492481425
33115,42.020487703301875
33116,54.439542519050306
33117,56.282567657135985
33118,61.2208601213601
33119,32.36366787015856
33120,35.528481539915305
33121,29.026934292810335
33122,45.97295665323792
33123,35.80591646837277
33124,35.87815711447298
33125,50.173138185330146
33126,53.0302453007461
33127,37.26292374092464
33128,55.496664326842144
33129,43.144364850491144
33130,45.97372515699489
33135,28.662551967032975
33136,32.25288155873222
33137,32.289379941100876
33138,34.16805332498635
33139,32.36725913905304
33140,29.85776302379168
33141,44.35474434414843
33142,40.04568363325475
33143,47.865133913714565
33144,48.958388411723476
33157,38.45889775802265
33158,48.11987419544187
33159,33.5563165284958
33160,42.09596717492702
33161,44.783524749059566
33192,14.559339920981616
33193,15.646490206997198
33194,17.283525085941772
33195,20.630598026485934
33196,19.206537646562158
33197,16.695522453984918
33198,19.74392713982318
33199,39.06169403316878
33200,31.023881155261847
33201,35.44885963455462
33202,40.18182299206675
33203,47.48515990612216
33204,23.564028778940223
33205,30.71481582045927
33206,33.720708974272426
33207,30.125793519902057
33208,41.37349065361869
33209,36.55783387636086
33210,33.7566459874762
33211,42.38878230524917
33212,34.38217688068222
33213,42.59470838449149
33214,43.49243532448994
33215,38.44126405432222
33228,16.306713414105356
33229,18.820191940740706
33230,17.01394376061432
33231,18.867231026384218
33232,14.382035967656197
33233,14.057766553583075
33254,19.95707254196779
33255,17.54632235143788
33256,35.53415390974914
33257,34.12800219109517
33258,4.983100844634718
33259,5.4232447215833695
33260,5.546160688017701
33261,6.665871022273161
33262,19.2168378458333
33263,19.2168378458333
33264,17.121907970701965
33265,20.739170912157988
33266,15.535816577335808
33267,11.585209043585113
33268,20.0412744848748
33269,14.555045082925076
33270,33.98677022068296
33271,34.5463325460691
33272,33.22449462367343
33273,37.69575093565497
33274,15.783317732142926
33275,11.83271019839223
33276,27.505827448243917
33277,20.543067813208356
33278,36.191190882679976
33279,34.11611545786388
33280,30.219074636031248
33281,34.16665155225704
33336,38.72317034796102
33337,25.591294196229033
33338,35.31539837879825
33339,50.901099516967946
33483,8.75895372179505
33484,13.332612214483945
33485,10.769790013284927
33486,13.486451813776311
33487,14.619073075746245
33488,14.901063700871733
33489,25.585793762433333
33490,17.406770952959217
33491,31.153514400040727
33492,43.50017294977718
33493,31.816502165720436
33494,52.20504219417055
33495,31.803762863960788
33496,34.37326960038179
33497,52.67175240171661
33498,37.57279687733432
33499,50.793931806904745
33512,33.99192686128111
33513,31.289043595184737
33514,36.0803520714164
33515,34.97980199565152
33516,44.95158090201525
33517,43.05721156157229
33518,50.56386706743002
33519,50.47313322299043
33520,59.2431718074889
33521,50.97083277600162
33522,57.85406086696271
33523,49.123584606340934
33528,26.480831433068502
33529,36.02183973150213
33530,52.66086264601753
33531,48.12309472036739
33639,10.319395749058783
33640,14.216223454370281
33641,11.513600740461953
33642,19.14522954271015
33659,49.82644263082709
33660,43.37821161507304
33661,58.493766189777105
33662,60.896424768677406
33716,26.155796835678423
33717,40.38887105246561
33718,39.26494253698543
33719,37.30670574679675
33720,40.95586514624423
33721,32.88615261634846
33722,54.12204308381524
33723,47.55884529621018
33724,48.671722150494226
33725,59.84889367330623
33726,52.43373462945577
33727,60.69279527887574
33958,16.891846236118365
33959,14.828914031537765
33960,20.323631004476837
33961,20.42190369087775
33962,10.435703370023536
33984,11.733813980943008
33985,18.90743473040668
33986,17.27051290805986
33987,20.189879422232696
34035,5.4683640116757815
34036,5.4683640116757815
34037,6.843025962321932
34038,6.843025962321932
34039,10.76428799976749
34040,13.61037698374056
34041,16.769981587415383
34042,15.154487023869011
34043,13.92442217352895
34044,17.197614316530753
34045,22.8708922498899
34046,33.83027377234981
34047,50.344019902187505
34048,51.21516970005492
34049,64.16855825818067
34050,64.14217791874275
34051,66.60882723351124
34052,54.20877671631614
34053,56.175191750151164
34054,61.693639929844934
34055,65.00740592673223
34056,74.49960909778089
34057,76.49907843484385
34058,76.68205861475175
34063,26.895141083593252
34064,33.447244872374
34065,46.16686662779569
34066,41.79758019521727
34067,44.8658450420378
34084,14.588865755988959
34085,11.619029716648997
34086,18.05586369969508
34087,18.102902785338593
34088,21.805278353991287
34089,16.911316378564315
34090,33.66197103933985
34091,31.49552039124048
34092,47.00784129782194
34093,31.740804632025352
34094,46.126302358293465
34095,47.32289566209757
34108,27.488278337700205
34109,29.68201291099898
34110,35.769309973379684
34111,41.646411139764844
34112,51.92750076157419
34176,20.51372361298088
34177,18.20824480152011
34178,11.71025518278461
34179,32.70660510299931
34180,33.829921119992655
34181,40.99665569400235
34182,45.083996086406415
34183,39.172749817168246
34184,41.95770910484395
34282,19.838571726871077
34283,10.711065870968705
34284,19.136026297470305
34285,20.562550011452192
34334,4.70433775353927
34335,18.871960837101074
34336,20.813408343410746
34337,18.68915683392624
34427,43.212536302479315
34428,47.265653972662754
34429,48.61992423951613
34430,47.336837721037945
34431,44.73611327232089
34432,50.23104362794634
34433,54.161652518282516
34434,20.315863628366998
34435,43.11087474055644
34436,43.46999529526725
34437,45.014204447097356
34486,26.376762853280475
34487,34.030289870387804
34488,43.578048914672465
34489,30.94855209514989
34490,36.90700351428116
34491,41.48847896409141
34492,48.00814261370275
34493,37.09619722089643
34494,39.712083532994136
34495,39.32556372564289
34496,49.29728149797531
34497,43.120352241081115
34538,4.662319516355192
34539,4.662319516355192
34540,6.894820129546089
34541,12.918030452979437
34594,36.41586042171951
34595,37.184036238987865
34596,44.07701602927239
34597,45.589690456423305
34598,14.39645520173622
34599,5.0797710590987375
34600,13.443005548255341
34601,18.338771479469944
34602,18.338771479469944
34603,20.847794356400765
34604,22.356118996735177
34605,15.644440021578587
34606,32.62795798134441
34607,33.5199771835559
34608,39.994713667242245
34609,40.35025816334777
34610,25.568889816366802
34611,26.294376397393325
34612,35.597619783046724
34613,40.30801405085997
34614,35.0858559937578
34615,37.511123501042995
34616,34.60141834004794
34617,13.28757352961433
34618,18.377715669183935
34619,21.667593017887675
34620,18.65171261092243
34621,35.300633882298726
34660,15.427268757848916
34661,15.174832732111136
34662,5.698665333696878
34663,14.209779487146541
34664,37.92392676150524
34665,35.2680025255823
34690,6.053649634391192
34691,13.131975079945903
34692,14.321652430557325
34693,14.321652430557325
34694,15.616676336043204
34695,14.462665215118314
34696,16.92609367825817
34697,22.394591847826657
34698,36.18811745901836
34699,36.73105429367081
34753,8.178682970156649
34754,9.11808905768593
34755,22.844196992674284
34756,30.942207053228678
34757,11.550318200983995
34758,32.687248782990736
34759,40.85245383375108
34760,36.883927663356815
34761,45.99299989720157
34762,35.76303722037908
34763,40.22886792440239
34764,41.037707025273946
34806,14.221383078630257
34807,18.897440409765178
34808,23.308723596826148
34809,31.562688336722143
34810,38.03290252353299
34864,10.264323591766106
34865,30.578365862062864
34866,35.898759521421496
34867,35.86006082563857
34874,23.127965175097838
34875,23.138862204089648
34876,33.687487402221485
34877,41.632293850034586
34906,29.197059539827624
34907,19.407430823351007
34908,35.38572358119472
34909,34.51253659692938
34910,36.34160577425462
34911,36.44696690043925
34912,29.714410138629315
34913,39.36768743151087
34938,39.74818718426187
34939,40.50939624376058
34940,42.23014577773265
34941,55.852225467544685
34942,35.555168066981075
34949,18.05586369969508
34950,14.588865755988959
34951,32.39268030635359
34952,31.301804146196634
34953,31.80902683906046
34998,42.56203532202429
34999,35.818511354340394
35000,42.1385017807856
35001,32.60433887405593
35002,46.14388726052756
35078,43.1734566313391
35079,21.92246095510232
35080,34.482741065624566
35081,46.28594112461831
35111,12.713457132345688
35112,12.713457132345688
35113,16.5009829990351
35114,36.230657468078526
35115,32.17077743573248
35116,32.66451287467342
35117,46.895083282711006
35118,37.61654023378257
35119,44.02985433654204
35120,36.73801772858927
35121,44.979192120340194
35122,56.685054912119654
35177,34.5942896908145
35178,37.9888236203674
35179,33.01505708609877
35180,36.25810125618798
35181,50.579158050850026
35207,25.591294196229033
35208,22.880769556323404
35209,35.178136784966235
35210,29.898908171501947
35211,30.195227281134443
35212,34.139874818751586
35213,40.30378452672641
35214,51.11661534659973
35215,39.35645833662136
35216,54.07590382409792
35217,38.43297931290284
35218,46.03806639325823
35277,42.40493253959111
35278,48.17290865115619
35279,41.83430302259599
35280,50.318473296718814
35281,46.34027410395011
35282,50.812189548057646
35283,54.95822615688487
35284,53.7167539967838
35285,64.49394886129099
35286,46.83297885057811
35287,39.139927914892404
35288,39.584677062168446
35289,42.16312107018767
35389,23.961133671616324
35390,26.5167606475004
35391,33.56382624059856
35392,42.950988881445504
35393,38.93182635812998
35394,28.530871837911015
35395,40.962639138775195
35396,41.21754246434129
35397,41.68620332260881
35398,49.23214687820817
35399,50.54817668778054
35400,43.9970813177166
35401,32.167214903272956
35402,33.64982422101574
35403,38.85309679086482
35404,34.64126720148933
35405,48.20976878476722
35406,45.26406845857511
35407,42.45144040467459
35408,53.601099390458515
35409,56.62430988284882
35410,48.84343183918672
35411,53.18130320218197
35412,49.57676438056235
35438,16.587979796105518
35439,29.717467094766466
35440,52.926428702165694
35441,34.38382677555965
35442,40.480500686617226
35443,37.63546921491237
35444,41.70118633825453
35445,43.33317019870835
35446,38.31468866040676
35447,55.00204701478209
35448,56.83853070914714
35545,61.50203359397963
35546,54.13252274284169
35547,59.06335128192365
35548,53.34564460763812
35549,58.51895195137459
35550,65.27860624697584
35551,59.434810550347116
35552,62.369318817243915
35553,59.974798535145354
35554,63.85623196004593
35555,60.71804627454999
35556,68.21882594614529
35557,20.50962212275909
35558,49.931076585400504
35559,34.91014427844172
35560,41.56332900368237
35614,34.09915041693811
35615,53.65513559764166
35616,34.58984331203888
35617,41.88141681237544
35618,43.77113667095608
35619,44.60476805554179
35620,38.513048386547894
35621,19.72129878010429
35622,14.014936703349308
35623,28.853846651414358
35624,26.946492396234575
35625,20.445083312987325
35626,31.95883639140348
35627,34.092592032192854
35628,34.09051651312829
35629,43.13691335389456
35630,31.540770504479664
35631,40.76241840565977
35632,39.5661490224326
35676,51.308569593984245
35677,44.30828904363683
35678,61.491578674872905
35679,46.92223825916876
35680,49.293783836737745
35681,56.12068490049982
35682,62.45997574629282
35683,53.166997543876256
35684,58.99983408437702
35685,61.747706232644575
35686,52.205128619302656
35687,59.4156683882321
35706,23.787665240008078
35707,23.87995059779198
35708,30.978779616877798
35709,26.936233696715217
35710,14.292126595549982
35711,17.12620280875852
35712,31.61669650073644
35713,30.774330005959566
35714,32.63295327608596
35715,29.939615004721272
35716,38.632663914412305
35717,43.786275479303136
35718,19.404817652287523
35719,29.51531244781968
35720,34.28343042543146
35721,36.445336576186
35727,18.193430574705136
35728,27.229750640483054
35729,25.182624287249446
35730,32.89758379194097
35731,36.27139180111248
35732,43.837286151294
35733,32.44250669596012
35734,42.368963752297745
35735,41.037410903250496
35736,43.222023394839574
35737,43.393624096800544
35738,38.38830993993818
35745,17.957252981083048
35746,14.330042240961031
35747,15.814744418568077
35748,13.377082248114284
35749,13.377082248114284
35824,19.716239887484722
35825,19.716239887484722
35826,10.113050105418239
35827,13.056428157248858
35902,6.883615296073316
35903,12.38734454900977
35904,15.357180588349731
35905,23.51768991580914
35922,19.87520320213811
35923,20.474826943020386
35924,30.080642491643165
35925,36.46914935903724
35926,30.78686857135239
35927,37.812529065672
35928,37.96009057075434
35929,34.15157987711264
35930,43.67145291637783
35931,41.01545924853706
35932,38.602387367756066
35933,42.727284716719225
35974,16.10474943044825
35975,19.442664596125095
35976,20.14056102340828
35977,16.76174091732624
35978,37.37874042818071
35979,31.55748912077562
35980,39.71279948407731
35981,40.60475143034626
35982,53.307560455377434
35983,40.26492845788707
35984,39.35470464465931
35985,41.93136044318208
35986,6.393494467843763
35987,19.604656301562343
35988,30.803484292084214
35989,34.930528254405544
35990,43.64565998354883
36068,16.1736189835356
36069,29.592287701406097
36070,39.487138789684025
36071,36.68842557746299
36120,36.464125282915
36121,37.602354434603555
36122,53.22638763930483
36123,34.19248350922047
36124,57.21163461234079
36137,19.040668232834488
36138,28.89424223658776
36139,18.19571074432674
36140,38.287942566724475
36141,41.193249792917484
36142,35.47640884233647
36143,42.90177258839459
36144,38.321680881157334
36145,50.924107033788204
36146,52.13333398528933
36147,35.022533851170785
36148,53.70727331520201
36192,41.5290467913302
36193,39.2932677130581
36194,40.30928317900127
36195,44.72279626417094
36196,51.28497065030764
36197,55.54726574527257
36198,47.79577268372735
36199,56.53443857040849
36200,67.07021397129914
36201,68.07668631482507
36202,68.22477598611799
36220,25.70158717864728
36221,31.081032247586208
36222,30.261927108732998
36223,37.78882123044944
36224,33.997205063548634
36225,30.782996353646887
36226,51.9634116440173
36227,36.14982824249566
36228,42.140615457762394
36229,55.46063569185609
36230,53.44795838872408
36231,45.22400825285042
36245,46.386941979262964
36246,39.07922780106494
36247,42.0581573741676
36248,41.95357889405177
36249,35.253759270669654
36250,49.02987067788058
36251,47.08284835611129
36252,41.67256076502021
36253,40.275396870652834
36254,39.065422123812056
36255,31.49576617589175
36256,35.44527112227886
36257,34.49348859128629
36258,36.59271732482043
36259,36.31827802266159
36260,31.501653130452993
36261,30.553281564078084
36262,37.132299807489126
36263,43.90222628592595
36264,44.023275475477945
36289,5.705452661986095
36290,5.705452661986095
36291,5.705452661986095
36292,6.550424659993158
36293,8.767403441032295
36294,10.731200646878662
36295,17.158390537563502
36296,10.731200646878662
36297,15.572299144197338
36298,15.405605437010204
36318,23.84538262306254
36319,25.556726221499595
36320,30.53619336250895
36321,38.229229105305514
36322,32.71062354747532
36323,32.7281913789196
36324,47.50860595638722
36325,46.296712412493
36326,45.26030966170872
36327,47.730358746885386
36328,38.91290850059352
36329,52.17192646973705
36330,53.288366141462305
36331,52.8815407131908
36332,57.69059629851151
36333,55.2300382154096
36343,19.72129878010429
36344,24.24361749188098
36345,30.042232752251493
36346,34.2063335191811
36347,33.47667340615116
36348,28.06124309769583
36349,26.87872816452729
36350,41.53996018982562
36351,43.65780138101944
36352,44.35645417728956
36353,39.23319012057332
36354,38.66466870461098
36367,10.62012820275165
36368,29.63564443310373
36369,22.182985396653084
36370,18.148508810668364
36371,22.769960362867806
36372,35.23130442314118
36373,31.819829905925697
36374,49.35403069594467
36375,36.45944820741877
36441,20.311425418616977
36442,43.24741311906729
36443,45.22298933909931
36444,41.632084601240535
36445,44.205128339951344
36446,51.9365160485766
36447,48.597946447143784
36448,59.3031850566635
36449,60.69959219059681
36450,71.64950911224696
36451,56.79037484658056
36452,52.6759347148823
36453,14.277091136161372
36454,28.774303798044212
36455,35.36334421478612
36456,36.57458067051788
36457,32.26280231219971
36458,44.12850939845107
36459,42.95922297083779
36460,59.17320616258391
36461,52.31534428251737
36462,50.228746730938106
36463,59.45562371841154
36464,53.81878380832916
36523,6.249629606888487
36524,8.427206846335576
36525,11.585209043585113
36526,22.2474955524924
36601,22.631161921356252
36602,32.517008161022645
36603,13.208828036543412
36604,38.72317034796102
36605,43.42761133886466
36606,33.95790654463499
36607,41.50654825956074
36608,34.201549314324105
36609,40.67899896941405
36610,46.395199207117834
36611,37.559000206284935
36612,44.41695463010275
36618,39.83721613321959
36619,31.79132951842286
36620,37.9790463916891
36621,42.64761768409984
36637,36.77838745837912
36638,31.119567812636515
36639,50.16002591598676
36640,44.559063347130696
36641,32.555574417300576
36642,62.522121186981416
36643,39.63856495492229
36644,50.79569267939691
36645,46.17853703497618
36646,59.4988353881803
36647,9.911408030624928
36648,14.181271383110177
36649,12.117730987594918
36650,16.521046293053743
36651,17.338751704221526
36652,19.189514928658788
36653,21.65236966100699
36658,52.43379329805727
36659,43.04216095481583
36660,47.987228724871244
36661,46.18353184945826
36662,55.02081035444055
36680,36.07463183430024
36681,36.93355019803482
36682,38.06782263332247
36683,49.454602945745584
36714,19.838571726871077
36715,14.858121271319044
36716,27.34163017188079
36717,34.04462924464804
36734,43.18122400744895
36735,50.96069311337865
36736,53.50346881736475
36737,54.76509852732587
36738,59.32047651447145
36739,55.438403720126544
36740,52.9796202954328
36741,65.0101492891614
36742,55.64887248191792
36743,52.697256093512685
36744,63.74960238965055
36808,27.03458914854425
36809,35.41665880418244
36810,27.044001312142413
36811,34.99934271856408
36852,20.523448557626004
36853,32.10753275165328
36854,28.771664567226846
36855,37.266170474956944
36856,32.11739459405506
36878,12.820200460118315
36879,5.684834395961668
36880,10.160942317598327
36881,20.341751733966845
36882,16.706667302295717
36883,26.82341009659713
36884,28.45924947937047
36885,26.046381247697248
36886,33.99727203401593
36887,32.107454452870115
36888,34.57185332333488
36889,33.42017288729568
36890,36.07974333427705
36891,54.630802841966016
36892,41.69490306530637
36893,47.85833955436134
36894,50.62624604078109
36951,30.657122191059287
36952,31.16536311955942
36953,31.377141430986867
36954,37.90910763977119
36955,32.41180604926537
36956,54.20631365890086
36957,43.25378512842212
36958,36.89490464721266
36959,44.24568793967868
36960,38.260730457159326
36961,52.848123695903865
36962,39.47266594667693
36975,31.596366839980128
36976,55.208378146025254
36977,45.85234604020081
36978,52.42387079821748
37010,5.567595736684093
37011,10.356113209580824
37012,10.356113209580824
37013,5.567595736684093
37014,13.299491261411443
37015,19.18194700323218
37016,18.723938950447668
37017,14.520154240323958
37018,37.191209058347006
37019,33.014239784725156
37020,31.092108003282675
37021,39.480338677731645
37022,49.33600713134206
37023,52.804598300906484
37024,36.470864230122444
37025,39.654269820014385
37026,49.51243513560256
37027,47.74265995753793
37028,49.77657669169091
37029,59.95581316309302
37030,59.111019094161165
37031,54.19984876103761
37032,55.68279756844759
37033,64.38513896299044
37034,28.228866997742717
37035,20.425919232393706
37036,28.24364429743657
37037,16.285075955242927
37038,33.44735309195253
37039,33.56931304431527
37040,31.307260990556674
37041,25.314840529866707
37042,9.344061740526229
37043,17.144579933278774
37044,16.752551205190276
37045,36.112942138637244
37046,31.92673614113694
37047,34.95863330939401
37048,33.164777408566025
37049,38.51078077280105
37050,47.66095371622898
37051,46.2291891075658
37052,32.142360937138235
37053,35.6786546235751
37054,31.218953726429454
37055,48.69758325295115
37056,43.548397633803546
37057,58.163551875251734
37058,49.96324547171356
37059,57.7312789944689
37060,53.42171233651758
37061,62.496683880426744
37074,26.5477785707671
37075,41.36230661555007
37076,22.950540736312526
37077,23.9497217777811
37078,33.828884224390315
37079,32.39207929759831
37080,32.50165475904592
37153,20.01307878485121
37154,25.646373378626546
37155,22.935848738720917
37156,35.73708081921509
37157,39.59774559338644
37158,37.188105776812336
37159,36.864653700285594
37160,39.47322988084334
37161,39.709755188706026
37249,20.01862776784667
37250,28.45327921187355
37251,23.15772573243266
37252,31.132310630438248
37253,34.31438567193162
37254,45.994881449659395
37255,36.463863797500615
37256,33.35553518236882
37257,53.49255084788915
37258,33.73612452673579
37259,31.44232502261749
37260,40.96077800595312
37261,8.427206846335576
37262,18.758829793048786
37263,17.121907970701965
37264,18.758829793048786
37265,10.391004052181943
37266,14.555045082925076
37267,29.880358841269413
37268,35.13589160814606
37269,33.805155825591605
37270,36.99491034555332
37271,43.846404768437246
37272,37.982429224804534
37308,30.740182168965756
37309,40.494025482736596
37310,45.59990511415102
37311,35.66591165085733
37398,37.29139720330113
37399,36.398632387109984
37400,51.72317413877319
37401,44.25139395631026
37430,18.758829793048786
37431,25.58961247518103
37432,22.879087835275403
37433,36.35927510553174
37434,33.507204183285516
37435,38.5076916758218
37436,35.48861242033688
37437,34.85587249909958
37438,30.627090238555162
37439,53.715162806317856
37440,43.38396639437104
37489,27.382112412729178
37490,52.33605314681896
37491,45.05003810908852
37492,44.74035199215868
37493,42.7047723751273
37494,48.82637805736093
37495,50.275671102083514
37555,19.032390576263467
37556,18.716114845577337
37557,14.457727581956489
37558,23.773647167674905
37559,9.117903375517441
37560,25.543900881776075
37561,36.753539049125465
37562,38.622667444000555
37563,39.6312262289767
37564,56.81812376286139
37577,32.61655168117377
37578,29.75775802541802
37579,37.74185478670712
37580,38.08896002154506
37581,42.497884732062246
37653,14.321652430557325
37654,29.01131598373499
37655,31.957213295155004
37656,33.280201838732026
37657,32.09651662498092
37658,32.090954376979205
37659,55.97672937848856
37660,49.86364394194772
37699,43.00413198728723
37700,47.71232745044412
37701,40.3003263502287
37702,39.41703796041621
37703,54.02450575562849
37704,49.64189562982831
37705,43.44967027449596
37706,52.193221409454225
37707,54.21412967770727
37708,47.82451872992716
37709,57.10728718697815
37710,55.21957506116657
37756,43.25056531481003
37757,50.050291920219195
37758,38.611071226693205
37759,56.354900390875336
37760,50.64122192629537
37761,53.177054717432206
37762,47.62806372861894
37767,22.64556444705593
37768,29.01131598373499
37769,47.07899938922256
37770,52.17963435336839
37771,42.02090896548964
37772,44.749730991427064
37773,57.275470715242996
37774,41.32946755802762
37775,51.746024086445836
37776,59.94332418232229
37777,55.665509291584115
37778,67.27803938272866
37816,14.39632707367304
37817,18.708282505886903
37818,26.514796922060366
37819,26.11388660928794
37862,20.793468481545393
37863,22.301793121879804
37864,13.4222593716109
37865,18.34614799136007
37960,27.330951904645573
37961,29.31178650965306
37962,18.356334225613153
37963,37.5986877901477
37964,38.19137409305858
37965,30.251868749672298
37966,34.886586541328015
37967,36.83936278909685
37968,58.49776259729467
37969,58.093164634663744
37970,57.97750379877524
37971,46.733007471058286
37994,35.146182200914424
37995,36.5485840888797
37996,43.32610684498344
37997,55.60314926881876
37998,55.249982000433555
38021,29.135711899546866
38022,35.757993835068156
38023,23.773647167674905
38024,37.78327401385796
38025,37.52951041518519
38026,41.97848637185711
38027,39.449222258594126
38028,42.65651475235199
38029,49.500346794673426
38030,49.25365233106111
38109,32.161334636855386
38110,20.135571474071586
38111,32.801416641803335
38112,36.44944916548907
38170,32.217245966652214
38171,30.15128334978155
38172,33.24849095766121
38173,28.900078750153718
38174,41.65983303337244
38175,42.335596076087725
38176,44.688995460891135
38177,30.683359011483677
38178,46.96264901231367
38179,43.31645649034378
38180,47.08736818591757
38181,50.32469517472246
38197,29.10221405306172
38198,29.607728029555158
38199,31.172509733653477
38200,44.29888557469134
38201,44.11642490782847
38202,40.48978146324135
38203,29.42881069772721
38204,52.1961666667329
38205,58.69481457573307
38206,36.219592920404786
38207,53.04717638813036
38208,54.290730124645755
38209,58.66519632077226
38210,57.049419918567516
38211,63.88914928514261
38212,58.71853142893243
38213,63.972511289224215
38214,65.08149822184457
38215,44.755794956998336
38216,45.973456668987666
38217,60.23413434468869
38218,61.225887912405916
38239,9.366612933864857
38240,15.535816577335808
38241,39.44706781142723
38242,32.01629748081201
38243,30.67717278808555
38244,33.92390075783552
38295,5.385574502880623
38296,33.68927817362815
38297,28.806519736369726
38298,31.694610542960845
38299,34.86306223870056
38300,36.37243834977485
38301,45.85350320775888
38302,30.871382846176004
38303,36.4145583253485
38304,40.43232421129576
38305,37.1490719793193
38306,36.71011871890479
38307,52.36205650392799
38308,60.464875898696434
38309,60.83607382206553
38310,54.853815578140384
38311,53.52622182793567
38312,18.801279418765503
38313,22.463529408207606
38314,13.919353981052025
38315,20.32361248509019
38316,25.174054048113234
38317,19.625716057807004
38318,36.51144592561334
38319,32.348670120683025
38320,30.82293215590673
38321,37.81274890996523
38322,34.30566100172527
38323,37.89340049075232
38324,26.447945179387066
38325,27.304598863093243
38326,42.34544091211076
38327,35.08815621909105
38328,39.49444040933727
38329,49.98444888332377
38330,39.83585627427666
38435,33.016582214056925
38436,29.959278929689173
38437,33.17847592167853
38438,31.835229573804163
38439,33.79999876369076
38440,36.922051671277416
38441,35.70854840201869
38442,38.47454509623903
38443,39.400327089265886
38444,41.7737875922137
38445,52.581271062889705
38446,41.24882240916913
38447,35.54817837778702
38448,30.729171981910646
38449,31.783465771159864
38450,36.05725477831966
38451,33.86686554688374
38615,18.000086300643567
38616,39.95250301172557
38617,36.887409351569744
38618,37.46670267752756
38619,30.023062357843795
38620,41.28138559678364
38621,43.48775363723771
38622,38.88687514036108
38623,45.47495673429064
38624,51.64563828767776
38625,54.10555889441166
38626,51.716441447240285
38627,19.1262342090974
38628,30.170119164460278
38629,33.02616978564195
38630,32.670500972739056
38631,19.145619552597218
38632,10.690920702439628
38633,33.8989841709272
38634,40.18781995708266
38786,35.16226063018238
38787,56.01299296431015
38788,57.20137206758942
38789,67.78974381749238
38790,58.011210985839995
38853,26.278128675064778
38854,44.02105754121364
38855,33.347037957761344
38856,47.453202586621096
38857,55.7583418661004
38858,43.027985614190044
38859,53.34181774569921
38860,56.00747499594019
38861,50.3073656316031
38862,52.50204203032745
38863,52.80798826288841
38864,61.86541814188648
38869,34.590817653526095
38870,40.302004948795954
38871,50.90594150146484
38872,40.00638303787882
38916,32.9009034352942
38917,30.750261205589236
38918,34.504095343774324
38919,32.129504574741695
38920,36.1041387338207
38921,40.43953847908994
38922,31.57948834443806
38923,39.05512014377482
38924,32.739697423864854
38925,45.85576715702596
38926,36.798620352556796
38927,30.99380300154043
38936,43.24796559377808
38937,44.39875407861461
38938,44.059340063848474
38939,54.904383187141825
38969,23.88241393185009
38970,18.293532143020666
38971,18.29803790635919
38972,32.129447641124884
38973,31.063073689753125
38974,29.961591141049084
38975,37.227704571797226
38976,30.49031909858041
38977,36.09919368273179
38990,9.088658987101153
38991,12.820200460118315
38992,16.928032857980874
38993,17.41389764880468
38994,24.962874996166114
39004,39.32835446925761
39005,34.67883626087395
39006,37.7855530236314
39007,36.04377038706082
39008,49.46139334552462
39009,43.03103855176432
39010,56.59861257982386
39011,52.7038199791145
39012,58.612580315009886
39013,54.022838157923445
39014,37.28881402053846
39015,53.792287019145796
39040,18.454000127168676
39041,22.5271775187689
39042,36.27086580747137
39043,34.99802818729591
39089,27.136992705002363
39090,41.17073682992514
39091,53.575020571934125
39092,47.90963219344039
39222,12.877724858606069
39223,23.308001997773655
39224,39.54827729929126
39225,40.656021845544416
39226,49.25322550911566
39227,36.53036360621094
39228,55.086887910448354
39229,32.39597540127392
39230,41.77217861286433
39231,44.58427117835554
39232,35.41218271923966
39233,57.71546951724153
39252,21.634605174009838
39253,44.04297983761645
39254,42.66519996346359
39255,18.25674535156963
39256,42.996406787250024
39257,55.28984032458643
39281,11.87038973122664
39282,22.304256455937914
39283,19.195611243206343
39284,23.939535543528017
39285,23.939535543528017
39313,19.2168378458333
39314,16.414677624193
39315,13.334382104012562
39316,34.74449069482167
39338,30.95017875690356
39339,29.385397052805242
39340,8.40226795305763
39341,37.22172976951468
39342,32.23520311072075
39343,47.75474243688852
39344,42.96741906356757
39345,34.70828771909972
39346,43.99121428687706
39347,57.398342271907524
39348,50.207890909370406
39349,60.764840731829466
39408,18.779409738554044
39409,30.38504613031093
39410,31.751841705625672
39411,32.181207098821154
39412,38.44754496750828
39413,35.33342494863428
39414,51.336078651218266
39415,46.62788947112724
39416,42.48541660412621
39417,51.002509785507605
39418,48.9206313035903
39423,20.25175222695958
39424,24.103523918522612
39425,34.31716323481338
39426,33.55082632204235
39427,32.78232073314807
39428,40.154472454172875
39429,41.01899765522148
39430,34.22623256570039
39431,30.961316959260405
39436,27.130171870841536
39437,20.320922520986567
39438,23.558293171973467
39439,46.13566176353337
39440,39.251144735253
39441,40.15338617182867
39442,43.15662634181568
39443,51.748533643446535
39444,36.47231603218709
39445,51.090771561841535
39474,9.084220777351137
39475,16.839515814188257
39476,27.120674768471947
39477,35.63759792880038
39478,14.840225770566601
39479,19.18864214580971
39480,20.01554211890932
39481,32.22241776265792
39482,32.750454102776324
39483,30.55596008937133
39484,43.993763019540175
39485,30.480431840236722
39486,46.276202940059434
39487,57.514334217283874
39488,38.53231273624202
39489,53.247447388569704
39522,45.891968763814575
39523,39.86511366831875
39524,42.62587056994949
39525,49.99119006796679
39537,15.646490206997198
39538,14.510604508422654
39539,35.16746939739987
39540,30.66338220833512
39541,36.346484025037846
39542,38.233251366384245
39543,37.87578603340292
39544,52.5134845674837
39557,31.77503207996061
39558,30.919600002698992
39559,32.23999523008111
39560,32.1328324346434
39561,37.70682429897245
39562,33.41935594368624
39563,37.87372884882351
39564,43.17268749190583
39565,46.589287390942935
39598,29.6581215846933
39599,31.679453223292537
39600,32.24205129809515
39601,49.26773112695508
39634,16.543390291790786
39635,15.714081289139283
39636,14.733309794728548
39637,14.697880503429781
39638,20.548642138883217
39639,18.7100333418724
39640,13.257462964301599
39641,52.47087831073642
39642,47.31051203469882
39643,30.49917881705906
39644,59.21619800032469
39645,40.56219071747121
39708,46.86899455546084
39709,45.739319661838046
39710,55.28807202722786
39711,58.506011835530394
39724,35.41510854505201
39725,30.98669561533416
39726,41.529757034248156
39727,41.89180116920731
39728,43.557451176103605
39729,36.71516301515061
39730,55.818866818505256
39731,59.40603033047816
39732,55.51525976908928
39773,40.94957051676756
39774,28.899050410870544
39775,31.23595905957538
39776,32.730042315668896
39777,45.15729243215448
39778,39.353240361605984
39779,25.499008838445132
39780,9.696466841024526
39781,10.759782236428967
39782,19.962926270569916
39783,30.7409306411797
39784,32.38537857013733
39785,40.05895868611056
39786,36.97442187780165
39787,32.31090247947321
39788,46.780805479874246
39789,45.09712580341308
39790,58.643907412933295
39803,23.920367605188915
39804,40.04093551417003
39805,57.20454916827932
39806,43.57327444786829
39807,42.83031660403945
39808,61.10409287459242
39809,56.20093313017181
39810,58.39402755471919
39811,65.27119113997074
39812,65.17958099625528
39813,62.70886958935684
39814,64.65980321987053
39815,71.23549523089267
39816,77.35613699560375
39817,86.16606914114865
39818,75.33370854564185
39819,76.28931292810138
39860,34.00452514360124
39861,42.75674516828732
39862,25.46428493194496
39863,34.367646527494934
39864,32.86219482012027
39865,45.89162401919056
39894,30.752535012638376
39895,27.21398110093691
39896,31.26103012506144
39897,29.315320432184652
39936,15.758589328265023
39937,14.52039659679556
39938,20.560086677394082
39939,11.856698159974588
39940,18.293532143020666
39941,19.96743203390844
39942,14.831039962653072
39943,22.88773865372004
39944,29.520456698050697
39945,30.891780158591008
39946,33.574593294653226
39947,45.1092252536444
39960,5.6623361132517
39961,33.70270053435633
39962,38.4164702479782
39963,41.9269116239013
39964,28.12202475341798
40034,30.68315861595673
40035,43.74213111760918
40036,41.98010850809798
40037,42.47030532381097
40038,47.74964459648333
40095,29.68101805372631
40096,41.09077060235623
40097,37.62920046599872
40098,46.17990765876938
40099,38.005331280137746
40100,37.74440913716459
40101,46.4446484377502
40131,13.208828036543412
40132,13.320927157811232
40133,15.76838141663793
40134,17.33224145140203
40135,10.759782236428967
40136,14.563826637221439
40137,19.14299539486694
40138,37.35854283552685
40206,10.402822740583792
40207,13.346200792414411
40208,14.566863771326926
40209,5.262078980213931
40210,10.402822740583792
40228,13.098154406882019
40229,16.414677624193
40230,18.230148035227167
40231,18.230148035227167
40232,18.230148035227167
40233,31.72325951047249
40234,35.819206348646084
40235,37.52933647115687
40236,33.2309121625866
40237,40.39346852774254
40238,37.6075664736466
40239,43.093286177711114
40252,25.626095042042568
40253,14.591527649786606
40254,27.30295066786662
40255,46.177436442514825
40256,48.41556560268456
40257,52.05238066863665
40327,19.06188582160665
40328,35.79466255266011
40329,38.46869889868851
40330,46.7264069976796
40331,49.20863389309171
40332,52.48767825668772
40333,43.5998686341721
40334,46.19401832751478
40335,57.02085723392907
40336,58.66902920138574
40337,56.85148008628898
40338,69.3442147298707
40394,27.023217842866128
40395,35.55285403356721
40396,32.34348994112312
40397,36.10610891943018
40414,47.67924251744834
40415,48.81759498270631
40416,59.81323382041686
40417,54.86935695450554
40418,44.312468215939504
40419,61.92797484789451
40420,15.76838141663793
40421,16.586086827805712
40422,22.25164060759851
40423,18.822213900842286
40466,23.558293171973467
40467,30.874484415015175
40468,29.944791675093477
40469,26.792006492115885
40470,41.782621732163754
40471,32.40955290850276
40472,32.90481567904003
40473,46.21390474144741
40474,47.443640241050474
40475,32.48332809973721
40476,49.175896676250375
40481,41.060362456114646
40482,31.780668932573636
40483,31.563633773331386
40484,38.660905021596164
40485,45.36374112361592
40486,49.637523047082375
40487,50.73786860015473
40488,52.09382698232157
40489,62.83698903863715
40490,61.95575785105637
40491,64.19138442917769
40492,59.56713143773028
40493,24.058900000089505
40494,41.1525387112183
40495,32.96803268365236
40496,55.21321654230313
40497,50.91768830243772
40556,48.23328707653301
40557,39.44031341313342
40558,46.505287489589485
40559,42.37826842323185
40560,52.371995023354216
40561,53.89041874674405
40562,46.267197069963366
40563,47.70117884167165
40564,52.443114840507704
40565,63.7671562248134
40566,55.154870656715254
40567,59.71765446636253
40613,23.526358560237476
40614,36.12706911694206
40615,35.01335763900208
40616,38.59806834769256
40629,10.391004052181943
40630,14.555045082925076
40631,20.640898225757077
40632,22.879087835275403
40633,25.58961247518103
40634,18.758829793048786
40635,35.28940489626482
40636,36.63446919849097
40637,36.09072057326709
40638,34.40926447160973
40639,40.7591512088413
40740,14.88782975481778
40741,12.189712804247975
40742,19.272503137328666
40743,20.155849892034283
40744,14.951245633820418
40745,17.06397495047408
40746,32.9494342439638
40747,40.387295212231066
40748,39.367125940676615
40749,33.909545067565354
40766,50.019237720228034
40767,45.28914421993002
40768,43.573653299604885
40769,59.56723380759881
40770,45.972244724758326
40771,33.90715856199633
40772,41.18735480107356
40773,35.06966934320865
40774,57.674107093304336
40775,44.083724888667504
40776,68.84766416831316
40777,56.874319440725074
40778,58.67454665916672
40779,43.256760119333
40780,57.60878929658618
40781,62.615154846702076
40837,17.283525085941772
40838,23.87995059779198
40839,29.68101805372631
40840,23.88241393185009
40841,32.00544706605609
40863,14.573012445134967
40864,11.909314008313995
40865,14.611936722222323
40866,18.879335512520214
40891,20.612702525733486
40892,10.812398084768374
40893,16.67762695323247
40894,18.87482974918169
40903,30.978779616877798
40904,35.87126636258187
40905,36.78855323343397
40906,29.587488859046452
40925,4.9711476148559575
40926,14.287831757493441
40927,13.334382104012562
40928,11.585209043585113
40963,23.390050402529578
40964,33.22216270868355
40965,31.854210702673445
40966,34.94586656884411
40967,29.034993659746267
40968,34.5089217082959
40969,37.159021140026226
40970,36.28201993549177
40971,47.2574831054798
40972,43.89712231448401
40973,42.4122845656404
40974,58.263016442123
41003,20.505647523938514
41004,33.626462792096994
41005,33.178545908062375
41006,32.23346495841328
41079,42.75851767221962
41080,49.395915308770086
41081,39.87528174642132
41082,40.21723220947163
41083,44.80092887383322
41084,52.13544928963877
41101,25.709175461219033
41102,32.22766304838174
41103,35.81995325632134
41104,36.391973725520984
41105,36.501096575576945
41106,31.228739890376396
41107,49.286529851902685
41108,37.74478668911341
41109,49.037996546958446
41110,40.65911693626324
41111,49.28443133896809
41112,45.50038769262159
41129,36.36565135959661
41130,19.766502539560477
41131,45.10102384521661
41132,51.31881705923173
41133,35.45148862750628
41134,39.6306575945
41135,53.31659930212409
41136,41.03092438484051
41137,45.48042222176603
41138,45.03710434052613
41139,33.808310036116616
41140,33.45386208499345
41141,38.010011211924414
41142,36.24864378865164
41143,39.083309835718225
41144,35.99826818097018
41145,43.22661412733506
41146,54.2897170477139
41147,47.20852304769593
41207,17.41165855713
41208,14.638737979610886
41209,15.886722799453254
41210,22.962649996109484
41211,31.383961232857114
41212,32.35215245707669
41236,20.152679751542678
41237,12.970670292353788
41238,22.401766390052813
41239,20.276626766629253
41268,29.25028709092127
41269,36.51221012088264
41270,35.45044912178851
41271,32.8542510504054
41272,51.80690363797071
41339,35.0485746642278
41340,46.89897764095528
41341,39.222133490973654
41342,32.62543296934225
41377,26.242802281510503
41378,18.90082118820283
41379,38.990763683412375
41380,40.003996241713956
41381,54.13042048754933
41382,36.112512791242004
41383,36.708964104387526
41384,45.77319072442864
41385,55.322580316902716
41386,49.348430601296016
41387,62.0107417649902
41388,46.888764411640786
41401,19.19110547986782
41402,29.927903668098722
41403,44.190852826129564
41404,40.41518923949682
41405,40.981759352620905
41406,37.96317433934964
41407,38.02832635851294
41446,55.88184775247313
41447,53.72550592722671
41448,51.76252944006802
41449,47.93346728829038
41450,44.413402453644046
41451,44.7415848027711
41452,45.76230387301192
41453,55.31494490557708
41454,50.883751455257304
41455,59.4906941362293
41456,60.28693351541752
41457,63.789803460843544
41484,28.925896442265717
41485,29.83310950974441
41486,51.04275093248709
41487,38.931083268989326
41488,49.45614679416097
41493,21.10618840490887
41494,19.12584728579967
41495,9.73363042661574
41496,19.12584728579967
41497,29.76048462234601
41498,29.8167323134624
41499,34.17249057705039
41500,29.759597181946962
41501,44.45863131959029
41506,33.009781551819636
41507,38.8709710557088
41508,43.98565880258531
41509,41.89223210203814
41510,4.798374089725001
41511,13.465171899632901
41512,14.654849250244323
41513,14.654849250244323
41514,19.583855338584183
41515,13.701399596763444
41516,13.465171899632901
41517,21.10618840490887
41518,35.561505069537574
41519,34.109312517424435
41520,32.89353257298367
41521,34.07070493847177
41530,5.04541533478935
41531,10.812398084768374
41532,8.848600878922007
41533,6.347071573499503
41534,13.426765134949424
41535,26.601008215516657
41536,14.941151342734448
41537,16.730226376885415
41538,40.92773285187904
41539,36.62092563885767
41540,36.717283944598535
41541,37.37248470728194
41559,37.9350625949792
41560,29.601958621776756
41561,37.803089796959085
41562,40.38457759368216
41563,31.66724051467408
41564,53.2377621118069
41565,52.03979274071788
41566,50.92100947518209
41567,60.56663308256482
41568,66.96593230915593
41569,68.01188333580356
41570,48.46668264911442
41579,40.82141893036355
41580,39.076814772681644
41581,38.25687500024166
41582,53.36566538525039
41595,18.92371498695533
41596,34.23549882805648
41597,39.87467953773674
41598,33.47633396248883
41599,36.06037804285919
41600,43.87700791705893
41601,33.48371411477519
41602,32.894808347270995
41603,58.017018178433595
41604,47.90271371588553
41605,56.18844547977218
41606,54.31548339188651
41652,49.1817857776417
41653,54.46189196101704
41654,54.254588595299275
41655,46.256787848019215
41807,17.168051209103574
41808,20.785314150559596
41809,27.312611339406693
41810,18.804973031450395
41811,33.370442353367785
41812,29.821291336668605
41813,30.503362252029113
41814,39.94580870421296
41815,30.362445867701034
41816,34.0291813588404
41817,38.4359934625607
41818,41.46388504828771
41856,5.732273560040253
41857,5.732273560040253
41858,6.577245558047316
41859,13.465171899632901
41860,14.654849250244323
41861,4.870908276809218
41862,4.983007398077038
41863,9.696466841024526
41864,14.559320873882916
41865,17.33224145140203
41866,8.7959850305826
41867,18.293532143020666
41868,14.831039962653072
41869,18.29803790635919
41870,17.336747214740555
41871,22.946648769384154
41872,40.501698697710175
41901,21.92751984772189
41902,13.061487049868429
41903,16.849012916557847
41904,22.60700434268498
41905,14.584880328215712
41906,40.205673963083726
41907,32.46983671782237
41908,42.458393807085955
41909,41.02343707643499
41910,37.69404923839917
41911,41.24543020874339
41912,50.80397457457897
41929,40.74746152176886
41930,43.26889899824511
41931,34.3073204479018
41932,61.412040877730355
41933,38.00188603928909
41934,38.58620151460038
41935,37.32568153197264
41936,34.21318732335137
41937,35.087020513397455
41938,36.71630080708132
41939,42.29740191461322
41940,43.64591095113792
41941,48.451061788550916
41942,52.724389315295035
41943,45.97231071137752
41944,44.99804168667054
41972,31.4824653750237
41973,31.558116466940977
41974,30.774694616727185
41975,36.85414624559438
41976,32.78635905332762
41977,41.777881901775864
41978,46.767036807738876
42010,47.45769209979253
42011,42.13887437565264
42012,48.51403284904003
42013,51.64003143545847
42014,52.90467550651996
42015,54.79601243486189
42016,65.15607806759583
42017,58.126519095059905
42018,70.84329105037389
42019,14.88782975481778
42020,18.626546787294053
42021,16.14032033799867
42022,13.938885864675424
42023,40.923998888052765
42024,37.39378196868758
42025,41.67673224152726
42026,45.46261014057494
42027,42.77143638859519
42028,38.80292530290188
42029,37.15765663213148
42036,9.088658987101153
42037,15.305754842752192
42038,13.390144084984717
42039,16.706667302295717
42040,18.240304940675177
42121,13.518148151970225
42122,32.10236094806304
42123,32.176914795509724
42124,32.943291685101606
42125,30.560918158947654
42126,32.02511206176633
42127,44.182661071224175
42128,38.55917127466187
42129,50.461907395353684
42130,53.56434537222764
42131,37.012385183228794
42132,46.312800406523586
42133,19.97293404742588
42134,20.620175566942848
42135,32.17346509159188
42136,35.26802416233285
42137,38.117650064499436
42138,38.74288196200375
42139,43.999147966677576
42140,41.32540974862459
42141,40.099375480905174
42142,44.81966520934148
42143,46.47600739977432
42144,47.97447252532912
42181,11.589503881641654
42182,13.445055733673955
42183,14.510604508422654
42184,13.760257352094419
42404,37.913692902060966
42405,47.48362811972565
42406,49.30674193395422
42407,45.46652777615175
42408,43.70744733881007
42409,42.615690255124704
42410,48.68810302845611
42411,40.300161879643596
42412,56.69244056713326
42413,52.626662588435345
42438,19.2168378458333
42439,23.878268876743977
42440,20.739170912157988
42441,22.2474955524924
42442,34.49232603532353
42443,39.265425262118825
42444,32.259721785020204
42445,34.26107711356206
42446,44.66059045290454
42447,42.72412621507487
42448,44.66993479619258
42615,33.834272787876294
42616,22.126343175899272
42617,23.75711650015085
42618,40.340670139466546
42619,52.795141409401786
42620,42.35754095556782
42621,42.674869072417536
42622,36.0191970748429
42623,44.65224616304103
42624,49.71587166456201
42625,51.56582578587027
42626,62.587255355948784
42639,22.880769556323404
42640,20.562550011452192
42641,26.484976488174613
42642,36.28202667039364
42643,33.481057653813544
42711,11.807981794514326
42712,11.817773882887233
42713,17.293317174314677
42714,8.7959850305826
42715,19.962926270569916
42716,21.962130127759924
42717,17.042730971563444
42718,22.593722410542927
42719,9.690476184845126
42720,36.585810291021126
42721,44.38893293091344
42722,37.570471482950644
42749,20.366126280442753
42750,41.529156839366514
42751,35.50684070240168
42752,48.315592614148684
42778,26.49265012147035
42779,30.988916584231646
42780,33.000920204102634
42781,32.82730058032897
42782,31.650027933874608
42870,11.30725509682141
42871,9.136551199281241
42872,11.391333930864002
42873,18.036272922506075
42874,16.706667302295717
42875,17.45364803477907
42876,21.824790091646584
42877,36.90594483784588
42878,42.03108122821916
42879,32.35280067226894
42880,47.37327460087242
42881,41.60117611146422
42977,6.25553144807274
42978,11.856698159974588
42979,15.811811457063808
42980,18.82671966418081
42981,7.373068591438532
42982,18.438502625542984
42983,38.72715365550854
42984,26.885377194110564
42985,40.700625956890576
42986,44.29355117053583
42987,40.092644958234764
42988,30.088747343786697
42994,49.58713843081427
42995,52.01998900951363
42996,45.325833764425504
42997,48.31744401388981
42998,59.83287849971795
42999,45.91503610621513
43000,55.42252077114537
43001,59.23439517146948
43002,52.06607534703865
43003,54.84908445720103
43004,53.076503703208054
43005,58.537785864168164
43018,14.722337993967864
43019,20.474826943020386
43020,37.35416105193859
43021,40.463292984714464
43038,19.239990717641458
43039,23.98391501796313
43040,20.809362869609657
43041,31.789318381194402
43042,31.001549141971672
43043,37.08094291786132
43044,33.05713538578005
43045,42.457785715824386
43046,32.518956125588474
43047,46.496588390657124
43048,51.42153693923774
43049,45.00737688137675
43050,36.83989831804102
43051,39.503757959946775
43052,29.07879568022401
43053,32.74185017387138
43058,17.962988588049804
43059,25.275372377377277
43060,19.727034387071047
43061,32.070109257357174
43062,31.059425758942314
43063,46.10217203932268
43064,39.00245292521357
43065,41.991239764125844
43066,47.19423155248259
43067,50.043213995102526
43068,49.178948406843055
43069,41.889164385542784
43120,18.372949248748636
43121,29.328401532788543
43122,13.685288326130006
43123,30.35261830590163
43124,35.23634430158797
43125,30.918070793066413
43126,44.50679507488322
43127,38.277043436966586
43128,51.0088188169272
43129,41.7245637065557
43130,39.23261217381472
43131,38.5911253829183
43132,14.376828873194002
43133,22.610007698923358
43134,31.697718450272355
43135,32.34027790946745
43145,33.66323531158215
43146,22.87154178860282
43147,35.415480208599156
43148,48.963669794998644
43149,38.51249835852783
43150,44.53721450264835
43173,27.982394515365723
43174,31.906752655362656
43175,32.06794672649678
43176,32.81616662726282
43203,38.92169489418034
43204,47.043704670492275
43205,51.58955943250637
43206,40.89532637318024
43223,21.92246095510232
43224,22.561820613995163
43225,33.74701089682462
43226,28.84504117907343
43227,32.1890761436657
43228,36.40017947683808
43229,35.37701529017244
43230,36.03800888417173
43231,31.889737067717615
43232,37.823938861170156
43233,43.408932308573476
43234,47.28613021251287
43279,23.277150998915577
43280,34.0915298576509
43281,33.34575466722409
43282,33.773506538460495
43283,41.392674629831674
43335,29.374799281526094
43336,35.44267068501941
43337,31.172801267101303
43338,34.75848407481465
43339,41.67530516394005
43340,33.332952421958794
43341,55.20571837319569
43342,38.485650928922674
43343,43.99819182531167
43344,45.75766866540432
43397,41.165681944745685
43398,20.64196711718016
43399,20.042343376297886
43400,33.74726173540389
43401,33.22973277172499
43402,34.504845637352936
43403,51.53347147753585
43404,47.45132584316457
43405,40.579220355749506
43406,37.11932938196514
43419,33.92693331801507
43420,40.06578392342369
43421,23.945216014442575
43422,44.9089334542757
43423,31.720765894041772
43424,48.11242200943152
43425,46.726284535711976
43426,53.96743907027469
43427,39.55904780086537
43428,52.027037676133055
43429,48.45649484091835
43430,59.65543519291843
43457,18.51557953490983
43458,22.635837577136446
43459,22.004245294353442
43460,33.647188048840555
43461,33.25612508825716
43462,32.55478163246239
43463,31.844059481472037
43464,42.63203420593003
43465,30.7963026011025
43466,40.84560913209457
43467,35.6925984385664
43468,34.930292027367436
43506,55.33250637973894
43507,35.98333422827609
43508,55.02529632673512
43509,63.95539095317439
43510,44.06528177257493
43511,56.05593964252304
43512,48.85125773809728
43513,61.762347616219614
43514,53.256050607419816
43515,54.72712518048617
43516,55.00809062555804
43521,6.3707351834447525
43522,9.81480822383985
43523,13.685288326130006
43524,10.839199342156936
43532,26.564393593902583
43533,20.82273307299207
43534,34.97548774333086
43535,33.42726367586823
43536,29.925193070957402
43537,36.5298667280537
43538,35.69296037389613
43539,39.44313799750679
43540,36.821985336112455
43541,39.27663850864525
43542,38.34155793720596
43543,40.996941773746954
43616,34.11313324045512
43617,22.301793121879804
43618,33.23361225380958
43619,30.771171677184256
43620,30.865363871601268
43621,32.82023819465255
43622,33.55659030895621
43623,40.7446442083545
43624,49.054772177180475
43625,43.495907951180484
43626,40.62860397915951
43627,45.043826786347736
43776,18.88230614607363
43777,17.94269698609389
43778,20.277269070758827
43779,26.614279192969104
43857,29.17550407723287
43858,35.459122083830565
43859,32.02817615952547
43860,35.84887688681484
43879,5.9402371493867445
43880,5.346569132521481
43881,6.143905008849145
43882,11.7985593373909
43883,13.311504700687806
43884,16.554189213460607
43885,14.75571230788209
43886,12.27285733988063
43958,47.09355743865226
43959,40.25212305207275
43960,41.20669528114882
43961,37.180371213953414
43962,34.31920138688458
43963,48.121726869325514
43964,44.00692992802311
43965,58.68707252535154
43966,55.08783867334447
43967,65.4755147788919
43968,59.516323282133364
43969,55.123749246322646
43970,14.559339920981616
43971,27.018542187085934
43972,10.711065870968705
43973,30.710609708337948
43974,42.34077312187822
43987,17.713366180676296
43988,38.43119146671189
43989,34.64525137003428
43990,53.36160247155486
43991,40.1791665962699
43992,36.57855480293712
43993,33.31802492191654
43994,45.524326470080624
43995,43.42601643129748
43996,50.335184414338144
43997,49.00767521207783
43998,40.42680012212663
43999,50.65575152352698
44000,54.08039277622014
44001,53.78900058028731
44002,53.98159899209394
44074,32.94985703512397
44075,39.46152382572296
44076,38.59771198288516
44077,41.26000271317639
44078,41.21390103052825
44079,39.29441108329526
44080,48.87333402437607
44081,40.538946919962626
44082,57.24197286599004
44083,58.754864555284
44096,45.38700167448667
44097,44.34530785639725
44098,32.95907432051544
44099,52.65011067090892
44125,25.56444816483386
44126,13.303873214788968
44127,34.10715171054825
44128,41.64786225682484
44129,32.993652424947065
44130,34.266285399271446
44131,42.073836650515
44132,33.93142512502868
44133,42.50731061839987
44134,48.46858292285146
44135,63.627341239564245
44136,51.62075420620521
44188,13.9343801013369
44189,13.9343801013369
44190,19.155228545115673
44191,14.892335518156303
44192,22.444564229062877
44193,16.199230453662786
44194,37.077988460874266
44195,19.77571930312107
44196,36.46794458400391
44197,36.92472238875325
44198,45.18406976209644
44199,44.52460986067659
44200,10.009381142633847
44201,12.840261589455263
44202,19.20938602010365
44203,13.7656502435133
44262,14.703650020282971
44263,14.436436694851336
44264,18.378752972585062
44265,15.684421514693703
44266,20.189879422232696
44267,27.41507303836298
44268,22.513091196841742
44269,33.4188869330179
44270,34.51054615638299
44271,33.40871403202968
44272,28.92549656484176
44273,37.45324943113215
44274,10.216401438533842
44275,19.56712674786235
44276,14.163521351175348
44277,15.315581880128837
44278,16.348897663270115
44279,20.28643656982924
44280,47.15102416910364
44281,38.56948747165868
44282,44.38982642550943
44283,40.307737116158265
44284,36.17190139032515
44285,54.220648858263914
44286,47.342163777736296
44287,48.690950354904814
44288,50.99788457806662
44289,39.46039672168106
44306,34.907534826699944
44307,44.14871451200454
44308,36.28900065239604
44309,52.61880392450179
44310,40.54254215653038
44311,31.212770999898712
44312,51.18293340727545
44313,49.956470858441094
44314,43.81932436355753
44315,52.301908060836325
44316,5.154980972263962
44317,5.154980972263962
44318,5.154980972263962
44319,5.595124849212613
44332,19.239990717641458
44333,31.38532700999789
44334,23.99607861283034
44335,30.420351996957756
44336,32.69954239040936
44337,33.82672639863439
44338,45.6193858409067
44339,48.015823707352226
44340,52.08058328475534
44424,43.57515092496949
44425,44.7684830576478
44426,50.82134483603873
44427,53.139691485339284
44428,61.200338693394464
44429,55.659782828111
44443,41.1929853935107
44444,44.855840763469544
44445,38.6109737254655
44446,50.84977612277631
44458,5.939496525128266
44459,13.369643523271494
44460,16.625011104893066
44461,14.563826637221439
44474,55.946453138632044
44475,39.902655459608326
44476,39.97613580943603
44477,41.7815493052087
44478,34.73169369130518
44479,45.60979757505655
44504,52.76167171796176
44505,47.529460957916655
44506,56.16171657643555
44507,50.218625104119496
44508,55.27500764732878
44509,56.97903498924758
44510,68.45107239304919
44511,60.090388105829966
44516,34.98905507857489
44517,37.349977483994614
44518,45.882981537686334
44519,48.259257099227284
44582,5.3373105057344725
44583,13.338676942069103
44584,18.96891193191415
44585,22.631161921356252
44586,20.64856727542209
44640,49.0911955167095
44641,44.68346582414389
44642,54.1631589353749
44643,44.76501865066003
44644,44.50441767352556
44645,45.80586121458287
44646,58.5732185961926
44647,56.030641140346155
44648,57.30589650581832
44649,59.269827375838965
44650,65.23041437551167
44651,60.69349772655994
44669,29.367128004017637
44670,41.77373522951428
44671,37.50139779850984
44672,34.53875959164586
44692,43.665006784755406
44693,49.75595597722887
44694,52.92942863212672
44695,49.35073665587982
44696,56.4230876779016
44697,49.24123479463838
44698,61.78759067893851
44699,53.41425615899659
44700,51.869376823736175
44728,15.20765892858882
44729,17.71787194401482
44730,37.21032004856483
44731,33.01899999871805
44732,31.438736267732082
44733,35.38731987891203
44734,39.175012632621275
44837,22.844196992674284
44838,18.19525719262605
44839,40.20432025197332
44840,33.55394340131473
44841,32.48995094945261
44842,34.92775501831124
44843,37.60144998239915
44844,35.635231005238886
44845,38.55667076313009
44846,44.757558787801344
44847,56.62965630176557
44848,44.05202770058159
44849,50.96240264143268
44850,54.73771133217667
44851,59.91617823948095
44852,53.269285604270046
44853,27.194859797881936
44854,22.807479532152254
44855,33.9695801870115
44856,29.10221405306172
44857,29.10221405306172
44858,43.838074321606015
44859,35.17169335743944
44860,47.780486358917166
44861,40.88420056008666
44862,45.8807394024505
44863,43.9793969005963
44864,48.59698984788428
44885,30.977097895829797
44886,22.2474955524924
44887,14.555045082925076
44888,20.739170912157988
44897,54.94286756156388
44898,56.85214990212062
44899,50.32903967398011
44900,56.57313740076626
44901,66.38352259506875
44902,61.2280483498288
45041,22.60431588996108
45042,23.603496931429653
45043,29.206698633128738
45044,32.89551881108971
45045,38.088588866636286
45046,38.6228900099978
45047,37.32216243659721
45048,39.615875483163435
45049,41.653307134619155
45070,14.757767285266631
45071,13.537104306354118
45072,11.661733199875911
45073,17.244518382970224
45074,5.9220584907298965
45075,42.59880719934974
45076,34.621897773083646
45077,31.269601310432257
45078,37.831691224175835
45079,53.90916320816234
45080,53.49274411051484
45081,53.66824726524919
45082,54.73167929169272
45083,44.21242415103642
45084,54.11105955099988
45085,48.67866904221463
45086,61.077072208772854
45087,48.4738132917496
45093,50.33586557120171
45094,44.676256688577205
45095,55.99883208763523
45096,46.87842290473976
45097,43.17013885366144
45098,48.88111614447993
45099,61.02213819055795
45100,62.9505378469438
45101,60.68120909978397
45102,58.250595824551944
45103,68.38079609310104
45104,62.06686678197734
45105,34.63095961325604
45106,30.299089836558828
45107,51.07502340223382
45108,35.715747372482255
45140,17.53501879771332
45141,32.814088968297476
45142,34.004422643955884
45143,36.7598429586522
45144,34.72432161436829
45145,41.57986034793468
45146,40.4923734844187
45147,40.30463128550865
45148,37.4952204762789
45149,38.00002999169484
45150,41.96959766043429
45151,39.18110636928522
45176,18.59716552797805
45177,31.32526632644433
45178,23.246105328026285
45179,33.72236553674028
45180,52.7125174384219
45181,30.161641045117296
45182,35.22837020595391
45183,45.92903623123045
45184,54.9960150890366
45185,40.14520209439722
45186,36.93141364584251
45187,36.72458482680143
45253,16.42649631259485
45254,20.750989600559837
45255,35.65467343585869
45256,34.457591143544484
45283,40.364358159820924
45284,41.62087796264457
45285,43.388610995338226
45286,48.61544331790901
45287,44.53257360217869
45288,48.638749595972
45289,47.21648997527629
45290,53.713585041852234
45291,55.40455025208545
45292,61.31480695099211
45293,46.067193768912645
45294,59.91820240108576
45354,9.37223378645452
45355,17.253376207091993
45356,17.253376207091993
45357,15.72844044941524
45399,15.684421514693703
45400,32.3551638363319
45401,31.7672969140915
45402,30.618692018145957
45432,15.646490206997198
45433,25.591294196229033
45434,26.482513154116504
45435,29.83557284380252
45476,27.488278337700205
45477,30.956375237015568
45478,32.32909960057936
45479,46.6292296586822
45480,4.902066615574569
45481,5.160083472925928
45482,6.25477802082807
45483,8.719196524438274
45484,14.84703476102777
45500,16.638702676145115
45501,27.394246020220194
45502,27.577925494827156
45503,30.87723912759936
45504,30.919083439386547
45505,30.477071051611098
45506,31.74188469025795
45507,31.060234011913746
45508,36.63165103782293
45509,40.05326845785958
45510,30.719985021891567
45511,35.280610486469776
45512,44.462525070039824
45513,55.93713040794783
45514,42.90662156240464
45515,51.15063052191988
45556,19.577529281629126
45557,39.6451165114662
45558,22.8197260950899
45559,35.57311844496252
45560,32.525409902380275
45561,37.89347475581388
45562,34.738975557628805
45563,43.04552363347589
45564,35.844420331186704
45565,34.37766918660728
45566,31.707695338290208
45567,35.56483297921316
45568,45.13226881065299
45592,19.73922419006279
45593,29.91896892461136
45594,19.437725759070513
45595,30.350324315614063
45662,32.036085330771
45663,39.40441165925107
45664,36.31150182716725
45665,33.22997732304594
45666,39.80201896179117
45667,56.51357262635592
45668,46.72448961771568
45669,45.45558668397705
45670,50.627067130982866
45671,53.07195556587412
45672,50.579456765978904
45673,50.9893389512046
45690,20.67113574927512
45691,20.67113574927512
45692,35.42026569958756
45693,48.09665811285046
45694,36.315388707520846
45695,46.768522841262175
45696,33.63400498392903
45697,39.894238303914356
45698,19.811725695475904
45699,19.109180266075132
45700,20.53324064599891
45701,31.724257130303993
45702,32.39834644435183
45703,29.830004063490577
45704,39.48856354154113
45705,49.26206061158524
45706,41.839418856187606
45707,35.729098459465845
45736,13.338676942069103
45737,23.630342962824827
45738,17.12620280875852
45739,18.132716656292583
45740,23.787665240008078
45741,40.51306512971156
45742,35.85465254666005
45743,39.370470745704274
45744,31.585793964839137
45745,35.594573690720345
45746,37.19551941412058
45747,41.74040439535917
45820,5.429439734588427
45821,8.7959850305826
45822,10.76428799976749
45823,6.843025962321932
45824,16.62951686823159
45825,14.831039962653072
45826,20.107896753092234
45827,18.62148496757513
45828,20.881100964579108
45829,44.488192496420176
45830,31.82510780674197
45831,32.73570150217426
45832,35.8102843824389
45833,37.455359995807456
45834,55.00889015621996
45835,42.99463237875159
45836,48.56620488730369
45837,58.998459204313015
45838,43.845823427367435
45839,53.5875136137303
45840,56.68955698389379
45841,57.39640774341501
45842,57.353724591655244
45843,61.4307101770528
45873,30.95017875690356
45874,47.57380745546498
45875,50.28795093421953
45876,56.63302559416943
45877,47.38169917976972
45878,61.75908424718786
45879,59.9865801115606
45880,66.07588989885161
45881,62.2179700923572
45882,63.47529998730709
45883,65.38888801253518
45884,65.64201572303938
45920,42.8646475672054
45921,40.59049880055809
45922,36.347470762924125
45923,62.88800762586655
45924,45.5118467142739
45925,37.84706459877523
45926,45.38696699771858
45927,56.802397731395764
45928,58.30975190656936
45929,52.18065052957523
45930,50.465257759681414
45931,56.149500553072734
45944,23.644745488524503
45945,48.196050923200985
45946,32.381817763246374
45947,38.66160039717279
45948,33.433374352847316
45978,32.507052887529944
45979,53.68681201659866
45980,45.96808550961288
45981,50.48262740115239
45982,46.1346287508518
45983,49.73229191245214
45984,52.593258437682145
45985,55.26700943987956
45986,53.57562190751459
45987,51.974914381594715
45988,56.73959572506433
45989,67.51729213913801
46068,31.18668557087665
46069,43.17375046711406
46070,46.762984316775515
46071,46.2068905209806
46072,51.09423248638921
46073,58.54773707927399
46074,51.81858550723146
46075,56.246365148214956
46088,45.92037047173648
46089,46.71559982890984
46090,50.76856560659165
46091,49.90403250777299
46092,37.96527318027228
46093,45.092930192140116
46094,56.5010260480267
46150,38.79612680376387
46151,22.2474955524924
46152,32.7649340749418
46153,29.158545630676688
46154,29.433057539391875
46155,33.76660694263333
46156,54.11714860174558
46157,38.8436428506641
46158,39.54285262129553
46181,35.420321573236244
46182,48.48276565163556
46183,43.46668066767849
46184,42.81802934762495
46216,52.452582191327984
46217,27.175375630297722
46218,37.74563723667567
46219,38.39481150149628
46220,48.15742223858879
46249,49.18142550468968
46250,36.265291990673155
46251,38.470910766687005
46252,33.063088785689516
46253,49.60096384385208
46254,51.6618881803438
46255,43.74544799716229
46256,59.55382887627852
46257,42.44276609069724
46258,52.085513366782
46259,62.93956690179521
46260,49.38202805924921
46272,11.733813980943008
46273,13.482987041370457
46274,14.436436694851336
46275,22.396100489850294
46276,33.76995870691051
46277,38.08412436314097
46278,37.53351015342938
46279,43.99753480621149
46280,37.304805137668424
46281,38.021384981684484
46282,42.31273660914027
46283,40.23609043465349
46288,16.42649631259485
46289,13.109973095283868
46290,29.691155021080156
46291,33.17188193187318
46312,10.354286591659902
46313,16.37796016367097
46314,15.499099116813767
46315,23.841551416221947
46316,56.35566350385915
46317,46.66082710754423
46318,55.62212720709819
46319,33.04788284373523
46320,56.807936235385334
46321,52.3871641037395
46322,57.04373793223693
46323,48.67172485958546
46324,45.34028744851511
46325,54.88664018983306
46326,57.92411538180184
46327,58.51833039022247
46340,32.444958370171285
46341,40.05789801485849
46342,45.58932469947532
46343,30.642075832448143
46425,5.994546140474003
46426,17.082956729612846
46427,20.49592065401903
46428,31.82767880518884
46429,44.75184671389013
46437,36.00743210856779
46438,38.876113084564764
46439,39.95099453027951
46440,40.37325979119335
46470,21.675131194982143
46471,22.277969957447002
46472,29.609398689129403
46473,30.11435623718398
46474,31.864113356443738
46475,29.556768687386743
46476,41.36017516022102
46477,51.286505975775796
46478,44.639371790444784
46479,43.58212957189315
46480,48.51869723022078
46481,52.137019738416726
46530,32.444958370171285
46531,32.15293334053201
46532,43.592526750538994
46533,35.02272540364652
46602,38.48873938730684
46603,32.44766685366156
46604,39.572170889959786
46605,40.7423357385642
46635,33.71511846135465
46636,35.74108963221587
46637,31.20818850025614
46638,37.08571847914094
46672,23.8345769771694
46673,33.18913370666409
46674,30.89936697080811
46675,34.85191610929766
46676,34.838823861732756
46677,38.87896850120856
46678,50.92498191100739
46679,41.017205089380084
46680,14.47770006078063
46681,19.04526522694242
46682,30.585802731255928
46683,45.68118543923604
46684,36.83297182098907
46685,44.5760319263892
46686,42.22314443690029
46687,49.691847722342004
46688,38.95186298996581
46736,50.13067174339457
46737,37.44712691137758
46738,42.08047121770263
46739,40.5808083596161
46780,20.92543955806523
46781,22.438269961738165
46782,15.212164691927343
46783,32.557940829003236
46784,36.76750784217649
46811,20.592055783805186
46812,52.20944381032553
46813,46.491447050832285
46814,49.62585146882369
46815,54.06453200832463
46816,58.68279808279701
46817,60.67792668056048
46818,56.724297873149695
46819,58.663749443134435
46820,65.21602504442417
46821,64.76255522468881
46822,62.755247077321755
46839,18.687221489925637
46840,18.158539732104018
46841,29.607728029555158
46842,19.969666181751652
46843,30.98072173992577
46844,29.255353921235418
46845,34.29804226301056
46846,38.199061314901
46847,31.699875304285126
46848,51.508863567281445
46849,49.99962015987663
46850,46.86109178007461
46977,10.395298890238484
46978,8.635169543854518
46979,9.278514617357262
46980,13.401230595275988
46981,13.676382569493887
47007,15.257862630572104
47008,20.42190369087775
47009,19.72400726359456
47010,25.27234525390079
47011,37.20396965133407
47012,14.009877810729737
47013,14.009877810729737
47014,16.136723677429313
47015,32.470016656047605
47038,18.276291273628775
47039,29.69522352104229
47040,35.54524804600716
47041,37.49843014304069
47042,38.90065982645198
47043,39.10007122689113
47044,29.42344081592381
47045,55.01409234867389
47046,54.5093709209412
47047,44.00846978440698
47048,38.90505206329493
47049,52.0477724598994
47141,33.07811009006207
47142,52.57238914195144
47143,55.043613369475395
47144,55.91764414357171
47145,52.045170938936
47146,53.48687560336841
47147,45.990023578437516
47148,57.944739738245964
47149,59.585768832217546
47150,64.47836748609346
47151,73.13974473716212
47152,65.63137544259736
47211,5.3734151639166505
47212,6.910461327468486
47213,6.910461327468486
47214,9.081936822460014
47215,9.317438894444617
47216,9.805902467203731
47217,13.927135943701845
47218,15.116813294313268
47219,20.453805487425512
47220,17.830771306480127
47221,19.779858762183558
47222,18.210559136968342
47223,53.44330248833927
47224,55.3707295165376
47225,48.32071225227312
47226,46.59376756683661
47227,14.735806942122334
47228,25.734789414759074
47229,35.03423673114771
47230,37.09983353818355
47231,44.744225962189056
47276,6.24788307109247
47277,6.049048269167745
47278,10.52399014932467
47279,19.856827215304968
47280,4.945430625931971
47281,4.945430625931971
47282,5.385574502880623
47283,5.385574502880623
47284,5.728667715683012
47285,11.280379377704994
47286,6.274296885815112
47287,18.579591804260634
47288,8.733833648371219
47289,17.42853477273762
47290,26.615165158083517
47291,27.52375376268192
47292,29.435613781200228
47293,14.94495136649571
47294,35.20772536239323
47295,47.766224199152575
47296,9.370907771921399
47297,15.540111415392344
47298,13.338676942069103
47299,29.919963040339795
47300,36.25878386998093
47301,33.616842163082325
47326,60.90937770775051
47327,54.58139379250491
47328,64.28305201230508
47329,50.09971871742234
47330,61.813970211817356
47331,69.05161510817467
47332,66.21174012006428
47333,60.200666383991795
47334,55.752492059143925
47335,68.95679895212794
47336,68.51731970215133
47337,68.16736500294633
47377,20.677380792618614
47378,14.591527649786606
47379,20.077757051736338
47380,20.077757051736338
47381,17.158390537563502
47382,16.451160191054537
47383,30.049078308061222
47384,39.32794506492249
47385,33.40627241997314
47386,34.83269520803911
47387,41.85348636739589
47388,31.520519976556336
47438,40.74762357634445
47439,36.37243834977485
47440,35.35487028154429
47441,34.74812249355456
47442,35.265340805249515
47443,35.53538972886249
47444,32.84940778748132
47445,37.02300605436454
47446,42.06274877022692
47452,46.67602384752015
47453,61.37492971564215
47454,45.325593260970194
47455,57.67999946198857
47456,46.7666905066486
47457,45.30550245684601
47458,47.65042183276516
47459,17.400835811934243
47460,17.400835811934243
47461,13.613309945244827
47462,21.81256221774661
47463,32.71454900711542
47464,46.95003322779674
47465,33.606516120459034
47466,31.38035132062308
47467,48.219467100016786
47468,46.87186579563252
47469,35.21882400290098
47470,38.433360162779046
47490,9.329895473342816
47491,20.604180765235046
47492,33.36872580892895
47493,36.7157358032944
47494,39.321616414544266
47511,36.391402931181425
47512,41.992648757226114
47513,54.27453628757771
47514,54.52975956820879
47530,20.29269598600376
47531,44.73369576096762
47532,30.69462061362577
47533,38.39729854724249
47534,34.737089057102324
47535,38.65002125061742
47536,45.88576830646538
47537,37.543599379064034
47538,50.13699227114979
47539,50.248888295494844
47540,49.97317654897644
47541,58.85786207157599
47551,15.257862630572104
47552,13.056428157248858
47553,9.088658987101153
47554,12.904279294160908
47555,14.84703476102777
47556,18.91769135404307
47586,44.70079653177796
47587,43.40641827928471
47588,56.072705586027666
47589,59.057766226207036
47590,53.93619577698739
47591,57.61250141401208
47592,49.9090047918444
47593,58.883160870201145
47594,59.046930192183595
47595,64.11499367448566
47596,61.560568899832454
47597,63.92550910768885
47598,27.604726752215722
47599,34.09412750833769
47600,36.051438238070524
47601,34.43050340197831
47628,16.843954023938277
47629,11.30725509682141
47630,16.1846158896094
47631,21.620758073477482
47638,25.591294196229033
47639,16.625011104893066
47640,13.605871220402037
47641,10.76428799976749
47642,22.88773865372004
47643,13.374149286610017
47644,26.144733246724716
47645,35.92700037274468
47646,31.131101149958965
47647,35.69777966176561
47648,34.71981248010792
47649,40.653964046806145
47697,13.20268149299891
47698,22.002185307914925
47699,4.474269764303005
47700,13.471790794723725
47701,19.79950422029476
47702,23.636498612163937
47703,34.41212068278283
47704,37.171656070895914
47719,13.871219399135791
47720,15.730851940403726
47721,15.730851940403726
47722,19.848354214264774
47723,22.987452178850763
47724,29.469939375188474
47725,35.37675567895354
47726,33.95614558919935
47727,14.241023183095209
47728,14.508236508526842
47729,17.975234452232957
47730,21.9333429168108
47731,27.17155777193256
47732,22.356241389312167
47733,34.98227859788288
47734,29.63006230098413
47735,35.59941670293784
47736,38.590974998811625
47737,39.01909237623977
47738,30.48997912135886
47739,45.75807364509593
47740,36.54938695642119
47741,48.05153175497876
47742,48.04516985017783
47743,48.04516985017783
47744,43.31238170858238
47745,64.84297199401028
47746,44.69627351830095
47747,44.505245829219355
47748,52.93680037309486
47749,48.61138717567739
47800,40.26394174047459
47801,22.25931424089425
47802,29.691155021080156
47803,40.05427681016298
47804,36.840142133067424
47879,30.17685503914674
47880,42.484878182312755
47881,48.779240633155
47882,33.31407688789742
47895,15.09286222007366
47896,18.559860163779774
47897,4.8205320871020465
47898,20.87591711785481
47899,18.713699763072142
47900,18.656643674430654
47901,35.23424974580405
47902,33.9050901645275
47903,40.42071189673363
47904,36.168512012457725
47905,37.361368467710825
47906,42.479867593133
48043,12.414328723092733
48044,24.905786791391744
48045,20.0553452283687
48046,25.797005749279215
48047,44.84028622111751
48048,35.475921066245306
48049,34.20052887482481
48050,48.43532473325762
48051,48.47797800375495
48052,33.82999981373597
48053,32.21829114388823
48054,33.45599689056339
48055,55.71152585592497
48056,27.137939246951376
48057,37.599874475571966
48058,47.37766969497778
48059,48.86121155825143
48060,38.963847397962084
48061,31.131677072433472
48062,34.78133423779098
48063,29.768074302499546
48064,37.18627478935224
48065,40.548870124010584
48066,44.969514122639374
48067,37.8082561398672
48068,54.70196800141248
48069,39.67321498892996
48070,23.84337803414286
48071,23.84337803414286
48072,20.006383642273683
48073,29.686239917605306
48074,30.29010800769893
48075,38.161970144869585
48076,34.2410086624739
48077,39.0251279112373
48078,48.81801063752558
48079,42.08059790809525
48085,35.797786012754166
48086,46.179003052837594
48087,42.60783906536471
48088,39.662525020605706
48089,56.67052406237292
48090,49.497997982580614
48091,19.31497569976783
48092,32.167244238430854
48093,42.21386043254356
48094,39.91178420829454
48095,41.849960792984525
48096,54.82129637502083
48097,38.800690423378704
48098,44.58110594772497
48099,47.86211090775801
48100,57.00054365973873
48101,56.306250392142694
48102,53.59003002413495
48128,8.720422633727168
48129,8.730214722100074
48130,10.732936205033797
48131,18.266686111625493
48132,22.28846491155346
48133,16.661835408848017
48134,10.796606540383923
48135,37.06546797143578
48136,38.00483365646377
48137,39.236896848145925
48138,40.45155940404267
48139,37.41627899005232
48212,19.72129878010429
48213,33.738859966297206
48214,37.66031670824739
48215,29.158274697841232
48216,51.3491075957907
48217,34.89012890963474
48218,45.49551311401944
48219,40.23064908276769
48220,39.63174387096809
48221,46.92116770580402
48222,50.488689040430934
48228,11.479815698565389
48229,13.375938131899407
48230,16.464026704699915
48231,14.41429754153061
48244,36.753539049125465
48245,36.690352502740346
48246,42.48778376591972
48247,34.33445500246034
48248,42.5815069063549
48249,29.561886664547234
48250,47.63956419453419
48251,48.319554811984354
48252,51.7934254655688
48253,47.574929349950246
48254,56.71167954508865
48255,70.29278214270148
48256,59.98783038674438
48257,69.04683063216976
48258,61.509794460745645
48259,63.64900827516163
48272,18.548832223540042
48273,19.97289260346382
48274,30.30909227353654
48275,33.45594342457323
48276,35.152865357282266
48277,33.07108823246974
48278,37.83490242207371
48394,57.0599586530696
48395,41.668660813955775
48396,49.19596771294208
48397,50.5699219580743
48398,59.41105026213309
48399,63.220638928778165
48400,61.04646716883528
48401,63.3976152885011
48402,66.67311522645682
48403,72.75067245094938
48404,62.508644483767675
48405,67.796035195483
48406,47.13970067705387
48407,44.70723576416779
48408,43.382659507238124
48409,31.047934704543938
48410,36.261568080991594
48411,50.430782498428954
48412,47.304295784364335
48413,49.90429752915923
48414,51.996546231585455
48415,46.68001429899708
48416,56.153040917991724
48417,34.48602348582404
48418,42.665538256171125
48419,41.56836689856086
48420,35.8043760456395
48421,39.94352767283414
48422,57.005652143018864
48423,49.49808028308779
48424,47.16006706977526
48425,52.458227859306966
48426,54.517996719882646
48427,54.7230171105918
48428,13.067222656835188
48429,18.491670345871423
48430,16.147518177015638
48431,23.564028778940223
48432,9.099453486687484
48433,42.3314696367262
48434,32.97357867950751
48435,42.38878230524917
48436,39.158131522595696
48437,35.28732518143852
48438,41.279690562519775
48439,43.96140515728063
48475,6.616927199375986
48476,9.548087964053034
48477,7.341521027229137
48478,15.710771294418429
48479,20.646345944723883
48480,16.815607551813613
48481,20.86231617376546
48482,33.892707112836966
48483,30.293928855637315
48484,33.81574492469985
48512,21.88945533205836
48513,18.024737165883323
48514,18.553418923704943
48515,8.44843361952687
48516,19.708908593126427
48517,20.412732419928215
48518,34.83373975547425
48519,32.95013115648011
48520,39.70387986351832
48521,36.14807676963334
48522,43.605969900903204
48523,52.20482798303419
48528,20.525518702664645
48529,13.568839911614488
48530,29.539461005766455
48531,30.8445301736304
48532,32.79346310403301
48533,35.124571642172576
48534,31.20532824751574
48535,41.627479876909845
48536,37.0978936010576
48537,51.334672066128554
48538,48.545988609813094
48539,56.14751516763502
48610,21.99956963857325
48611,25.34168656126188
48612,38.26483970824382
48613,29.617164995309388
48614,30.819083682684873
48615,37.97813424559856
48653,17.121907970701965
48654,20.739170912157988
48655,16.414677624193
48656,28.84452800508344
48662,17.179869897505423
48663,18.288109962030624
48664,13.39234403081601
48665,15.593778504139257
48666,30.39086316591916
48667,41.11311336849872
48668,54.55148900269411
48669,44.19745928752261
48704,19.706742785115132
48705,34.075584695139746
48706,29.692910166218805
48707,30.387205406496797
48736,19.095483479732582
48737,19.028519210695364
48738,17.553324060948963
48739,35.10638464227521
48740,31.43017205015735
48741,34.044452548948755
48742,33.29720869513054
48743,39.91431248599364
48744,33.45502876405795
48745,44.96242790149194
48746,27.323958781419357
48747,31.93536883224293
48748,42.0794137420327
48749,33.32280646834777
48750,33.130171139141474
48751,44.30362369064978
48752,49.532294587552016
48753,48.19574282566869
48754,42.58876765859821
48755,41.89767003020474
48756,53.214413361657755
48768,57.14381774818713
48769,46.02300150431538
48770,59.0772384989959
48771,54.6053278461605
48772,58.156726243443316
48773,74.3811097995901
48774,65.54643095204666
48775,68.28609650165414
48776,60.11643855365427
48777,57.920378605236536
48778,54.815565817270354
48779,65.94631695327018
48828,30.83473792565529
48829,15.440537257787684
48830,31.20410704561801
48831,32.34726300032965
48832,13.297545476688251
48833,31.499240488555458
48834,31.087007924052564
48835,32.42260566794092
48836,42.53248931727167
48861,30.561539468762
48862,27.028669369256622
48863,36.457879985979986
48864,33.619242847125435
48865,38.11083114698234
48871,35.50216501183309
48872,40.39983437226321
48873,44.8440290423395
48874,44.1930396368052
48875,57.893038885401616
48897,18.25650083423312
48898,14.522289565095367
48899,14.789502890527
48900,18.30353991987663
48901,25.628072551380967
48902,14.886286401177879
48903,34.255444409357374
48904,34.81753255069452
48905,45.629130307820084
48906,37.56717592987385
48907,43.30625473304379
48908,50.97495443306673
48918,14.67473880481481
48919,14.941952130246444
48920,20.677967942384083
48921,31.871026855969582
49051,32.15749260602036
49052,34.57522439045084
49053,35.21449243537351
49054,53.505955207544254
49055,28.41508449625716
49056,46.761854053280274
49057,31.96858485182132
49058,37.4801974867094
49059,34.58230819020123
49060,41.42921261977801
49061,46.879440945988804
49062,58.77837684833825
49063,63.27677610403492
49064,56.47140037155362
49065,58.16225946333799
49072,14.569328650738877
49073,9.710379968982107
49074,19.20701221601088
49075,20.046226154746236
49102,26.696684309292436
49103,32.384458947970295
49104,55.281926255261965
49105,32.95661270572534
49106,42.35098201636049
49107,57.0525262674467
49108,52.04371219197825
49109,51.86402309058514
49110,49.31751456622665
49111,53.16473686306519
49112,44.81374279768516
49113,59.41888261662396
49126,24.389758191981656
49127,22.769881896721888
49128,32.340309458520366
49129,32.55815651902848
49130,42.982708551377776
49131,40.783285022520545
49132,46.92962267537552
49133,40.587139779522865
49134,41.96234503453463
49135,54.66636970301114
49136,55.29497447402279
49190,33.42211155519727
49191,34.3203758212067
49192,38.30655897239151
49193,56.6642336638672
49194,55.48434407867224
49195,50.759589092843335
49196,55.5633650313419
49197,52.99752858945351
49198,58.23711494595136
49199,59.64722085607833
49200,58.88714470847314
49201,66.9439167093929
49212,34.63018052261776
49213,35.981475549405594
49214,33.38268253855226
49215,40.61352218752075
49216,52.991959692576884
49217,44.12924366709829
49218,52.89610033380114
49219,53.096881618882094
49220,50.87806698067816
49221,53.66948531192113
49230,22.524191074854254
49231,14.247228973130316
49232,33.47521490751369
49233,36.31487886407664
49234,43.974353260996324
49270,60.255183234912394
49271,62.20825018765097
49272,57.2805197237957
49273,59.201033110236885
49291,20.583066115197145
49292,20.12505806241263
49293,47.4314134839947
49294,34.28053274409218
49342,18.754952248015964
49343,29.430315958948807
49344,33.1402890625782
49345,30.54558531177034
49346,30.737164390327305
49398,11.661733199875911
49399,13.281920454839682
49400,20.544346109103152
49401,23.889423809760803
49402,12.525751958865772
49403,24.364768353775464
49404,31.691495544903656
49405,40.37921802577341
49406,38.36710832294148
49407,44.161605323483265
49408,37.658503017775416
49417,20.64856727542209
49418,27.451829296660048
49419,22.2491772735404
49420,29.754498403554013
49421,33.331374078775575
49422,25.99251506719592
49423,45.00621087117828
49424,32.159353141776265
49425,42.57511369771155
49426,41.78815989777305
49427,44.85659606002255
49428,56.01064511203906
49429,56.05117778427714
49430,59.994542579871464
49431,70.63274568460086
49432,55.380989148314626
49433,8.897486116695644
49434,19.28702980328497
49435,31.60856889637665
49436,32.55651800727575
49457,30.79733739933903
49458,31.26801428283629
49459,38.69092415674865
49460,37.68161271994234
49485,48.823808521242576
49486,31.508198618689406
49487,33.922431591601594
49488,45.75617144948505
49489,36.510652302980546
49490,48.39331666489079
49491,53.36899427663049
49492,51.116767772904865
49493,45.94215199313283
49494,57.40002840465824
49495,56.459810672587174
49496,69.54466871590813
49497,40.90707524080164
49498,34.45067028536608
49499,33.65793239988078
49500,45.153381749543726
49501,51.583080621187165
49502,36.598132541118396
49503,51.639770736602465
49504,53.094552133995194
49505,41.86222833199105
49506,62.637377018120254
49507,55.12151256924007
49508,58.904076497260206
49585,19.962926270569916
49586,23.88241393185009
49587,13.61037698374056
49588,18.29803790635919
49589,31.515217586139595
49590,32.09654240356226
49591,35.25453835972013
49592,47.32280789652044
49593,41.42107980806851
49594,36.62739911552486
49595,43.915974952513366
49596,61.61810453084742
49647,10.764523277038291
49648,11.900363477671268
49649,15.850971011421965
49650,18.892644469386507
49651,21.93528409636475
49712,43.50017294977718
49713,34.13399774194342
49714,34.13399774194342
49715,44.719244803588786
49716,45.96889960706925
49717,53.93617810859271
49718,48.554912224861546
49719,43.86241900469381
49720,60.518496143355705
49721,56.53652071870483
49722,60.926932757549324
49723,60.41695861499301
49770,44.06560702744845
49771,32.79344175867156
49772,44.92696385349374
49773,52.846627081196125
49774,55.47057665829427
49775,42.81294809567215
49815,15.684421514693703
49816,27.59875251296994
49817,20.887775849515883
49818,20.789503163114972
49897,20.22533979868928
49898,31.79043731418893
49899,27.585309642061805
49900,32.11184174664301
49901,50.54493585486587
49902,42.983863943312485
49903,50.10749973215839
49904,49.58023861882975
50004,8.809676601834651
50005,8.848600878922007
50006,11.909314008313995
50007,14.88365581099248
50032,22.85392352492823
50033,34.12928347410995
50034,37.131455868918415
50035,40.29441951412714
50036,30.715626997666607
50037,30.438423566471975
50038,33.76090254524474
50039,34.58964442491284
50040,40.34251838906299
50041,35.750011554273186
50042,42.404783227014036
50043,43.53794642462244
50044,43.53749413463855
50045,50.18202603121664
50046,38.62919158565484
50047,43.12403916617392
50096,50.1942191561688
50097,51.10938713387627
50098,48.62028661220113
50099,55.250965119930235
50100,61.8562960741584
50223,39.65304782464118
50224,49.78800720978115
50225,46.013029374282134
50226,51.293570645021376
50227,51.11239586952074
50288,22.554053237885324
50289,15.305754842752192
50290,20.42190369087775
50291,26.163564211788263
50292,30.00215621056923
50302,10.11810899803781
50303,10.202187832080403
50304,14.85209365364734
50305,20.346810626586414
50306,38.35145042204824
50307,34.855519645595045
50308,39.79341429370968
50309,38.8201164623318
50310,41.38015746463612
50311,42.01638243378585
50312,34.64806303229153
50359,35.43483189840954
50360,33.696234001265545
50361,34.828011087674916
50362,31.535109053027313
50363,19.727034387071047
50364,21.933255454688645
50365,32.869271829303166
50366,34.24166084507352
50407,19.969666181751652
50408,29.10221405306172
50409,22.17588724936925
50410,23.806660573620828
50411,35.706848807649955
50412,31.787294906788574
50413,36.47323655952467
50414,28.310359332647618
50415,41.23524972738579
50416,44.45952489714702
50417,48.640084996315984
50418,42.495480249319684
50457,38.31717733114451
50458,48.31993674269399
50459,50.938830808941006
50460,59.33456364323139
50507,15.225413094657485
50508,18.448426310370476
50509,29.321852199373605
50510,32.43797916549894
50511,42.85970791915723
50512,25.485543895393004
50513,53.23173997806582
50514,30.81319084777079
50515,36.11976268655425
50516,56.12019936711677
50517,48.04607519564931
50518,57.9654608445601
50519,44.65587655068573
50520,58.15196385378965
50521,66.01237305035801
50522,45.60699496452742
50558,28.55263534180509
50559,42.12692856897397
50560,39.517205716888554
50561,37.754853388488534
50635,47.8969083891235
50636,58.09143796207724
50637,68.93323328660634
50638,59.18876438243054
50639,56.19957358305025
50640,55.32673641643385
50641,64.24287503258574
50642,66.92738540812941
50643,65.77941422524938
50644,67.86738246700895
50645,60.681656683325215
50646,61.70877655793172
50656,15.535816577335808
50657,29.173822356184868
50658,25.58961247518103
50659,26.480831433068502
50660,22.17588724936925
50661,26.409223129945353
50662,33.9695801870115
50663,22.807479532152254
50664,22.17588724936925
50665,26.419442067243132
50666,46.57253356622262
50667,41.06703572403857
50668,33.6249344038385
50669,50.604057500466965
50670,58.016447545569186
50671,52.90366240840945
50686,22.60431588996108
50687,29.056372688053795
50688,31.587996449980054
50689,34.87928816535258
50735,9.698359809324332
50736,14.522289565095367
50737,19.19611518701907
50738,10.82830482091143
50739,20.046226154746236
50740,19.221789515704735
50741,14.966325962140697
50742,29.91383228984962
50743,32.40197644996778
50744,33.28311837581274
50745,41.67103113886905
50746,41.314242258407674
50752,36.98172747682557
50753,46.40224448234074
50754,35.102260451777994
50755,41.06781329572176
50756,43.06731753541512
50757,43.58312715698751
50758,41.70615489220475
50759,46.576949823422844
50760,45.92773133946951
50761,53.29856762151038
50762,58.7917750924865
50763,65.99982186095812
50768,8.7324459776174
50769,14.729999800007693
50770,15.710771294418429
50771,19.866391871263062
50772,14.788909915671809
50773,17.41603738467372
50774,19.329086078448963
50775,36.75267153752659
50776,31.709590509836193
50777,36.62297331290736
50778,33.83601871504764
50779,36.740180745218346
50792,42.51542239227169
50793,49.73348307496637
50794,46.722268545521125
50795,47.06401970124583
50796,48.83126171368497
50818,29.641225876040306
50819,33.75536447124739
50820,32.25924574367204
50821,39.262982601900184
50822,44.91583033225769
50823,53.19247367750622
50824,49.77947376423666
50825,49.81040963513356
50826,36.45417410086275
50827,43.124392914420554
50828,51.955587859948594
50829,36.7786387811958
50848,40.648635714939786
50849,43.8766704246006
50850,51.14294673285658
50851,49.40707698674138
50852,59.92993588511671
50853,64.72130910039321
50854,65.12193667887132
50855,66.15671965383055
50856,63.14704263621065
50857,59.65893222880106
50858,62.01888536973279
50859,60.34594546804708
50860,30.977097895829797
50861,36.62277612397787
50862,35.59948471594916
50863,31.59514758532202
50864,39.21496974031961
50865,45.7336707814729
50866,54.8207280818508
50867,42.447582286713356
50868,50.066269131958734
50869,53.24432059251534
50870,55.146899601508856
50871,54.65265537510163
50890,18.90462951717263
50891,21.93528722383173
50892,35.289302712959184
50893,35.27816729050015
50894,46.49837638782378
50895,31.740311870377006
50896,42.73402583749735
50897,42.3318621587978
50898,49.09032667022764
50899,51.64198130696308
50900,54.54517404428741
50901,37.6267357504549
51021,40.361657680405195
51022,47.20617870841028
51023,37.54482662553927
51024,37.634513182376395
51025,31.906324416734023
51026,44.84213839070321
51027,60.68025750530834
51028,49.01351314993559
51029,56.79087128116243
51030,58.05379520439314
51031,48.509078735466616
51032,64.35012781053227
51088,36.39249739099178
51089,49.228103393367476
51090,59.620158338286956
51091,47.36728834488318
51111,18.448426310370476
51112,34.74322271731322
51113,31.164228808649266
51114,48.155332386664135
51122,38.14892610462978
51123,41.436224587314456
51124,46.18905178870835
51125,44.75200542339581
51192,11.708347943240497
51193,16.582206942604824
51194,16.570603351121107
51195,45.86209778524929
51204,50.68395491715912
51205,55.26699839261791
51206,51.635959201822075
51207,57.519512748396835
51208,48.961878791261384
51209,50.306670486312996
51210,63.73666535769802
51211,59.51543584474296
51212,64.84010916534208
51213,64.8752758465436
51214,67.56713810556438
51215,51.24479072126825
51221,13.109973095283868
51222,20.652716914158926
51223,23.890087565145826
51224,15.547635265737657
51225,20.652716914158926
51226,8.439025534737425
51227,30.548072513284374
51228,30.50259828733654
51229,34.52305293555694
51230,43.72850265832987
51231,39.19889239634862
51232,44.549984793588706
51334,14.014936703349308
51335,11.360206201621068
51336,16.933091750600443
51337,14.584880328215712
51338,18.922750246662638
51339,23.25659029034863
51340,35.392843158409484
51341,40.301312121356666
51342,42.71420945472643
51343,34.35349745708724
51344,45.39215344564848
51345,50.30052974787299
51400,18.485934738904668
51401,14.014936703349308
51402,15.262921523191675
51403,26.160855728297992
51404,22.559112130504893
51405,26.173925135834672
51406,31.57572669577133
51479,20.000879943908743
51480,18.860167574181112
51481,18.331485816359493
51482,13.454636282253828
51541,16.418972462249556
51542,27.018542187085934
51543,22.1568919157565
51544,20.74085263320599
51545,20.630598026485934
51546,37.991314665198864
51547,34.52881893118372
51548,29.33761747012086
51549,36.379132423974895
51550,34.22845170712268
51551,45.13718081606843
51552,44.19431474537696
51577,26.564393593902583
51578,42.96563487235748
51579,52.24308725393802
51580,43.47040823346581
51581,54.11283146520718
51582,51.54583425504234
51583,54.91225136717216
51584,37.636307859932614
51585,52.89043709209927
51586,52.687752869602896
51587,51.24298462995324
51616,44.05215254153589
51617,33.67524169287694
51618,45.79652787079621
51619,54.73984933890438
51620,48.922952459689185
51621,56.8991284657681
51622,57.557002510393886
51623,64.26162669167091
51624,49.123459272701346
51625,60.4393163922824
51626,61.185225767053886
51627,65.85211843307081
51674,31.49762093850022
51675,32.99056766051035
51676,44.448746391425246
51677,36.5030762769932
51678,38.95983056677687
51679,36.36100916177828
51680,60.99955752945606
51681,61.85994113140432
51682,51.23749507180479
51683,46.50226724515345
51684,63.988890271073046
51685,54.54819410191873
51702,34.23593666589416
51703,29.36857053194437
51704,27.46121627676459
51705,47.16350492447486
51706,47.546418776494974
51707,61.510119781962494
51708,51.797653074139916
51709,65.12312194705879
51710,64.63345878279087
51711,61.82765277725204
51712,72.81653846625
51713,65.41085094881386
51718,18.8873650386932
51719,22.549615028135303
51720,25.26013966804093
51721,40.457325985759375
51722,42.49338897948251
51723,34.145549228876014
51724,40.23685435495557
51725,33.44841785380448
51726,46.02601606502418
51727,49.14761879444527
51728,43.554652026186794
51729,33.708864987076694
51730,31.255936725178476
51731,45.80276843113415
51732,46.9239788363627
51733,46.507080176012394
51734,52.21590741646366
51735,56.39472722728099
51736,53.61531500789402
51737,76.30943018021792
51738,50.76746554428328
51739,56.56241184928154
51740,58.985397675923835
51741,59.23408409413609
51747,23.089565577360183
51748,20.851375967841857
51749,32.37899341352385
51750,38.695155493639916
51751,37.206005206099256
51752,36.625026014926945
51792,21.003012891226835
51793,26.545924956693767
51794,25.760288288757184
51795,38.07558365945254
51796,22.158544690964085
51797,31.63424029468964
51798,48.868490822518744
51799,49.96375934662589
51800,49.419101331386884
51801,47.09022266098228
51802,62.21226801363951
51803,58.657197791787475
51812,11.400816705647411
51813,16.887257026066663
51814,16.902034325760518
51815,14.39632707367304
51833,26.601620220937928
51834,29.002354727027114
51835,30.791408002546387
51836,32.49814282770522
51837,39.059079431534116
51838,31.85010817949437
51839,50.633515009538655
51840,26.23290551914935
51841,39.83721613321959
51842,41.732695836463655
51843,35.268782277009215
51844,33.12032942784753
51845,44.971868743159845
51846,44.578101255745594
51847,44.67956606839885
51848,35.335896553395116
51849,48.398957408702906
51850,48.8518960725565
51851,48.76466451902
51864,39.17721019206854
51865,38.82565780532417
51866,34.11221053351637
51867,48.85973819859452
51868,36.60011110318883
51869,33.36835370559591
51870,51.104979742514
51871,41.45750527445115
51872,44.54288868117545
51873,49.09718431314627
51874,51.581455060966576
51875,56.23473544229573
51891,17.663266057662796
51892,13.701399596763444
51893,23.246105328026285
51894,21.10618840490887
51921,14.52039659679556
51922,29.17550407723287
51923,27.451829296660048
51924,19.138489631528415
51925,34.470257223499154
51926,35.77033502099997
51927,36.89115895341517
51928,38.40671439318988
51929,37.9074563023346
51930,40.75906803960933
51931,42.50961912713631
51932,42.67242147422021
51937,41.339213492636844
51938,53.58128751910017
51939,49.13229449726649
51940,52.09709095053223
51941,54.29276122382606
51942,40.471036098373055
52202,32.72148065165547
52203,34.55189337627922
52204,33.98182163738893
52205,48.240068287641
52206,16.843954023938277
52207,16.136723677429313
52208,25.264577877790952
52209,34.21044722822345
52333,34.15511711924197
52334,35.510970691200896
52335,42.033457259192694
52336,36.82188504666163
52359,31.420781193765375
52360,36.81708646189969
52361,22.949279792727072
52362,35.12411598556328
52363,62.58650571019323
52364,39.27894774247377
52365,44.662245836875556
52366,54.540945594411475
52367,53.299527047961995
52368,53.71365647941397
52369,53.98359081165687
52370,51.13854438968471
52377,10.113050105418239
52378,11.30725509682141
52379,12.820200460118315
52380,14.009877810729737
52381,16.843954023938277
52382,18.036272922506075
52383,18.564954680327695
52384,30.923251046214762
52385,39.87659993838064
52386,39.449001900489236
52387,32.2747977369217
52388,44.78928396990167
52413,60.46255423693106
52414,56.148473367303716
52415,50.21811402967695
52416,47.15188466077084
52417,54.95935765032526
52418,53.016756955678254
52419,60.60574844934672
52420,62.19527885234872
52421,54.988749036634516
52422,22.7319727069226
52423,19.034293426181733
52424,14.471597805451104
52425,18.409146544826353
52499,22.91557040213694
52500,32.088524214694665
52501,32.7415667272379
52502,35.62597081038225
52515,29.689573356318167
52516,47.28458511638108
52517,43.02037113398966
52518,48.953539521866844
52524,12.877724858606069
52525,21.677228673522077
52526,19.273133401999253
52527,36.5911545896966
52587,31.420781193765375
52588,22.984733976494557
52589,32.057668518033516
52590,33.8381977709213
52591,31.449626164360637
52592,41.26819648497717
52593,38.603545307930204
52594,35.46847088582679
52595,49.40160371288429
52614,28.473860310691858
52615,33.196765091489105
52616,34.711063835796935
52617,34.928745078773005
52657,6.22868541667757
52658,11.790927851492063
52659,16.598165073497892
52660,14.536980605826269
52661,43.295066609687076
52662,39.549973728140436
52663,56.41184344868721
52664,59.45817661763991
52719,41.37892163868556
52720,35.950683468309855
52721,32.684726911526845
52722,35.156612165619954
52723,36.33058419976355
52724,46.28423178976311
52725,51.22965670428256
52726,41.84074026386092
52727,47.5314802638577
52728,54.56545981498416
52729,54.37047358879625
52730,51.595337171936805
52753,15.220354202037914
52754,13.018919728714668
52755,15.220354202037914
52756,18.443367417750906
52757,10.075541676884049
52758,18.443367417750906
52759,23.515725850819706
52760,19.816865861282743
52761,17.505833998262204
52762,30.71650617321887
52763,36.98442832939305
52764,36.42865738844329
52802,46.312331499813816
52803,53.17730760435777
52804,53.961437629349675
52805,62.03663424727846
52806,64.5605118878388
52807,64.86211011923989
52808,67.43091171893214
52809,63.25040541592016
52810,52.47457359786606
52811,55.17968787904168
52812,62.97294400793619
52813,71.40137720400845
52861,13.615878997257997
52862,31.086772539581826
52863,31.086772539581826
52864,35.433584262718846
52865,54.19564922080315
52866,56.88143590745603
52867,48.07080130699384
52868,44.39574092857712
52869,56.79565685435285
52870,47.245173148860495
52871,57.63969374157161
52872,48.6349336053961
52913,18.745610090920522
52914,15.730701883803519
52915,17.26014340481879
52916,11.784600113391345
52917,14.754436152731307
52918,22.811134843798275
52919,17.319053520482907
52920,18.856065055566674
52921,36.66694326110002
52922,33.59076398466465
52923,8.427206846335576
52924,25.58961247518103
52925,22.879087835275403
52926,23.878268876743977
52927,29.572713648742678
52928,42.8045580778796
52929,34.74286922218841
52930,29.64706209841998
52931,46.079082334488234
52932,38.45713328215393
52933,45.708684927237975
52934,50.17780052839689
52955,18.491670345871423
52956,41.00055866996825
52957,14.287885635747703
52958,36.13222041908482
52959,56.403440666993816
52960,48.015464123851714
52961,45.0756991703128
52962,48.291390569637635
52963,47.27584705959177
52964,49.787615359677
52965,54.74453628832734
52966,53.717696666889985
52998,33.89671540350173
52999,27.275525099902953
53000,34.511479868128916
53001,47.715701701873854
53002,29.514912896171147
53003,23.714684803281514
53004,39.55775380773588
53005,35.490325737671554
53006,42.86724211440066
53007,38.39837931451915
53008,43.79245062561709
53009,44.91359285283439
53010,46.1603490994663
53011,46.85481360787646
53012,48.668552085068185
53013,61.73421266819498
53014,23.017246396181765
53015,27.18387740202409
53016,31.80634275787473
53017,33.69903708431478
53018,32.333464401110795
53019,32.586115536667606
53020,49.924420098281765
53021,35.62247469279693
53022,34.209220027512494
53023,53.841342186821684
53024,46.496344202468585
53025,48.785435371020945
53141,29.769332695086263
53142,25.273066232324968
53143,45.028845048522015
53144,34.02401776238748
53145,34.102885796848405
53150,9.887640952552346
53151,15.193930423732922
53152,16.17470191814366
53153,16.163098326659945
53154,14.781387513417478
53155,14.740346064190444
53156,19.047274325055653
53157,32.97933025240644
53158,47.87619457751597
53159,34.458216062533985
53160,35.193415352278095
53161,39.786935916101065
53162,25.236348771802938
53163,22.633786215478413
53164,29.999635375511062
53165,40.57418823784832
53166,26.41249099561958
53167,32.07770707712423
53168,30.485765856438235
53169,29.40626943824628
53170,30.80092826292346
53171,23.869814712262134
53172,34.032734325652804
53173,18.750375628566943
53174,31.735472300883746
53175,30.717248679335718
53176,32.52559389205653
53177,16.582206942604824
53178,37.20248869015805
53179,44.06702298757966
53180,45.3852568396701
53181,55.29706299278353
53182,53.37292879430795
53183,36.918890633976375
53184,35.452872790102894
53185,47.858930936125745
53186,44.0215902641287
53187,50.85222268167209
53193,28.925896442265717
53194,38.58431206614421
53195,31.637646377092608
53196,38.66580089269607
53197,39.049479215140096
53198,53.67787320077566
53199,53.036829758432354
53200,52.165254554811035
53244,32.188641519837766
53245,40.560847195040935
53246,30.125473528764513
53247,44.312994950123
53248,49.16347606960788
53281,25.738217412538926
53282,20.189879422232696
53283,25.66695984933623
53284,31.907139835735467
53285,30.488283238176415
53291,38.30849902655799
53292,43.44275461573593
53293,38.6143218424508
53294,35.44154150386515
53295,44.6681608299197
53296,48.06039735056417
53297,55.35889992417264
53298,47.32924982004038
53299,59.64484159934812
53300,56.303949160830726
53301,52.47487081156693
53302,55.081455719916086
53318,38.48873938730684
53319,26.949200879724845
53320,53.978460387367036
53321,47.40923545092966
53322,56.212970334317895
53323,55.582336573036606
53324,49.063344873328745
53430,25.08567660737016
53431,32.260998207130925
53432,38.52591191718842
53433,30.239736337805144
53434,45.392812959333035
53435,33.98158593586125
53436,49.66258700037727
53437,43.1864817936059
53438,44.52414847853312
53439,46.71415930454136
53440,42.474640568530226
53441,39.58527762524524
53442,22.564935199593805
53443,33.545833544634874
53444,45.89423962656586
53445,31.161224421397662
53446,48.36185019815163
53447,46.657414498503684
53448,43.777282395972094
53449,43.656436148458766
53450,50.79646784558877
53451,54.167184998893006
53452,39.573742125081495
53453,42.70321284254264
53483,11.585209043585113
53484,30.72038136340663
53485,31.341859703650016
53486,34.64918832306492
53487,40.18806657869612
53488,38.9759412603835
53489,46.74444329637674
53490,55.5981602851206
53491,59.025220834171925
53492,42.720488252014285
53493,42.496568153079885
53494,58.614789993633536
53527,42.99455536091831
53528,26.762532233194214
53529,45.023479788606856
53530,34.77942341362007
53531,46.74257012194896
53544,26.484976488174613
53545,39.416451302207854
53546,38.50708428076654
53547,46.181434663480466
53589,46.9608282048452
53590,51.15699621128201
53591,58.97820352263336
53592,51.118062697701326
53593,51.855125017905316
53594,61.62067263027947
53595,60.97818244981595
53596,65.66550842830158
53597,69.2494458664682
53598,66.53398469625422
53599,66.39232027430302
53600,61.738088879454814
53651,39.90027821100421
53652,59.53185578042993
53653,48.481823287789126
53654,55.79813128335752
53655,53.6873933472573
53656,49.929212593406604
53657,36.15391207622898
53658,54.8805704157864
53659,53.23038041577521
53660,58.52106772433867
53661,54.481014210712495
53662,59.118737454075124
53663,48.03283624245077
53664,57.20512406616609
53665,62.87237528501021
53666,48.23608140114463
53667,30.886494259093897
53668,33.08275130617507
53669,30.283435911057648
53670,34.87602773264968
53671,39.49727974965645
53672,38.38120129886978
53673,37.57938870179681
53674,39.50525281439122
53675,45.413871682352514
53676,56.135576331114216
53677,38.785020139669754
53678,52.320189714821325
53703,27.06376534300136
53704,37.46700227271276
53705,40.30644292416071
53706,47.87251298172329
53707,56.456421216958546
53720,5.717404051743289
53721,9.267897372745127
53722,4.872432053736225
53723,18.345065507685245
53724,17.236825443160043
53725,14.669962555383155
53726,27.565065048070124
53727,13.44929957647064
53728,20.755815698215155
53729,37.42519466279927
53730,42.26255942323492
53731,39.84114937636838
53732,19.437725759070513
53733,32.61414260332343
53734,30.714627190080844
53735,33.79327345419396
53736,41.63790727090929
53737,35.66221960776097
53738,28.208259416004644
53739,42.86564171888031
53740,36.22756035560092
53741,36.50731686605363
53742,42.85481736731762
53743,41.49343138709568
53794,16.586086827805712
53795,19.960462936511806
53796,16.625011104893066
53797,33.864131235422576
53798,15.870976029075411
53936,39.826156985682466
53937,43.34397739483493
53938,46.54413781500798
53939,44.32416145348625
53940,55.122633567270846
53941,50.88502911425424
53942,59.61197025590588
53943,51.00900010008823
53944,50.07528406359482
53945,57.473463066710636
53946,51.98869306171302
53947,70.97683530361284
53954,4.887218710616322
53955,4.887218710616322
53956,4.887218710616322
53957,10.127315878049384
53958,11.19874608200998
53971,31.57645679480542
53972,34.885824769783035
53973,35.139449738149814
53974,34.65641935953107
53975,35.57924246031112
54001,23.75711650015085
54002,22.126343175899272
54003,30.74093142115466
54004,42.76793995198348
54017,20.16536405319023
54018,32.676822257331324
54019,38.89868910585719
54020,28.641992797508813
54021,39.47278430957259
54022,35.66491372822245
54023,44.88603192304006
54024,46.456656723827805
54025,44.46693048224187
54089,38.851904746785095
54090,23.84538262306254
54091,39.611314967693176
54092,42.7160156964362
54093,51.291902828758914
54094,45.913569399549345
54095,58.13786463780063
54108,53.710569282063936
54109,44.08634578171793
54110,40.55831169204879
54111,41.78582991320138
54120,14.447140314913021
54121,10.55683292270708
54122,13.467278018877225
54123,15.898462604992888
54124,16.907150342271777
54125,22.19219515071769
54131,5.967731140413472
54132,11.73710121417978
54133,6.114680513320041
54134,15.877143193673527
54135,15.008470820530626
54136,17.478172333473758
54137,10.1371740306549
54138,32.696479989381125
54139,37.191929942187514
54140,36.01832082590232
54162,22.331180968303226
54163,38.3835183232311
54164,34.58527428238183
54165,37.778803271220866
54178,6.175553746146712
54179,7.071665401352653
54180,8.85310664226053
54181,11.913819771652518
54182,17.52982778226375
54183,15.207102872208418
54184,17.70340825286835
54185,11.178315589256755
54186,19.220567708975505
54187,28.161419790056385
54188,30.0219548904874
54189,29.87296946622017
54202,58.06918033200668
54203,65.58740127515766
54204,60.409427594579405
54205,63.52436001094894
54206,65.84798332254046
54207,70.51790275813802
54208,68.65723137634427
54209,72.23432946227612
54210,74.01563071318795
54246,9.093717879720725
54247,11.31231398944098
54248,14.014936703349308
54249,5.453947396827367
54250,16.141782570048882
54296,47.52214171407116
54297,34.99829448305714
54298,37.071961844815895
54299,45.62288794990802
54300,41.6521070413081
54301,47.97302940831474
54302,47.52714030906834
54303,54.23259026433893
54304,40.042216674653424
54305,65.43574303387983
54306,64.11569292620072
54307,58.37287205975862
54323,20.630598026485934
54324,13.637458292406532
54325,16.695522453984918
54326,18.36404349211252
54327,19.7118016777347
54328,16.839515814188257
54329,30.230433032413362
54330,33.88556910023452
54388,22.2491772735404
54389,36.71558537578663
54390,34.024262520309414
54391,46.180737910453175
54392,41.80729031140226
54475,6.431444423766966
54476,13.098154406882019
54477,13.334382104012562
54478,14.555045082925076
54479,15.535816577335808
54480,20.0412744848748
54481,15.535816577335808
54482,20.788823542200234
54483,18.378073351670324
54484,18.348975896431742
54485,22.99791569647998
54486,11.808354562124588
54493,32.59233992584079
54494,30.8045037467288
54495,33.13622318806147
54496,31.671934235307788
54549,15.72844044941524
54550,13.527005976091992
54551,20.44825547584339
54552,30.26000531530816
54553,37.115705643145766
54554,32.69828139932732
54555,45.787261201262524
54556,37.51745891687099
54557,50.250828229878934
54558,43.2930516356008
54559,43.60959498487002
54564,5.308222218615535
54565,9.424574860668306
54566,13.156116333685468
54567,14.34579368429689
54659,13.563067058113791
54660,20.508142257680234
54661,26.244664958393365
54662,22.07931029311679
54674,19.936080239174743
54675,30.349463673490195
54676,34.885162154679044
54677,31.03622765835795
54714,20.677967942384083
54715,20.078344201501807
54716,24.002337626120504
54717,33.31292700391246
54718,44.89329304395179
54728,29.436200712766304
54729,38.57063836478493
54730,32.19948113139309
54731,40.35704606112671
54732,43.80029284433772
54785,22.1568919157565
54786,36.64210502595893
54787,38.815455705744924
54788,31.17645095232406
54789,31.404313356728714
54790,43.736866582637084
54791,17.26497979857571
54792,9.360630194970804
54793,20.581957453543065
54794,18.707919365233483
54795,29.709161734999444
54796,33.961392035565844
54797,35.49820714939934
54798,45.97234990297482
54799,34.734431355068246
54800,49.42130174707961
54801,44.48659265353635
54802,34.57219329707206
54851,25.264577877790952
54852,32.36362197447834
54853,35.46926777456039
54854,38.85381079374195
54935,31.052259966705503
54936,42.88621776662949
54937,57.39481603410758
54938,50.89828447839065
54953,55.35283366385776
54954,64.4282723537613
54955,54.97762330303279
54956,57.97247072786638
54957,57.35978409934371
54958,58.83911051135326
54959,59.04918038681467
54960,57.13823115777328
54961,63.986151183430884
54962,60.89895053576613
54963,61.70229054039367
54964,66.13972231190418
55017,41.473129417283545
55018,52.847312987501915
55019,32.78442172254719
55020,49.782793745127016
55021,41.20246234837921
55022,59.49648129907556
55023,47.943296547473814
55024,52.14294066483557
55025,58.370814132598866
55026,43.6270064575479
55027,53.55951714122517
55028,63.95813034035992
55041,40.50946919167099
55042,39.87697798870743
55043,50.26925422223276
55044,51.83630657826724
55045,49.585348157597
55046,38.96463408344116
55047,41.49851946966963
55048,56.839624758575056
55049,37.61530916865102
55050,55.47315378807569
55051,50.41340967757827
55052,52.67564316545952
55060,43.24796559377808
55061,39.86021846048862
55062,52.73788485594069
55063,51.57554763987243
55095,36.30221356407305
55096,42.790050767012126
55097,46.696355512846864
55098,63.274060879976005
55127,31.715755600796065
55128,26.96336602607975
55129,19.160336483961416
55130,32.83308519582148
55131,29.64532302354245
55132,34.01668373512098
55133,33.92943643344341
55134,37.557093607973975
55135,50.91519565158256
55136,42.34418089404767
55137,49.42129403401859
55138,45.009319871091385
55179,20.562550011452192
55180,38.514410743087495
55181,34.74010295085374
55182,38.50800634634054
55183,40.397548152220914
55184,30.623292519763314
55185,50.14348348952805
55186,47.46148520918291
55187,34.304722511419584
55188,36.77325596770891
55189,41.89659005083206
55190,41.10670653584678
55191,53.510443468774724
55192,43.91659498591632
55193,49.91684640098403
55194,53.41675107171276
55220,14.51651671159467
55221,20.508142257680234
55222,18.23912438924871
55223,33.49577088692155
55224,37.93237207513763
55225,38.48260130618296
55226,37.820938085221044
55227,46.16272498811468
55228,41.842403747422956
55229,52.0536298898794
55230,34.59332291404089
55231,39.42210784063403
55261,10.368452858843314
55262,15.731743296869853
55263,15.934845794022497
55264,15.934845794022497
55265,14.046579960186648
55266,20.438650669437664
55279,43.659450718093495
55280,49.28420274392077
55281,41.17991081174443
55282,46.16528051671987
55283,53.352391729576574
55284,58.4486524861616
55285,53.86715141468615
55286,61.67709891221556
55287,58.46434404291986
55288,56.44081489812967
55289,62.11970908588206
55290,58.530699803314825
55349,51.79274145060866
55350,43.683412568265666
55351,53.849246558659324
55352,52.18023640170574
55353,41.427700513546625
55354,53.55247791445159
55355,59.318732129665
55356,55.33151853389224
55357,57.85207488678804
55358,68.38932199845217
55359,60.74672455692436
55360,58.78438441383424
55517,11.817773882887233
55518,23.87995059779198
55519,14.82653419931455
55520,14.82653419931455
55521,9.739896881450404
55522,17.336747214740555
55523,18.82671966418081
55524,18.29803790635919
55525,31.382695986654973
55548,26.230305798117406
55549,23.69572445709241
55550,18.20580907458886
55551,29.719868705824624
