Index,target
66,19.620874412251034
67,26.735291040692417
68,28.252481480550472
69,30.440814958865246
70,29.503104270409292
71,33.622909707295186
72,35.5507223538675
73,38.62787106517434
74,41.12194707365846
75,43.44173770587572
76,46.45894917007026
77,48.48643564817349
141,28.039750936621044
142,29.31047643910072
143,31.376915455343852
144,34.56663657466199
217,25.88801975564551
218,31.367230297381912
219,37.27043699397919
220,35.22191840889163
221,10.153207037440348
222,13.972759553390746
223,15.141121220262178
224,17.72686397300713
225,18.026522953942077
226,19.9779830418595
227,26.983129819440006
228,28.733710777435167
229,31.433344268783113
230,32.66589488393817
231,35.44502117603717
232,36.82294801047959
233,39.44554116713155
234,47.11701918643397
235,50.597985546717986
236,53.29727911410641
237,56.21982980193307
238,58.10504515871214
239,60.03660202935015
240,59.79214413280714
241,64.6067077713612
242,63.741512531172674
243,65.71784256580392
244,67.97809972651012
423,16.33937364783701
424,19.918095211734826
425,26.666055202329474
426,28.204505057716457
427,30.04958623798753
428,34.265450130515234
429,34.77784101396868
430,36.48144564524505
431,37.643093142134596
432,38.72532028208517
433,40.691105907178084
434,42.17303174972233
447,16.008416024895652
448,20.49945207114801
449,21.378615415552375
450,25.948821436540623
519,23.365733663266234
520,35.24078639690475
521,36.13723545634336
522,35.454703788680376
554,22.519759700985468
555,28.032619665203626
556,38.436248405864866
557,42.56870298741987
558,48.18971177108771
559,15.697234939032569
560,19.246672219930247
561,20.780659803730373
562,22.925458274100293
563,26.727927407896136
585,26.978295758895545
586,28.704105329521692
587,29.932022706335662
588,32.57655628880679
589,34.20318265204125
590,35.92418822921098
591,37.86125274602486
592,39.00197819255684
593,40.38238267052097
594,42.38112267604689
595,44.49671661312145
596,45.53909628617151
606,23.209417256405416
607,26.78538420174591
608,28.19448044439985
609,31.624699455351642
610,34.01624962668157
611,35.24184644476046
612,38.9417305636677
613,39.74414993371743
614,41.19517305687869
615,43.693201789092456
616,45.488214507038215
617,47.380525010622556
618,30.313912342223926
619,36.284776004546096
620,38.90034879573888
621,43.984035321127074
622,41.663932995500915
623,44.32363351299912
624,47.14434813215654
625,55.04965693909168
626,55.47574157513134
638,46.20783422430755
639,48.08317253947099
640,52.24760011110751
641,59.30695750373205
713,49.15374150866753
714,44.532835678304856
715,52.815264722126926
716,54.641117912818984
717,56.65905594350887
718,58.77769081300229
719,60.913577496677775
720,61.73397463913112
721,62.678522687297466
722,64.36238000291883
723,65.9536531392419
724,67.74728909656571
731,28.43480935750645
732,27.844055485905393
733,29.543674479385597
734,31.723329816033335
735,35.25028501109309
736,35.84687904942262
737,38.09261411966324
738,41.23450641186373
739,43.12679768214891
740,44.89897121180196
741,47.341399126478606
742,49.21043095975063
759,27.463906195708883
760,33.259481646264256
761,33.01224661932541
762,35.58372948949921
763,36.983385787374544
770,31.958644936969936
771,34.4984893933676
772,37.66771388146
773,42.80903791484358
774,44.7208924367682
775,17.728821880831067
776,27.009419461878995
777,27.962585743947876
778,29.126559773865797
779,33.74917738882333
780,35.832337118304174
781,39.93479702393063
782,40.97821263278753
783,45.76718887411084
784,49.71457156136209
785,50.26575630211169
786,52.07490207567903
787,54.43428266247314
788,57.060717270391216
789,56.293946344579794
790,60.294548382286344
791,61.4877604646808
792,61.03202156886658
822,40.48671925125801
823,46.00296789766695
824,53.150590244716476
825,54.38371882463011
826,56.47252313644511
839,23.14625142779568
840,26.284134132035845
841,31.246963328751914
842,33.780254827215096
843,36.18388032957892
844,39.402867333948336
845,39.73649413944703
846,41.57761943782288
847,43.37985759709134
848,47.655857595038555
849,50.018757780575115
850,52.27750510550527
911,16.57746024981383
912,18.830630708496063
913,25.072685606947214
914,22.640583771365936
915,23.407236331997474
916,32.122221834536305
917,35.70296965365257
918,38.06808858498709
919,40.58860592630991
920,42.100017803458094
921,45.12493282405918
922,46.94752049791373
944,21.37375914414847
945,30.915647528469993
946,29.528392459637914
947,34.56671465532492
948,36.69661350956301
949,40.067948752054214
959,47.3558671306703
960,50.43512782112381
961,52.680544481777034
962,54.476224082639135
963,56.147089805200444
964,58.66556564082354
965,60.54700339043133
966,60.52423238733847
967,63.579993475417666
968,64.59894387671254
969,66.06067520483613
970,67.32672502597882
1097,27.4989000209128
1098,33.754673371287424
1099,36.729942390344426
1100,38.20180224191535
1101,41.846426602231475
1102,42.95028270139421
1103,43.45239716713913
1133,40.829153878312724
1134,50.23948286788889
1135,52.40984006134475
1136,56.89162849666255
1137,61.81273962448204
1138,61.44108624032979
1139,28.36398328888191
1140,33.734913529908866
1141,33.19132388098075
1142,37.24381781451647
1143,42.50306611653254
1156,33.93476614368454
1157,30.557943383502035
1158,36.465649195586245
1159,38.30875801813915
1271,28.010168812499117
1272,27.233546898135536
1273,30.723560486648278
1274,33.512211041414986
1275,37.55076663503676
1276,39.60678779820288
1277,43.66512786579084
1278,45.046312017072665
1279,46.68643630744726
1280,48.84524538972756
1281,49.771079360803206
1282,52.603659817574716
1294,60.58248022900082
1295,65.41476174765401
1296,64.58291342709613
1297,69.32443779069433
1298,70.69255245866748
1299,70.53719120435346
1300,71.7161536303058
1301,72.62735414028532
1302,79.95730077673895
1303,74.39944868739823
1304,74.91702476009867
1305,80.17406941012099
1318,10.324071974113494
1319,15.602479959411182
1320,16.20132018640958
1321,19.993206840770082
1322,18.66452091843742
1323,25.446399023015445
1324,28.7509646784248
1325,32.38875835517337
1326,32.93212016698861
1327,37.47772385174189
1328,38.61581870658449
1329,41.34182408109185
1443,23.737570974730694
1444,27.022991544106567
1445,33.459843351440895
1446,32.37145957071369
1447,33.46577780644737
1448,35.25335127578439
1449,36.86992889254421
1450,39.648882204541536
1451,43.48159510610737
1452,44.79841771474713
1453,48.122579168387276
1491,29.857122967327925
1492,35.89488403735174
1493,37.87144573112686
1494,43.552885996271414
1495,42.47809345674426
1496,45.611825759227976
1497,34.12731924213383
1498,41.220509076667994
1499,40.7992842409551
1500,44.931625155040976
1501,44.465203805708
1502,47.72545799049529
1540,42.57427447504089
1541,48.3022228672402
1542,48.544975346339484
1543,49.107067120451255
1544,52.85515401666357
1545,51.461287814797785
1546,57.384618135464684
1547,56.58353672322562
1548,62.1882004493873
1549,62.151462882509506
1550,64.96848930786537
1551,65.07279001916059
1682,43.00458309238691
1683,52.23915195558627
1684,53.27588573353168
1685,56.38373611663685
1686,56.382150761262274
1687,59.984684582055614
1688,63.203706778412304
1689,64.51534433744831
1690,66.54894536671003
1691,66.65226533117571
1692,69.39852582929234
1693,69.49277869072004
1788,0.1349938519042746
1789,0.6537681333599803
1790,1.0238161905851577
1791,2.355008314741027
1792,3.034510340775463
1793,6.530625748840366
1794,9.520371857712384
1795,14.944676765049673
1796,13.445963643150113
1797,15.138631178532055
1798,18.126985297197695
1799,20.298367416738717
1823,19.97059972893038
1824,29.599367208310934
1825,30.755467344651613
1826,35.301282156132785
1827,37.52335034826439
1828,43.05652983746562
1829,46.90150531444727
1830,48.79829090554275
1831,52.7835108158978
1832,53.93771687747753
1833,52.22482794577454
1834,53.95447999116875
1835,14.436362090202167
1836,20.81295676048065
1837,27.112225229901245
1838,28.375107617795766
1839,33.56336705988292
1888,10.960857797556779
1889,14.576601069589755
1890,16.64976662646809
1891,18.08488256607664
1892,19.226194140522985
1893,24.245641680205775
1894,22.36677053511821
1895,29.909950202411952
1896,31.947045060526577
1897,35.69107672454647
1898,42.51319041487427
1899,43.384209447001695
1900,17.84228033279746
1901,27.888783150933296
1902,30.148230869177564
1903,33.83781845251672
1921,20.787359298055318
1922,26.690542976075427
1923,29.972899445316067
1924,29.686149993544404
1925,31.119190844567832
1926,35.51267752421319
1927,36.86926437614161
1928,39.56551940181488
1929,42.177338433635974
2057,19.519655768673235
2058,22.28038049014083
2059,24.709873372178066
2060,33.03779252830882
2061,30.920226972816774
2062,32.34979692891564
2063,33.439913279238276
2064,37.39879402938885
2065,41.2297768052955
2066,43.495365268966104
2067,46.518574107646536
2068,50.67860694745644
2139,51.665415281791724
2140,51.29325103389015
2141,55.31676229519221
2142,64.50570747537168
2218,22.538137146039123
2219,33.929018108258695
2220,30.609227780194708
2221,31.59466733020065
2222,34.13805719099401
2223,38.464399676979994
2224,39.492186373772256
2225,42.88880274615421
2226,43.40648966049652
2227,46.16530394425226
2255,34.665561596242924
2256,29.504453736625845
2257,31.82298208333323
2258,36.7131979860899
2259,37.021609866243224
2260,39.86972207584147
2261,43.1439307395634
2262,46.15012912906767
2263,46.248958162741864
2264,47.87859808531293
2265,49.89642688177365
2266,53.777331110713774
2271,30.461681936760694
2272,29.366991912921875
2273,33.27702995342283
2274,34.0691841852301
2287,21.833143085604604
2288,21.83733514442475
2289,27.056486288038744
2290,34.74484595458116
2336,16.554858409234736
2337,26.99473224095679
2338,31.292555064494653
2339,34.35376950110839
2340,38.42582629081151
2341,40.58601838623657
2342,42.89392798372336
2343,45.8383315116933
2344,46.10245397829451
2345,47.883642524155526
2346,48.723850519539894
2347,50.02941398063179
2413,16.98479530956384
2414,23.274035305852745
2415,19.625858657904736
2416,22.843681808405638
2417,26.258845140348054
2418,27.498943722407656
2419,29.552591114295293
2420,29.576539759551153
2437,42.5463216251426
2438,45.01859764060997
2439,53.033244055620834
2440,57.155879893353976
2479,33.3917988093068
2480,41.41801263976764
2481,39.76347942499024
2482,43.59634429673232
2483,16.444969068356592
2484,17.185102631850555
2485,22.88392557278099
2486,24.35030983483829
2487,25.44393381345321
2488,26.090341579545456
2489,31.772952841515032
2490,34.3614253976822
2491,32.293809269614464
2492,34.558660789101175
2493,37.31091565744625
2494,40.33949160408206
2535,41.690771813356534
2536,44.569059958711385
2537,49.49563087240999
2538,53.18799001013423
2539,57.69653059370109
2557,25.58082860843803
2558,26.015533932886694
2559,28.32330421953438
2560,32.48743620360043
2561,37.00593027652359
2562,38.5206397705248
2563,42.731782978339204
2564,49.73858822041324
2565,48.93693877507085
2566,50.46311770153146
2567,53.67605202329259
2568,55.278800493581954
2573,35.60595792790926
2574,37.97710314537338
2575,38.48432175008636
2576,44.9678272160248
2577,42.51747758064028
2578,47.747337549257395
2579,50.50894862122358
2580,52.30605086159348
2581,53.53938622486084
2582,56.99944269902406
2583,58.56124239857875
2584,59.533722839015994
2585,11.742338636228006
2586,11.06342361555144
2587,16.28346940734124
2588,14.757244669887424
2589,35.9669304218182
2590,41.15221393457367
2591,48.180876546272025
2592,50.117772285501445
2593,54.3105896080891
2594,25.42402690019491
2595,25.72624324794455
2596,29.593013691551697
2597,29.994174758716287
2598,35.58888446340074
2599,33.29680396316161
2600,34.29602453389409
2601,35.839226064561004
2602,38.60991306011297
2603,39.80344104354484
2604,40.270879602840964
2605,42.00453100259567
2606,9.32394271823488
2607,14.142768254727192
2608,15.286195955857453
2609,17.47720098735081
2610,18.148532109553823
2632,51.793844965140096
2633,48.65060223120591
2634,56.98746847550731
2635,54.13042275546158
2636,28.812239532766984
2637,32.612390384035855
2638,37.326853519821526
2639,40.485063028911085
2640,44.72568288028892
2641,47.453911214172415
2642,50.66548333597861
2643,50.43350227615586
2644,53.7107642263147
2645,55.22619878097586
2646,54.61096861927946
2647,55.11191473581807
2672,6.131033365132112
2673,8.197384253416459
2674,12.505939759082318
2675,14.57351791214007
2676,16.944430313783617
2677,21.51543830461302
2678,19.78794339123093
2679,27.93436698601565
2680,28.41330758907605
2830,28.437935088728146
2831,23.39309872312935
2832,28.63814749010204
2833,27.00233484827963
2834,33.94195528441282
2903,4.975725304826332
2904,4.561974791109832
2905,7.64205257933106
2906,8.72342591036552
2955,36.01861261842749
2956,44.18663679614911
2957,44.24530515069424
2958,43.84741334221059
2959,47.826343347596556
2960,49.89552283047532
2961,51.51948558106137
2962,57.36648101179621
2963,58.512307745420514
2964,41.43913304377549
2965,47.827058323327655
2966,53.20002185955672
2967,53.410512420337994
2968,54.7045001846141
2969,57.7140183574125
2970,62.37852510593289
2971,62.25601155957047
2972,65.22528756504613
2973,65.34806407761322
2974,66.20435874303939
2975,66.94480325180407
3006,63.136745454014054
3007,67.80259272943238
3008,65.56820300393488
3009,70.9621060505418
3010,69.48170659671985
3011,70.91173291791839
3012,71.7259317213035
3013,72.63426670589803
3014,73.14860098682573
3031,33.656012470136076
3032,37.10858416490895
3033,46.044332484825226
3034,48.93251585592645
3035,46.20409826154065
3036,53.403918834713146
3037,56.59326870272236
3038,55.58624168101575
3167,14.50371153003892
3168,16.39266164737471
3169,20.051091798402492
3170,20.210414365426566
3175,32.72551118257471
3176,34.69649340208355
3177,36.429886016198
3178,41.72492712406146
3179,43.3186588039851
3180,46.04142113839273
3181,46.69389945631157
3182,50.47655273078126
3183,51.679696569609135
3184,51.770642114951336
3185,54.48938083862502
3186,55.4651322338508
3192,24.415760233988635
3193,26.04794897428505
3194,31.38764749191453
3195,36.213136176174864
3196,36.55652105541534
3197,7.0295267550836344
3198,7.799458887057952
3199,17.080443022160818
3200,13.991443772725876
3201,31.233431526919258
3202,39.4473221764337
3203,37.57826532693522
3204,44.856234210482874
3293,35.912950492320306
3294,39.952139412575846
3295,40.60487404778821
3296,46.15238656059688
3297,39.795317566142835
3298,45.281602308358174
3299,48.99941852801261
3300,47.93630521092638
3301,50.18211291838819
3302,53.205302934252835
3303,54.265017238389795
3304,53.82970196639788
3305,57.3742397351014
3306,59.95845273693179
3307,62.26055211750197
3308,63.938337912422256
3309,17.88850209478796
3310,23.098896022983613
3311,30.305694573577533
3312,35.63648919323479
3313,39.79044609437244
3334,23.696865660885695
3335,30.83247707134857
3336,30.454996833997058
3337,33.90721461896207
3338,35.258844470304474
3339,36.504564849321156
3340,38.583418222472254
3341,42.133461177646566
3342,43.19341304943927
3343,47.006667750571005
3344,47.900754401009216
3345,38.81081471740472
3346,46.24434623125589
3347,43.96823283925383
3348,46.34381808798549
3361,19.19582658123458
3362,20.804646474487416
3363,21.121590004971626
3364,35.34902393497911
3393,16.285510267423973
3394,18.616361628657785
3395,21.79049119240839
3396,26.489895384512813
3425,39.095351080729934
3426,45.17425311890296
3427,48.95627775536574
3428,54.75272537246927
3429,55.49559594456923
3430,56.404224231188145
3431,57.57947882522981
3432,59.158251899742716
3472,13.626186667353094
3473,18.320790522044216
3474,18.167866830251594
3475,20.626152312295382
3476,21.89462381821417
3477,31.377308401882953
3478,32.1686448800794
3479,33.807894782151735
3480,37.22272640135651
3481,39.67412381018399
3482,41.3935557540592
3483,44.441318140596444
3521,12.986433351135188
3522,11.015676839383056
3523,14.330047618478574
3524,18.789179218892404
3583,16.891078769774584
3584,18.261472255578894
3585,20.198523475149525
3586,26.328102723551467
3587,27.32986862590636
3588,28.237493072884543
3589,30.950228773723005
3590,38.86151090220084
3591,40.53497501136818
3592,42.188012370438614
3593,42.36173204501084
3594,18.11345291612389
3595,26.562238235867085
3596,29.597223071942647
3597,36.34710616780703
3598,37.73384422125157
3599,2.5498802083724144
3600,3.83423355096466
3601,7.32157499583655
3602,9.412911754281632
3603,11.166326134268422
3604,15.80679201858774
3605,15.763175223819568
3606,23.561920322974117
3607,24.94876658696509
3608,26.02506225759616
3609,27.756078838287507
3610,28.859867047993724
3644,12.06478624211706
3645,14.09139152606517
3646,15.863284325063304
3647,16.959467247134647
3648,18.93564129987642
3649,19.615481774177358
3650,20.780646951368883
3651,27.25104126546394
3652,28.25158024351179
3653,31.223083441459863
3654,35.91097581576928
3655,37.7169614976985
3812,34.26419128269081
3813,40.496314948247765
3814,44.72596574967545
3815,47.28792923347893
3816,52.28304540774775
3817,54.48104479481958
3818,37.314065770440514
3819,38.8004973431361
3820,42.34904079493843
3821,44.72852373808324
3822,47.18075540881405
3823,51.776617755499615
3824,51.59949357679618
3825,53.840631697451855
3826,58.39528390531366
3827,58.66627905963965
3828,59.43528747198992
3829,61.87077977096948
3886,30.80508362628528
3887,35.87509567362012
3888,42.6609256045681
3889,44.666247316265554
4051,13.026394750968645
4052,16.769268185240897
4053,18.26620739528087
4054,20.18376143831079
4055,20.462011829962577
4056,20.968401952073382
4057,21.696194130240862
4058,23.531763443488607
4059,26.09255973600178
4060,29.765270847613323
4061,31.32062017034773
4062,32.70897737359604
4128,14.808656447040555
4129,18.574738102035766
4130,24.00120401885485
4131,21.59887540064177
4132,26.74630798986076
4133,28.130808837699142
4134,28.520372956110023
4135,32.759107732878206
4136,35.91159544580334
4137,38.77141629439589
4176,17.636422140046214
4177,21.387934063615024
4178,23.361773626111052
4179,27.255351706396326
4201,50.267194888493954
4202,49.83888433314261
4203,49.85009202458083
4204,53.05365272877537
4205,55.41203576328075
4206,59.60408448393442
4207,61.942876749853944
4228,52.07255369198951
4229,56.58805709962275
4230,57.873658672913926
4231,60.85293697991534
4232,61.31803959111861
4239,23.91864962257705
4240,29.276455570591434
4241,33.47526275043949
4242,35.53997929572527
4249,24.714613493647185
4250,24.09277815159851
4251,26.989610412391816
4252,32.90496729797708
4253,35.13459034372909
4254,36.87179320980464
4255,38.02068358191945
4256,43.4575903407616
4257,42.859963163512795
4258,44.6250524843686
4259,47.64527702896101
4260,52.508845737140604
4270,43.2147485890697
4271,43.16492975937507
4272,49.426425971908145
4273,53.03089997141443
4274,40.4224783943125
4275,44.903082727616805
4276,43.061016921040235
4277,45.61268651049727
4278,47.68333631122731
4279,49.47420995639233
4280,51.66689544326215
4281,56.34000390922016
4282,57.07345044254036
4283,57.68777450508521
4284,60.68199137690805
4285,62.847183720194785
4323,19.297604772000053
4324,23.35514770400685
4325,27.735938919449463
4326,32.44845748497794
4327,37.34213378851087
4328,39.301094278679045
4329,40.13786743242681
4330,44.31986951543793
4331,45.8804378885127
4332,46.997213612413965
4333,47.52732404293812
4362,5.39461240583079
4363,11.2187312906675
4364,12.509830456584318
4365,8.618447886402834
4366,10.060473036185776
4367,38.01701937998054
4368,28.551978303791554
4369,33.13473701806628
4370,38.91163051824538
4371,39.827555001388184
4399,48.77655756921378
4400,56.77562912329339
4401,59.80930423566981
4402,65.91846478617241
4403,65.26332134416265
4425,27.792285858205574
4426,33.956444694328844
4427,40.79294472621366
4428,37.08680874696416
4429,38.86922238881645
4430,43.107773488044714
4431,44.39395004209744
4432,47.50216195184421
4433,48.490051033785235
4434,51.84457523622345
4435,52.41466687973916
4484,18.97378793927191
4485,22.390068578375814
4486,25.926982670883067
4487,34.86787599610485
4545,18.244722675111724
4546,24.540858292856615
4547,29.787652676513176
4548,31.4170442912314
4549,33.96424485205988
4550,41.06090022414761
4551,41.75076130726693
4552,42.306766825863384
4553,44.813656542732566
4554,47.20336245327356
4555,48.69386501599168
4561,12.220812685300503
4562,15.82620417214336
4563,17.721056535081473
4564,17.793575717432738
4698,23.23989622401179
4699,26.486465945437132
4700,30.61852542671161
4701,32.820549510604685
4702,34.46123409543298
4703,36.70297056151789
4704,39.02183261220724
4705,41.914175846619315
4706,43.916357473854575
4707,46.14969778550995
4708,48.10005118662844
4785,18.053478568221045
4786,23.47961484915097
4787,29.775100944493115
4788,30.40126142998382
4828,30.23338809444919
4829,36.92561894724662
4830,40.01987000382083
4831,39.07352070516953
4832,44.253925019758974
4837,7.787410855980936
4838,11.56871630333742
4839,13.784446174806932
4840,27.09209710571685
4891,18.076050346390574
4892,19.085725549704385
4893,21.958698458785644
4894,25.77832602020544
4956,63.48800611845564
4957,68.24838278019793
4958,69.94792415108415
4959,72.90357990805508
4997,19.613390336136614
4998,23.19445495474032
4999,27.5307450515819
5000,27.316708166630598
5001,28.869791191388117
5002,31.802629906844416
5003,34.51585782977672
5004,35.5937135257396
5005,38.536182091903996
5006,40.10213039160571
5007,42.53414390621726
5008,46.25787582103574
5045,4.361302081234889
5046,7.627501181655668
5047,10.716912128763747
5048,14.103104155962834
5085,14.85542295309836
5086,15.096432858459428
5087,17.46824213495064
5088,20.844841721995376
5089,21.176102169673204
5090,26.277338857563283
5091,26.68936548223068
5092,28.44090199502493
5093,32.13954927317344
5094,34.816188670037555
5095,35.79372761736405
5096,38.591791119782165
5097,15.462868217944198
5098,24.910302387484048
5099,26.67546763769547
5100,28.05313467049477
5101,30.369515740625516
5102,31.129762462527818
5103,33.115957144503284
5104,41.117178403917045
5257,4.917092113512429
5258,7.1630344028340325
5259,12.01819141919106
5260,11.809102060552455
5261,15.72769441138022
5262,16.802124639862654
5263,23.1954945034883
5264,23.994277705426924
5265,24.757264407803948
5266,25.041821528383092
5267,27.5186022372265
5268,28.99560769497482
5372,48.98320031469068
5373,48.77698104227209
5374,55.14566472448116
5375,57.35815503314253
5376,61.089341483285665
5377,61.77687573077237
5378,64.0006205662017
5379,65.12908483926347
5380,65.79963004478864
5381,68.29423325449002
5382,71.01389639697751
5383,71.11084567402727
5419,23.695773077470502
5420,26.963312656716802
5421,29.429857402030144
5422,33.66157775432925
5423,36.90649450100231
5424,37.87029095251374
5425,42.330159534398426
5426,44.76506118214614
5427,48.376028610910026
5428,50.54275535904366
5429,50.62909593224633
5438,44.071986629451885
5439,49.339858072978615
5440,53.6489514533534
5441,56.57581915565391
5454,43.78593204534812
5455,35.692407237913365
5456,39.958237878858434
5457,44.992340238488204
5458,59.33839126474247
5459,66.38185732351042
5460,66.79423329742534
5461,68.43068184112497
5494,15.307481177559987
5495,16.45571194025975
5496,24.492696831136772
5497,25.694163076984438
5498,28.13600109956056
5499,31.921986420858282
5500,36.452814429392454
5501,39.52268784417516
5629,2.9872087056407217
5630,9.127046547300292
5631,7.231687477772795
5632,10.876697404832345
5633,31.01504918098206
5634,33.463975211734486
5635,39.3602043253191
5636,42.16146461272834
5637,41.839415493469374
5638,44.86700544321252
5639,46.50175333329796
5640,49.0674964769928
5641,50.92706628103303
5642,52.828942561572156
5643,54.37301886134396
5644,55.742997281405316
5645,8.672908162238818
5646,12.706847369381977
5647,14.296554951185984
5648,18.40166665810004
5649,19.31791833012708
5650,24.07320862070569
5651,29.125015406897887
5652,28.037739227167123
5653,29.91962941955214
5666,41.01530705654435
5667,45.17199244094561
5668,45.18451085491468
5669,49.228378187099395
5670,51.086463806725156
5671,54.15835817661552
5672,55.53031075651996
5673,56.72880340402147
5674,60.05994980526782
5675,60.488322635576864
5676,62.77390875320666
5677,63.202225973216116
5732,20.689598682864577
5733,31.309052396262842
5734,27.113013248016184
5735,31.461324189854558
5736,35.03637834872078
5737,37.180578777302486
5738,38.97322388118912
5739,41.130238876633705
5740,43.3363926092711
5741,44.87073423365681
5742,46.97518301460768
5743,47.798612573579014
5863,47.14050398539713
5864,48.93776203654308
5865,53.672015248238445
5866,55.65123809520909
5867,58.457509600131885
5868,59.071059673361304
5869,61.135796577193084
5870,61.61533265354774
5871,63.05624063562294
5872,65.06210714416477
5873,65.73941365597446
5874,67.90752377089238
5907,39.06812986084646
5908,42.56428570145105
5909,45.548084853331574
5910,50.692415576957096
5911,50.50894891131535
5912,54.14946538765578
5913,54.94265312971449
5914,56.627923785982695
5915,56.805860843700934
5916,60.51167742072611
5917,60.43176270079644
5918,62.174983641560104
5940,26.22779417732909
5941,29.09280720759768
5942,31.2301977137179
5943,33.60547522713787
5944,14.017146635319873
5945,18.384886892677944
5946,20.805247739124713
5947,23.007490109729083
5948,23.475667606272623
5949,31.49511479765109
5950,34.12161829813117
5951,35.34043857939828
5952,39.70448281161112
5953,42.56527889729411
5954,44.25635122358666
5955,46.453716525339836
5980,28.573532441955084
5981,33.11137663204717
5982,37.29275504515536
5983,39.26710541960673
5984,42.19522285980817
5985,33.467395287438976
5986,32.20288729716618
5987,34.16567236288475
5988,40.30849307368449
5989,40.86193014628945
5990,41.76072548477852
5991,43.907329441583684
5992,48.102729235523675
5993,47.41702996655868
5994,49.91503445713966
5995,53.42464936307776
5996,55.99342743472318
6001,30.257438956400172
6002,30.59249782925638
6003,36.07610713932476
6004,38.88767225335264
6005,58.140545104751624
6006,54.78106339160554
6007,66.04345338466224
6008,67.8850805682179
6021,37.714152611292235
6022,41.660782318545465
6023,51.31470956931781
6024,52.98999457091862
6025,55.30946075875114
6026,57.515592194711736
6027,58.22164201938303
6028,59.01570168448754
6029,60.2790083205944
6030,62.537536798460565
6031,63.88082978632111
6032,65.04155833960769
6122,34.79835514708821
6123,32.167133310696016
6124,39.66921699016865
6125,42.41412435310734
6261,35.987158238957996
6262,43.2732381440436
6263,48.71297129219859
6264,50.57324723727017
6265,51.25526532908228
6266,54.17400651921642
6267,55.92321061810883
6268,54.768610877319574
6269,58.15297341166731
6270,60.997632245295506
6271,64.09637446577403
6272,64.9984921105896
6313,39.241243679496996
6314,41.77795313603792
6315,45.64514138024719
6316,47.9161429905631
6317,51.07713952920808
6318,50.02206288800287
6319,54.4851398520887
6320,56.73504912023241
6321,3.279545600814305
6322,4.6930976770571
6323,10.09374455295347
6324,12.241596114576517
6325,13.650265290373362
6326,15.68581569712095
6327,16.41248246302601
6328,23.19062679758645
6329,24.316576666599563
6330,28.903792509531183
6331,30.078883567551156
6332,31.57122789710232
6348,4.152870374722
6349,6.9214694492606466
6350,6.564038679455037
6351,11.847710829614648
6352,12.64925277402191
6353,16.264259261382076
6354,15.892696904012267
6355,22.968868159279342
6356,21.8620503828945
6357,24.36089634328351
6388,28.557142598150964
6389,29.288942462496262
6390,28.79728555340223
6391,32.784961907914656
6392,33.154433915078585
6393,35.180880483257496
6394,37.244807864100956
6395,41.57737470884196
6396,42.32129746282536
6397,43.68378722103675
6398,46.295235974588024
6399,46.126258106576316
6462,15.38264236631884
6463,20.9393483874585
6464,26.397566266533488
6465,30.610666690002475
6486,12.745995084402944
6487,17.348589433902493
6488,19.699946389058333
6489,19.379009278311532
6490,23.567990732230136
6491,26.91161624948815
6492,29.121601097138484
6493,31.208481613042416
6494,37.7684708010807
6495,39.585521902738094
6496,41.34610053663068
6497,42.77422188875535
6538,30.376714523338226
6539,29.530142776925
6540,35.437484781013424
6541,39.27595094621289
6558,36.61304271450944
6559,45.012244538061026
6560,46.54491812713308
6561,50.09088793746504
6562,13.448762256313886
6563,17.022969175577778
6564,18.775447748695083
6565,25.434125269292185
6566,26.434104610656693
6567,26.95299938663124
6568,28.402537887993166
6569,31.879682478449812
6570,36.41988776001334
6571,41.348874509110395
6572,43.75291865195412
6573,45.42082129216789
6574,30.78103067434088
6575,33.249656808844776
6576,40.249951490568606
6577,39.50401880389304
6578,45.847921381440464
6579,32.71101542033064
6580,28.334937048997045
6581,31.083617695969757
6582,33.478048112142666
6603,27.12334896551181
6604,29.670907559535593
6605,28.228249096412863
6606,31.4776616833641
6607,33.253312345747105
6608,35.56281869105944
6609,40.34257491287552
6610,42.216996819191124
6611,44.24763426888565
6612,45.2132778378537
6613,47.237952108177176
6614,51.141048387390406
6643,4.953777546890548
6644,9.839052796631263
6645,9.868444407141443
6646,13.302899432622608
6647,16.716645191933193
6648,15.857200576171884
6649,16.280837500977388
6650,21.65139588551139
6651,19.9878765383802
6652,25.76415719070449
6653,27.624388130412722
6654,29.833089702161963
6663,25.724588974743444
6664,31.199380600734894
6665,33.361924945169335
6666,37.09903592894987
6667,39.4843987268125
6668,41.33089964763028
6669,42.44015353518929
6670,44.6053464157745
6671,45.849929033381265
6672,46.82603867040179
6673,49.67828599658512
6674,50.222622035792796
6675,25.06716146640482
6676,29.82331420304241
6677,31.89154321856727
6678,36.67661485583857
6753,50.24604455369755
6754,53.34708343414268
6755,57.45998126028242
6756,60.399789084620636
6757,36.894950728829485
6758,39.9580669575147
6759,50.35249670480536
6760,53.412998931697224
6768,41.738382040322186
6769,49.5082681889199
6770,53.216021494183224
6771,54.45633277172034
6772,60.29419337481344
6773,59.423802215331825
6774,63.1911975908032
6775,62.12706818056078
6776,62.29986392993753
6777,65.16757528623012
6778,66.4351061646781
6779,67.14888834498682
6788,9.056846752980572
6789,11.438108705625098
6790,12.928125540496263
6791,13.984764653452228
6792,15.135223713592177
6793,17.092118413674612
6794,18.110992733869185
6795,19.074239838900247
6796,23.376761952566092
6797,28.796139625842507
6798,30.854729291844
6799,35.10472479094418
6842,37.12836193389564
6843,43.30904057733999
6844,46.99650904668846
6845,49.728157925450525
6846,50.717640869554785
6895,32.23596937610591
6896,37.06615985269493
6897,39.12596114271443
6898,45.70659543474127
6899,40.4225709431333
6900,41.76235040491752
6901,45.92142907582183
6902,47.64940978992597
6903,48.65724434065826
6904,52.27753133187759
6905,54.59917908702263
6906,55.63660622581021
6907,58.45679364001617
6908,58.864488360537564
6909,62.109156412248495
6910,62.443279425800526
6956,33.82642878568845
6957,40.498532115174804
6958,43.91115695734241
6959,47.945553448594204
6960,46.9088055932953
6961,50.22938892000502
6962,49.51818278579599
6963,51.89329729723028
6972,20.586932468164566
6973,26.886204574996036
6974,30.274390191729314
6975,30.27682377949041
6976,35.02765519278943
6977,35.48412632394149
6978,35.864832263308145
6979,38.49599269386203
6980,42.692530427271464
6981,45.59865720986527
6982,46.63294114724975
6983,48.651257290426805
7052,33.60525276738063
7053,36.137248267223825
7054,42.04145490576113
7055,47.13823281389384
7084,0.15542630601497648
7085,0.7133505830427397
7086,2.0897340820490253
7087,3.5799267026960413
7088,9.927876963520669
7089,12.567267714548564
7090,13.963382592853183
7091,18.44844431874774
7092,17.766449518752747
7093,17.462172919767983
7094,20.28759397940508
7095,18.32792414140237
7096,30.416127980554883
7097,36.0414289204802
7098,38.673198268277474
7099,43.133269837024876
7100,47.454279691304485
7101,38.7572515931196
7102,39.27939264937006
7103,40.330870124706664
7104,44.05192019579791
7121,16.384486340985653
7122,26.999345668075115
7123,30.73798805828133
7124,37.60061903964725
7134,47.536869822004824
7135,42.888840438032176
7136,46.82570011005558
7137,52.095437936173774
7199,22.463195654443528
7200,26.017545272245272
7201,32.73453637658118
7202,33.666421686754646
7203,35.35209796364812
7204,36.955055370949395
7205,41.220714244806
7206,43.19651600282055
7207,44.75512884017699
7208,45.791692988236456
7209,48.087853541634914
7210,49.0741800703319
7279,18.695348995522888
7280,17.10041875701085
7281,25.095513928440283
7282,25.733742105327778
7287,20.951583710147776
7288,19.538890047968405
7289,22.003055816388073
7290,27.394286543643485
7291,28.2042098264912
7292,32.665317019035356
7293,37.14597532393719
7294,40.57416329509601
7295,41.231087515846845
7296,43.11060143944742
7297,47.81630793146652
7298,48.56563931885059
7371,5.134363525738166
7372,7.448566731938587
7373,9.295663478409002
7374,13.97150511669958
7375,15.151737172267048
7376,18.04863093720243
7377,20.85693671713062
7378,21.909196979645
7379,25.75446676041777
7380,25.7678894333685
7381,27.640510664451295
7382,28.653052775898956
7510,42.644539724131654
7511,45.33825431272487
7512,49.0664452050501
7513,50.528616263959485
7514,54.297551133759754
7551,0.8156367602721296
7552,0.8391223840718381
7553,1.9095424745646674
7554,5.8336216974488995
7590,24.58344618225362
7591,29.446128550087682
7592,32.56849770978272
7593,33.06592162631685
7594,38.24410142988076
7595,31.00507358887637
7596,34.81382444670755
7597,38.452670030666475
7629,27.503759168997032
7630,28.9466113045136
7631,31.518941969940073
7632,33.478582128902126
7633,36.04381853561462
7634,41.53495585937172
7639,34.125530464671286
7640,39.87219189517752
7641,46.291816043155634
7642,49.217693168499835
7643,51.369554788837874
7644,50.1640070270436
7645,56.95638489098032
7646,58.4359199506652
7647,60.114669439088814
7648,8.283864783683015
7649,11.507987108334044
7650,6.731362064700082
7651,12.746828203523764
7652,14.054672825734627
7653,15.032808873612836
7654,16.994182605127836
7655,24.25586016448144
7656,24.255938443832395
7657,25.5080412153889
7658,27.344873659086556
7659,28.63826766211654
7690,13.473348103146574
7691,17.165713108556435
7692,17.55353451292552
7693,22.310207427276527
7694,23.597942981914276
7695,24.983899640214442
7696,28.098635173434182
7697,29.972549288388635
7698,29.9304413342637
7699,32.70634640917173
7700,36.23107123032634
7701,37.829707313848125
7734,10.721238679934483
7735,14.73481683626953
7736,17.72971380836724
7737,24.629289338523236
7738,26.4616880685086
7739,26.831325633796755
7740,27.756464578609123
7749,3.7928876212616798
7750,8.369734120623983
7751,6.657696529466832
7752,11.586776328964373
7753,11.638279581242978
7754,13.6582655599774
7783,20.568202803518126
7784,26.662536560066084
7785,32.344035170952104
7786,32.559562603847304
7787,33.3659390975707
7788,2.6318646555598844
7789,8.309073728575765
7790,9.107317618826084
7791,7.1055036202193556
7810,41.36208466300945
7811,48.934288376248965
7812,47.88656420039664
7813,53.47153228765805
7814,57.53535992736046
7815,58.46074551165778
7816,60.16225289026396
7817,61.26085695413687
7818,61.17356116676528
7842,31.49666641752249
7843,38.268660532208884
7844,38.24714903829482
7845,41.56370490222395
7878,29.28355566131788
7879,28.78591493780878
7880,30.416391334763453
7881,29.549878869247394
7882,33.43386061502233
7883,32.77062231657919
7884,36.733250378064504
7885,43.56699187942926
7886,44.62153636280027
7887,48.453286983740114
7888,48.93663122419815
7889,51.464862434932215
7895,25.35919748745063
7896,27.01943971499425
7897,27.044252112307944
7898,30.64115163388276
7899,32.42381439154646
7912,13.678759000242525
7913,18.525254532689946
7914,22.293806756778903
7915,22.882713302137198
7916,28.068815446275757
7917,30.545156376934628
7918,34.97350346490963
7919,36.80882095219537
7920,40.19649784205776
7921,43.14468182588095
7922,44.106329794937245
7923,45.45316321502497
7957,34.17374520254028
7958,38.48475428626705
7959,40.56009243124411
7960,42.89778039511511
7961,45.46744608781594
7962,48.51588855593385
7963,51.30081130284846
7964,53.30133274233788
7965,56.65805673493518
7966,57.60742094369497
7967,61.679070920857605
7968,44.45218030552922
7969,46.48405524367817
7970,51.51606395912058
7971,53.37384674726451
7972,55.62813999301108
7973,22.438077055500063
7974,30.420901475278786
7975,30.78865615632521
7976,32.728968752349715
7983,6.561400112864927
7984,3.616238032673028
7985,9.394162975979565
7986,11.407160552119379
8027,41.6532200994099
8028,49.79072222823137
8029,44.24025190051622
8030,46.87639014294994
8031,49.354661593449904
8032,52.58252972124205
8033,54.01081535485237
8034,53.538749576676054
8035,56.52538537611715
8036,57.07633375268874
8037,58.845745478094884
8038,59.989251711968336
8101,20.567626215479915
8102,32.04639463645053
8103,26.83309958772222
8104,29.958948000160515
8105,4.998621827042671
8106,6.6099104738977985
8107,7.319078290344026
8108,9.712771776273676
8126,42.62561952996353
8127,46.419274909548
8128,52.369043548599045
8129,55.61960062096348
8139,30.923686015228256
8140,27.648312256690126
8141,30.333819610992784
8142,32.3351865904686
8143,35.67536967272138
8144,32.06892695522327
8145,34.47967423289383
8146,12.989225823729925
8147,12.257894918181528
8148,16.27134838467139
8149,16.17229849076055
8150,8.188709651570866
8151,10.713528267785438
8152,12.039364001960834
8153,14.107714763599802
8154,14.557733362555497
8162,41.149721098258816
8163,46.490994376992354
8164,41.994634633318455
8165,45.26411713507799
8166,46.58852697130299
8167,50.48084130758309
8168,52.8206949625307
8169,54.696044044836334
8170,54.664335641593034
8171,57.038348545565384
8172,59.74506182121087
8173,60.757041457086004
8203,21.4351487209501
8204,24.51761284006113
8205,26.59617554709009
8206,34.18363192977396
8207,35.95371031713182
8208,41.763829938326296
8209,45.45499768264211
8210,47.44813057437147
8211,49.899384625878504
8212,50.23834966520101
8213,52.8619912523434
8214,53.43763921102303
8215,7.299462045029095
8216,8.592008232321179
8217,13.102860276106039
8218,15.178629268854394
8219,19.330795712153467
8220,18.33423924164149
8221,19.9203556432316
8222,20.456998480718887
8223,22.530317382438398
8224,28.325850710157358
8225,30.65840221158411
8226,28.644549865116332
8305,14.599438717822672
8306,19.038518016293253
8307,18.986517810467923
8308,25.21132825375628
8309,25.87305021094435
8310,28.958194162755746
8343,11.42466513697271
8344,10.01883920195173
8345,11.18776614563954
8346,13.900313750439873
8468,25.966247721863034
8469,30.930708759107144
8470,31.543937601443673
8471,32.38770922073479
8472,27.59374573915773
8473,33.68841903043189
8474,39.276499299540646
8475,38.02990867469344
8476,41.56252340354091
8477,49.661159794728746
8478,51.83015209506783
8479,53.639543011616695
8480,54.81294780770243
8481,54.54651868898032
8482,58.30444023924113
8483,59.027645419523346
8536,25.989221363611584
8537,33.49621731687128
8538,40.300953714175655
8539,39.9675301010449
8540,10.21730292233047
8541,13.29433972114825
8542,13.956334491444514
8543,16.238922548093704
8544,18.35130780584858
8545,24.778164252671964
8546,27.699786321998847
8547,26.280438421723225
8548,26.891490052416017
8549,27.97994369749375
8550,29.877278455139727
8551,31.346264842455412
8564,30.848109861800133
8565,36.344037722850935
8566,38.01524579909355
8567,43.890404642916074
8568,47.53484808589652
8569,49.24608368115862
8570,55.38424980932097
8571,55.603785556075145
8572,57.819641112557896
8573,57.966976587027936
8574,60.46938070487537
8575,62.25870016269397
8604,16.761213693401874
8605,19.70470620175604
8606,23.727919715545877
8607,26.43973369593354
8624,15.76060588978653
8625,17.391795102224744
8626,20.54136847015493
8627,20.71553797447366
8677,21.84648787690816
8678,31.87284183111547
8679,27.893551961589427
8680,29.80052258837184
8681,32.2752907218256
8682,34.03920065746312
8683,36.82105689926459
8684,39.2917110957934
8685,39.08141670330598
8686,39.312346392957025
8687,41.96439746417539
8688,44.219977918014365
8732,55.426043877779016
8733,61.55033295117627
8734,61.10449889934376
8735,65.96404248436467
8768,36.02675685802495
8769,39.03039220734594
8770,42.99211188897632
8771,44.84989147575338
8772,50.37085039725283
8773,54.25271746845119
8774,55.289518587129464
8775,26.604583202301328
8776,23.938374671891214
8777,26.661068148678368
8778,29.989497142723764
8840,25.938142903591938
8841,30.520992118086973
8842,30.59862788741631
8843,34.473430923111614
8844,37.69986301828092
8845,41.756713196970885
8846,44.07120233831082
8847,47.32522646771793
8848,47.980317174560575
8849,50.96701788221667
8850,52.81834270239881
8851,54.461521977281286
8852,36.19935472779776
8853,42.25853463831799
8854,55.36332197547432
8855,60.9972898330043
8868,48.220252801150124
8869,50.66918501821979
8870,52.62817675099808
8871,57.60298597291139
8872,60.679693516497
8873,60.60925888966835
8874,64.18357845006123
8875,64.95970108304859
8876,65.33212091808261
8877,65.65137373908635
8878,67.41990065595246
8879,68.04819019127116
8898,35.215230610249094
8899,27.50659773406515
8900,30.876563828283995
8901,32.91676001765122
8902,35.09989364506523
8903,37.42481115873493
8904,39.51754588625167
8905,41.79497843867059
8906,42.5845868444887
8907,45.244768502623394
8908,45.93029997319076
8965,32.471638371508
8966,31.3675219519462
8967,33.98117136921178
8968,37.608778519983844
9070,29.17153294908764
9071,34.92530713471003
9072,35.76557947236
9073,41.71577297535045
9074,39.61454909399385
9087,20.56180636958505
9088,30.177466038503724
9089,31.54666219064413
9090,34.70105336685098
9091,12.403668899140333
9092,17.556798529028594
9093,17.825972020606056
9094,24.28826671669828
9095,24.449238378877183
9096,26.897220545694672
9097,26.419620716012968
9155,23.01411137705699
9156,21.692389943395217
9157,28.12736983627498
9158,30.051946466673837
9159,36.298594213113525
9160,38.031577148375796
9161,40.27915207380865
9162,41.971557761518106
9163,45.30670996337782
9164,49.468138572580926
9165,50.63856584001183
9166,51.94424847490261
9167,32.804106309664725
9168,38.62202392965887
9169,42.75834241106872
9170,45.25223315297595
9171,47.519196670325115
9172,50.12343277364146
9173,50.964714634610814
9195,11.83669116617042
9196,11.610619075646316
9197,16.335405789165314
9198,18.194727163155076
9282,26.53442572789462
9283,24.649024705197135
9284,32.742741416593674
9285,34.836585551977315
9286,36.32662407613226
9287,39.2668493307907
9288,42.629811579870854
9313,17.132231604307297
9314,20.916177457241478
9315,21.145737133099924
9316,25.64784041447406
9359,34.24569657396503
9360,42.02886317320602
9361,44.757530664281504
9362,46.69679323804662
9363,38.07075082004903
9364,45.200732003822615
9365,51.63377904809769
9366,60.98986749871523
9367,63.70530440987532
9368,32.47497560263697
9369,36.125941474532176
9370,42.11481140748759
9371,41.46851828485044
9372,46.13534945952715
9373,47.41464712129564
9374,49.97683685386033
9375,52.16844753490895
9376,52.40845483374461
9377,57.75621583327359
9378,59.20682898774298
9379,58.674473607417745
9380,21.763960694794932
9381,27.0361193638906
9382,26.811893178960005
9383,28.23501617374187
9384,29.422123195183318
9385,32.148963047795576
9386,34.30819793459663
9387,36.647617299881176
9388,38.754668549492685
9389,41.5564368918778
9390,43.85932708538809
9391,45.45125525112513
9392,26.074843269655315
9393,22.662764853361523
9394,26.69428172819117
9395,27.31778600394923
9396,29.93953627745884
9397,31.972441747287046
9398,34.41510131703945
9399,37.16670329625052
9400,40.00312615801057
9401,40.30612246110146
9402,43.073127896661724
9403,45.041145145748175
9502,23.54616924956425
9503,18.751436513099073
9504,24.249107684240048
9505,25.051345695112428
9506,25.54369765831443
9507,26.812532176088887
9508,30.490494946199984
9509,29.59975987783821
9510,30.05322108151037
9511,32.02911413399644
9512,31.2153470012633
9513,31.15602247624892
9514,31.709688624524702
9515,34.45681410030884
9516,36.41683710254319
9517,40.793838349520925
9518,42.29256845725829
9519,42.31796270781327
9520,44.00442007552844
9521,45.20187714830799
9522,46.3180958946878
9543,53.038995578963
9544,53.43429567525022
9545,54.95665396292126
9546,58.16767814760984
9547,57.93400815159279
9548,61.086180632743634
9549,63.22847548304046
9550,63.685960226710534
9551,64.51562529147377
9552,66.23194437459064
9553,68.71463695771115
9554,68.84074419761623
9724,27.957762148681905
9725,25.030439946662028
9726,30.99082698086157
9727,31.09746737035561
9728,34.06941573851285
9729,35.2171734949813
9730,38.2175960051117
9731,26.256368908973876
9732,42.213195389418004
9733,44.33711319178817
9734,48.497396547844836
9735,52.3704061101112
9778,25.85387671958884
9779,28.482773156038785
9780,34.891543730995515
9781,36.115429337327676
9826,27.238840148050453
9827,31.079064218545895
9828,30.364841820321992
9829,31.873207985267367
9830,34.53733184665196
9831,36.57341653651428
9832,39.60792238492063
9833,42.14394121298778
9834,42.78214285553091
9835,44.27507989273525
9836,46.47884755352557
9837,48.67692164040293
9850,27.181243482313292
9851,29.11436065309008
9852,36.44510442111684
9853,39.450117113641824
9854,41.450952060547856
9855,42.1589938432471
9856,46.35836108578856
9857,47.24052706701563
9858,47.5719687357663
9859,25.85110026188608
9860,28.570798477208534
9861,30.503110185021278
9862,35.31422154023025
9863,38.91022609312396
9945,33.33475759316112
9946,45.532614134649315
9947,41.992742209326096
9948,47.652611170712404
9949,50.01523556554618
9950,53.31150578597761
9951,55.432427598404104
9952,56.57152112117153
9953,57.309127311940145
9954,59.17689163928749
9955,60.17398186800257
10058,13.01218253545721
10059,21.533178481496975
10060,21.035025707532725
10061,21.138361506256498
10062,27.47693938428157
10063,28.533419565173716
10064,31.43659028076393
10065,35.11413118705057
10066,37.227331993459735
10067,39.491609169464404
10068,42.08297979155071
10069,43.22057224829051
10070,41.800022583840395
10071,39.47129264226228
10072,45.170446536865576
10073,46.28118071444126
10074,54.04989639196269
10145,19.248785164212254
10146,24.424660798978522
10147,25.50496200440662
10148,26.721488241741497
10149,28.861961876777286
10186,43.26086927785751
10187,39.90923679927815
10188,49.95364762834578
10189,48.67233676764436
10190,47.92750501979941
10191,52.81498679276426
10192,53.58981520306165
10193,58.402273382075975
10194,59.150474341513934
10206,26.38586557160034
10207,27.995419020560764
10208,30.481642827938455
10209,33.85567644100199
10210,37.447056986813536
10211,39.861415217727476
10212,42.60241912112695
10213,43.526697508193806
10214,45.69060488074539
10215,47.30434519812845
10239,32.40937631345384
10240,34.29572407623912
10241,39.707408430345936
10242,40.401859842706955
10271,12.513201963453415
10272,12.217581837644733
10273,16.292075671827558
10274,19.274193863367096
10275,18.33232899670534
10276,26.917302097919993
10277,30.118313998128926
10278,33.78073668313074
10279,36.33148930632222
10280,37.80295733406408
10281,38.9147377226739
10282,40.20619987881113
10283,14.445398091147915
10284,19.007933395125214
10285,21.99036558187092
10286,25.739432612514694
10310,34.52343229847544
10311,29.962809347486285
10312,31.89051189236317
10313,35.02021338129942
10314,38.195612054680105
10315,41.83027025967998
10316,44.085305416571785
10317,45.8506264464716
10318,47.47820154786477
10319,51.31279036661817
10320,55.51720749041306
10321,55.56597972535011
10322,25.90770629127967
10323,35.87076976748708
10324,39.76996739394876
10325,41.77408399943623
10326,46.578724475612326
10327,32.511085064561634
10328,32.77698541822266
10329,41.5578051781857
10330,42.84667673047358
10331,46.934434309389
10332,46.972232986532276
10333,51.64382378853416
10334,56.20235291397298
10335,57.025552331764985
10413,27.284098092627453
10414,35.60371528654668
10415,36.707991788026554
10416,43.05928546295325
10477,27.11953980368144
10478,30.311283489207153
10479,34.57055153079407
10480,37.352525350415476
10481,40.88503176183324
10545,16.42220568261691
10546,25.16148715435499
10547,25.835176462394188
10548,27.765363392828075
10549,29.5250871483627
10550,32.91372659236453
10551,36.35612888514575
10552,40.088175866591385
10553,40.197271332859174
10554,41.35208681665895
10555,42.640961409932224
10556,45.34393364575288
10634,43.85496422907737
10635,43.52775723784616
10636,50.52763047163595
10637,54.23106074059399
10638,42.46914063537637
10639,47.079928984935115
10640,49.88068143851441
10641,54.74761172071969
10677,19.70418025435825
10678,19.452176146072986
10679,25.648418782464336
10680,25.605372121821503
10681,27.261537241031757
10682,33.326812803395704
10683,31.699546629098123
10684,36.22748567362037
10685,35.76912185220586
10686,40.10371348915376
10687,41.29244922450658
10688,43.15625014496665
10689,43.32089398356845
10690,51.959741525521714
10691,57.44884375056354
10692,59.64162770241703
10699,20.82061636638421
10700,29.17550531754312
10701,36.84477952652988
10702,32.705169675956896
10703,34.76774972880809
10704,39.094590529911635
10705,40.097741018390565
10706,47.3279607917741
10707,49.90842990585109
10708,50.52959475659042
10709,52.22523322989532
10710,52.503526433809085
10772,31.052359803403473
10773,35.848983478340884
10774,39.92563637459758
10775,46.2208712164668
10776,48.60682120094837
10777,51.11898896743591
10778,50.83824016273223
10779,54.7333459561414
10780,54.457965913307646
10781,58.20121390761926
10782,58.09331586461345
10783,60.25948965986359
10793,14.917814030557778
10794,17.464130982426436
10795,21.069397100014196
10796,24.28301598717186
10797,27.121660815909824
10824,51.16223263989463
10825,45.47609014835565
10826,49.815798080647824
10827,52.74336262221692
10828,55.559331511199524
10829,57.95467741804279
10830,59.77927549695268
10883,6.5995408228479135
10884,12.737594803276204
10885,13.447472950659924
10886,17.087636682553505
10934,25.504509761738046
10935,23.713214670881236
10936,22.908906748242487
10937,27.700807739798737
10938,29.977291153790652
10939,32.473740530427456
10940,33.818564931096255
10941,36.013746296924566
10942,38.40819120102131
10943,38.18386619150531
10944,42.57619410428856
10945,46.118370866776104
11128,23.364399604042667
11129,28.585426630782894
11130,33.00902537311138
11131,36.21522330971019
11132,38.87362193888065
11133,37.384508313143456
11134,41.743426410099325
11135,46.500738793141686
11136,47.986839857328995
11137,49.44023707824442
11138,50.54125522050124
11139,51.26407625390321
11189,25.22179943133185
11190,35.61769732098607
11191,33.515544825449986
11192,35.92515219402742
11193,41.38908258843645
11194,43.28637302829154
11195,44.584750518168256
11196,46.82538402951918
11197,48.297978280492806
11198,49.24146731550899
11199,50.79494704163707
11200,51.82770629008509
11236,7.454293985039974
11237,10.73823145209218
11238,15.875434482444241
11239,17.919092394042103
11240,19.166683032484624
11261,8.475039841225128
11262,9.137448025488277
11263,12.078954450237399
11264,25.145194040538378
11361,46.66026501186775
11362,50.02576901145299
11363,54.37027518222129
11364,56.851911201364466
11412,11.294269323281767
11413,16.241837371863024
11414,17.40690467185181
11415,17.644933270422968
11416,21.873895768415323
11417,26.00352031946624
11418,28.196951861636364
11419,27.595123529165313
11420,31.626866487465993
11421,37.00752633160934
11422,40.26008207997919
11423,42.48171770498596
11424,9.783502047475952
11425,13.499562403836357
11426,16.086996773529084
11427,19.374109924928117
11428,25.79026610617149
11429,35.13477395747047
11430,41.61180925053964
11431,44.438458840666726
11432,46.73395850594509
11466,13.762617412358258
11467,16.019078998154146
11468,21.214061333008228
11469,21.88259447944505
11470,26.285532170410328
11471,27.06125843863646
11472,29.527186794266495
11473,32.701445109749834
11474,35.265345055462994
11475,38.30685443097859
11476,39.299292692509695
11494,25.766590568949812
11495,30.627146875370318
11496,34.59059691471478
11497,37.52110573862929
11539,32.194448584250715
11540,33.697622243704
11541,40.39379555068448
11542,40.19583666288206
11543,43.772388914675915
11641,1.2629695639108554
11642,3.5459529265753145
11643,2.37876472765231
11644,7.804696513394613
11645,8.997109225874258
11646,11.680279623689447
11647,12.056829605365088
11648,14.300280695344636
11649,16.084544670518415
11650,19.5918533338392
11651,25.01871145554811
11652,24.651026880473854
11757,39.568584954939716
11758,36.56119421298712
11759,41.182607250577234
11760,42.54899722581889
11761,45.94148233523479
11762,51.44751233454698
11763,54.697490431452216
11814,41.175840576216046
11815,37.635950451812256
11816,41.399489302655596
11817,47.21312524149731
11818,50.38898054311436
11819,48.466579455494404
11820,28.549588911119134
11821,30.799302485422132
11822,37.21480347076502
11823,39.963876072744945
11833,5.1592225416841595
11834,5.789706982760816
11835,6.958916122190478
11836,9.012890951793235
11837,10.721346562313695
11838,12.666245086012106
11839,17.599917503733128
11840,19.395014741087078
11841,21.467273066711897
11842,22.976634312198307
11843,27.519013478899893
11844,40.54706248087269
11995,0.9346686584285516
11996,1.2737047612202932
11997,3.0587715383499874
11998,3.3487638206521724
12009,34.866241814469
12010,36.29647938721316
12011,43.4749694820482
12012,45.31017867271859
12013,47.94249155008409
12014,48.74717297513591
12015,50.271188151580255
12016,52.22339747372668
12017,55.898526358564325
12018,56.52131296113137
12019,59.54566649815422
12020,60.47273111850282
12032,39.75926453912612
12033,43.63181470548475
12034,44.08456350980431
12035,48.341830876385984
12036,51.334078887757315
12047,23.957087864259258
12048,28.285684198676062
12049,32.4872437655009
12050,38.95025620453432
12051,42.62604325913414
12106,57.315417307349875
12107,58.611704781268834
12108,64.51583090240003
12109,66.96912640367376
12110,70.33698931041208
12111,69.58243451146075
12112,73.17943701817552
12113,76.11688216472078
12114,75.52689294415516
12115,76.15457067452631
12116,30.18678358659717
12117,37.99481670934432
12118,40.728859725152056
12119,40.71163181339422
12120,42.83603365092636
12121,46.615280651102196
12122,49.73300200422528
12123,51.18482313038881
12124,52.674277561844505
12125,55.42729115419747
12126,56.52605054090924
12127,58.940873550751284
12132,53.864484190396055
12133,53.40462820481474
12134,55.58549030569831
12135,61.047431780571124
12186,25.18094475314079
12187,25.066110323823025
12188,29.615890573761234
12189,28.71985127216658
12190,29.475184458370062
12191,33.46228705174669
12192,32.60767000258227
12193,35.82271621738879
12194,37.88850001429554
12195,40.58244683923409
12196,41.60999363422414
12197,44.05918148467195
12210,30.197036629571777
12211,23.873820549003515
12212,30.97291437168133
12213,31.307919820635085
12233,12.497169283009121
12234,15.520072753851958
12235,18.54721181185864
12236,20.620198873038067
12237,26.69826041666066
12238,26.707169130375924
12239,29.233312248340532
12240,31.259388270501205
12241,32.90689430962965
12242,34.16475936098406
12243,35.790273948265366
12244,37.02748230366361
12245,35.66443079768333
12246,44.90574594589548
12247,44.499576985376926
12248,43.89720322348919
12249,49.78662753243166
12250,51.4890379580999
12251,51.99141098819926
12252,55.45881027553911
12253,57.80050389317405
12254,58.418244114329994
12255,58.39522581169062
12256,61.29204818606699
12269,44.67829110276872
12270,46.47946169412015
12271,52.041729324218295
12272,55.62164520716874
12273,57.21755148276858
12274,59.05921505320563
12275,61.106475987631754
12276,61.328597542120995
12277,64.36227495369091
12278,64.59846785417187
12279,67.22185401335507
12280,67.01603198384511
12307,17.819268403109646
12308,19.411473146303575
12309,22.564886084181783
12310,27.526476619696442
12311,29.20575104782308
12312,32.8539211752138
12313,35.48548069078641
12314,40.26474569382266
12315,42.3349801007798
12316,42.82169564026522
12317,44.77094386011734
12318,46.34616826742747
12363,17.737698710361727
12364,17.19147612734688
12365,21.176428624059305
12366,25.500219611250273
12367,27.549610731617832
12391,38.457406754806925
12392,39.802534554894386
12393,45.31585471047554
12394,48.92993105492414
12395,50.7367868214929
12396,53.198586169555796
12397,52.70218946525285
12425,38.224379821959104
12426,44.578160199553665
12427,45.11864825109878
12428,54.446364443478814
12429,56.78188346388659
12430,58.54331367089213
12431,62.66620424646153
12432,61.56243575201901
12441,21.578427573678667
12442,27.164476916127384
12443,29.29670298255315
12444,32.20246469993911
12445,33.614118409303885
12446,36.752611525166465
12447,37.06402733696534
12448,40.40893177195544
12449,42.558544774484425
12450,43.191346793079056
12451,46.30941409438385
12452,52.04158453918771
12514,7.9984544417390255
12515,10.607218147664236
12516,11.54044946532236
12517,13.447205666034773
12518,13.835322387868448
12519,49.68311813580246
12520,47.19816288011351
12521,49.647214870236795
12522,54.49688428486625
12523,56.646202511532735
12524,58.074428291391456
12525,60.507163033972446
12526,62.46136233173769
12527,62.882147838860114
12528,64.69255351483952
12667,29.507634372399664
12668,34.432223185703215
12669,39.88603911556295
12670,41.52338174711279
12671,44.45699710266541
12672,45.96546615425846
12673,48.737568579559955
12674,54.18141839941502
12675,54.613247063432766
12676,56.56797052000094
12677,58.543691299815514
12678,59.25560663376732
12711,35.85049776481976
12712,34.09099996521259
12713,39.92086318488047
12714,44.13986593869081
12715,46.45800390866417
12716,36.87233614885292
12717,34.85232403488044
12718,39.91868717046674
12719,40.58429560825017
12720,42.26236983164726
12721,46.85946177073182
12722,48.300063236807546
12723,50.66995451918464
12724,52.77493364520817
12725,56.782839270467235
12726,56.714119096769224
12727,57.426617751398936
12733,12.614479114850507
12734,15.122955790075238
12735,18.290872971558993
12736,19.549220799608484
12737,22.73223765935408
12738,22.2773952603136
12739,26.289500223185225
12740,27.85071445840355
12741,29.18674129786841
12754,28.522600799713185
12755,27.618377817432396
12756,27.771644427903
12757,32.76045007326411
12777,2.385712106353324
12778,6.881118657364689
12779,10.17451525015617
12780,10.194707124721418
12781,15.566425349989398
12782,14.103815557547504
12783,17.813575548453034
12784,16.131527108883308
12785,26.435594204990352
12786,26.784779208398636
12800,35.68043940861964
12801,36.93711169369899
12802,45.0474048515257
12803,49.33393200275715
12804,49.03466986925358
12805,52.44653624571439
12806,55.19413371691884
12807,53.94453968640903
12808,58.78706624537757
12809,60.71851749945609
12826,15.410778613020105
12827,11.875477563343994
12828,14.526501858845885
12829,20.110846658903206
12853,11.537920600816685
12854,16.21133040879809
12855,20.814207556760778
12856,22.96769132354434
12857,23.91263338326965
12858,37.79922932194926
12859,43.93722090909902
12860,43.80968713016786
12861,46.0227979556669
12862,48.707724728371744
12863,50.645030168853296
12864,55.26808698716522
12865,56.93453142634413
12866,56.75866320470325
12867,61.066154135263155
12868,61.64308886860681
12875,26.251199486826106
12876,30.684491147831157
12877,34.48141899882578
12878,38.38955128633357
12879,42.26770665946785
12880,44.78351351455074
12881,44.893537248992736
12882,47.7688885892953
12883,49.48158136357574
12884,54.08039370330941
12916,25.41435459729674
12917,26.658644062861647
12918,26.839612397076785
12919,31.08100379753857
12920,32.75883885511653
12933,16.061031554562106
12934,16.80044309000223
12935,18.545384052878397
12936,21.17302794026327
12937,25.880444431992395
12938,28.464262241691543
12939,29.662851789947286
12940,32.38000958399743
12941,35.08722190801926
12942,36.60911743783465
12943,39.37452181809613
13020,30.913405202925784
13021,34.79421131021863
13022,36.43337073184745
13023,41.85708396278717
13024,49.04596753057091
13025,52.71542993768005
13026,51.51709800721043
13027,52.93889215878812
13028,55.692441167177215
13029,56.208392684041875
13030,57.39597844476189
13031,48.162403510616926
13032,54.800502279529624
13033,53.71431095329928
13034,56.7777382742211
13039,11.520713971149439
13040,16.71644052401078
13041,22.890349840217876
13042,23.804187120766798
13043,22.374967996123438
13044,23.35854055962099
13065,11.955228753562691
13066,17.613098766157865
13067,20.319375414250587
13068,20.109909305884948
13069,22.319967016837584
13070,22.57206306057756
13071,34.07468262510993
13072,36.00488506531122
13073,37.1662941886787
13074,38.56534607024945
13075,40.18397623486432
13076,41.65599635953368
13077,13.302445268039552
13078,15.642288990590341
13079,17.287727357598563
13080,23.68782711456092
13081,26.440938880411796
13134,12.791730916102763
13135,17.1651985234484
13136,20.814390090994117
13137,24.574692996433434
13162,24.74292353181313
13163,26.862735772518644
13164,29.356035015985793
13165,31.405082506096996
13166,33.74291543683415
13167,40.78446481460154
13168,41.30267313073346
13169,46.06999551352542
13170,47.96507231619334
13171,51.80896272790309
13172,52.484676002496485
13173,52.85220497491091
13195,39.17686565916051
13196,31.945634626056357
13197,36.508665167822116
13198,39.57219208538924
13199,43.99104411894982
13200,45.303235939632
13201,46.69552840051362
13202,48.689079331989646
13203,50.42833626321717
13204,51.027307511466944
13205,52.798495209781414
13206,54.643231283210625
13219,20.718885295003876
13220,21.439608027687928
13221,24.395633044929106
13222,29.63029128321742
13223,30.914980412475856
13224,34.01274395707136
13225,42.14087167177753
13226,43.73729073447384
13227,46.55538140934479
13252,23.80204493075436
13253,19.61312521348614
13254,23.19856185626066
13255,24.407072797039692
13256,33.18093733328523
13257,32.543504919798956
13258,37.520817572493605
13259,51.35288968790605
13260,52.78477532491108
13261,57.759844500683954
13262,61.17504705759734
13263,63.27771348266315
13294,35.84561784468897
13295,34.83830165822008
13296,40.060116982680796
13297,41.39787854790028
13298,44.10796272935798
13299,44.60682349183773
13300,47.100308319409386
13301,49.1362780897253
13302,50.322817075739934
13303,52.24460213628839
13304,53.15691979067894
13305,55.090793791289286
13332,44.66167817094419
13333,41.895509030314095
13334,44.37274346307702
13335,49.448854878589586
13336,50.794085154940085
13337,53.80927630788762
13338,55.887206451071776
13339,56.7613866368358
13340,59.29428593123713
13341,60.226660037297464
13342,62.96581369095477
13343,63.54081139290715
13344,3.815991729508111
13345,6.072595786083784
13346,8.30683855899724
13347,11.511367106859876
13348,15.542367777291089
13349,17.66074985921473
13507,11.657197110447958
13508,15.264139777486362
13509,23.751029689665017
13510,24.94624275811453
13564,51.50455141720104
13565,45.78892506944138
13566,50.6512290705288
13567,54.0871752695829
13568,53.57272072252416
13569,57.40821992812004
13570,57.126104819008596
13571,60.14946403626187
13572,63.22131672000866
13573,62.74092586112111
13574,63.75653491189308
13575,67.27001312050184
13674,9.8422682998041
13675,9.481796794366536
13676,13.68726018473013
13677,14.742028350134351
13720,10.910945984414857
13721,10.289293815508207
13722,16.001762950051813
13723,14.598097645415834
13724,19.38751705263513
13725,24.319707696129996
13726,25.945636131252932
13727,39.515536013216504
13728,40.86510941650566
13729,31.890969253226206
13730,36.02114276571971
13731,41.560820795794
13732,43.26346738810711
13750,35.60460395831573
13751,43.142978993968185
13752,45.38401859720869
13753,47.77431951465517
13754,53.592677809430434
13755,53.60830212459734
13756,56.73381874994445
13757,56.427905067878484
13758,60.88111316293001
13759,59.66173128947796
13760,61.18196809103518
13761,62.5226151445857
13867,26.617984165536058
13868,31.40035106341099
13869,34.59640031753208
13870,38.73509760470622
13871,40.27205907893509
13872,43.29727761749067
13873,45.59631492887541
13874,45.16557078220329
13875,48.325108920099964
13876,49.62357892600165
13877,53.840004674110595
13878,55.37391375027058
13896,36.83827824273932
13897,36.53109761588172
13898,46.114335347802005
13899,48.224029623444146
13918,25.58873172094487
13919,30.825137533413127
13920,39.43120971896453
13921,39.95707159249041
13922,38.784157994378816
13923,41.76750278172043
13924,42.73626894115011
13925,47.329597874101474
13926,48.3751372141337
13927,53.00861721154672
13928,56.316269167399206
13929,58.139720183483426
13946,14.949701527032625
13947,20.176122113405093
13948,19.83120075619064
13949,20.368509838961504
13950,20.580013476161817
13951,27.315346955702108
13952,28.186816821127593
14097,17.885086751193448
14098,21.69917737623514
14099,28.53523637693335
14100,29.72815313888298
14219,23.898357760075644
14220,25.30963969084963
14221,30.55498913443269
14222,33.42743961049892
14325,49.7150227722944
14326,52.03234400323002
14327,55.18916371379246
14328,57.02975924517434
14329,58.606009385271186
14330,59.38616333821641
14331,63.17555242981509
14332,64.27406781993697
14333,62.24279700664801
14384,11.671234016813054
14385,14.521387079717178
14386,17.573958979223043
14387,19.27458518287691
14388,22.72861108220888
14389,27.38572004585272
14390,29.32761234919688
14391,32.179183630340006
14392,32.56666394387149
14393,35.151762493251525
14394,38.05298730618516
14395,37.923896929898625
14396,34.50301486375754
14397,43.8804683515726
14398,49.45781982917921
14399,54.46886108089015
14400,6.091530324240106
14401,8.52751831629243
14402,13.136724467214396
14403,15.282544055052574
14404,18.407596298307755
14405,20.038130231494662
14406,20.432473660510695
14407,26.303548009899632
14408,28.14807601704356
14409,28.92979116690966
14410,30.17293304967166
14468,18.78646541953841
14469,27.406406602423182
14470,28.930313612397576
14471,31.748987784793954
14472,34.487901821463396
14473,35.28242261114614
14474,39.163011612275035
14475,43.59344321511397
14476,44.014498124913274
14477,46.483841475434225
14478,47.51511745912595
14479,49.39319963763946
14498,0.1945272013584775
14499,0.6085200400218157
14500,0.895698944627194
14501,2.6823996309092437
14502,6.978291465300793
14503,7.527942588138194
14504,8.829162714671794
14505,11.091712176127382
14506,15.762367818255552
14507,13.1933879503782
14508,18.394716709928264
14509,17.20471555663514
14510,9.786422456821914
14511,11.206104288193073
14512,15.471257798258184
14513,15.489653131538475
14514,16.401362451691057
14515,21.86203491933278
14516,25.24064151040867
14517,28.998624413838094
14518,25.420415695823802
14519,25.509316885923877
14520,26.843610474811868
14521,28.571248699548793
14535,8.733917114740255
14536,11.573230238480006
14537,14.359100062965208
14538,19.083678416456397
14539,27.150446837002217
14540,27.373185743759606
14541,29.375265568614083
14542,37.30550184629064
14543,39.445518250510624
14544,39.17237500246244
14545,40.582951839647876
14546,42.38578582384089
14547,27.301013831723203
14548,35.32650708766174
14549,32.611204069390936
14550,37.82639896092878
14551,39.033707964872896
14552,44.55100890762443
14553,49.07817970096541
14554,53.61563349803605
14555,53.229812617262134
14556,56.36020322564171
14557,56.77335204772121
14558,60.077863384121436
14563,52.424749864820285
14564,51.39296968204425
14565,49.854518755321386
14566,56.38325195800313
14567,58.11388357380379
14568,58.99200044537033
14591,21.654284857225964
14592,26.62112513107899
14593,35.884674506842266
14594,38.933804654157974
14602,39.342622597762144
14603,42.72258743894473
14604,45.055727355841825
14605,48.4271149386646
14639,14.695038423646636
14640,15.715088710226409
14641,15.794299972449867
14642,25.138770465087887
14663,10.658354795203316
14664,15.653471536054237
14665,20.548404923688906
14666,19.592614776346576
14667,26.5639933488149
14668,26.587760318723365
14669,32.71275483555598
14670,33.389427040487256
14671,36.96233363756223
14672,38.85987627958539
14673,39.37371929667521
14674,42.595756959656754
14675,55.14231406043756
14676,46.02111914782081
14677,49.60674667850296
14678,53.17253173061519
14679,55.96323535007513
14680,56.983556477692325
14681,57.26403037523595
14682,57.11167331086135
14694,41.31593927528125
14695,40.656838596346205
14696,44.211265175703204
14697,48.94160796151027
14794,21.678349312618824
14795,22.981032819472805
14796,28.85244808854181
14797,25.673244019059933
14831,3.5263408065919477
14832,4.718444123220092
14833,8.478779075787285
14834,11.28143697447507
14835,14.943156825260685
14836,17.76560922866467
14837,19.773491814402462
14838,24.65000603923223
14839,27.134570455854316
14861,40.108091662228574
14862,33.275861912930125
14863,34.203634704895016
14864,37.68589964608406
14865,38.658809121119916
14866,41.39688187667176
14867,43.712703325365375
14868,46.554251023817564
14869,47.618234946953606
14870,48.32576853918288
14871,51.66189750434981
14872,52.702862948122466
14873,36.333460446599844
14874,46.206696882471135
14875,49.36414957536335
14876,50.815737117529586
14877,9.275732892142742
14878,11.432635759397451
14879,14.290598428213316
14880,15.45217027926166
14881,16.601263286720975
14882,21.1614043614756
14977,3.725593944565291
14978,6.563396828968643
14979,8.084832643772346
14980,10.1795288432917
14981,14.44956114531927
14982,15.086113772360253
14983,15.863591135666232
14984,17.52211183905274
14985,20.512213274927323
14986,21.529236491380406
14987,26.252262205070313
14988,27.19782089879895
15001,44.02250220319746
15002,49.02806912563901
15003,54.12547843861637
15004,55.57558373292666
15005,57.00642572701165
15006,58.02932432451351
15007,61.73374886413974
15008,62.915781201149855
15009,61.67176321538411
15010,65.05795475736603
15011,34.10613845515713
15012,34.855436679767394
15013,41.701989264505045
15014,45.08484130447203
15015,48.27573773885576
15016,51.28860039118498
15017,53.7205114176113
15018,53.111350288298254
15019,53.95417651690735
15020,55.76259472064139
15021,57.49719873869697
15022,57.28240713486681
15039,26.813404454997038
15040,29.417297352410227
15041,33.49103317674368
15042,37.084593779225834
15043,38.9680796761492
15044,40.51305198722104
15045,43.73166807993697
15120,58.50705318551326
15121,57.47031410189978
15122,65.74558370420668
15123,60.84711750345025
15136,26.663365428856128
15137,36.26269003521926
15138,33.082774526671365
15139,38.15543357548908
15140,38.25790060190066
15141,40.37908798501209
15186,10.80620269136535
15187,13.312726045225569
15188,13.484531266116068
15189,18.744573873190806
15190,18.893371889249856
15191,19.46072834893949
15192,25.706434507862163
15193,26.497563023870804
15194,28.541486456637
15216,33.72279744494587
15217,37.393640250504944
15218,42.92959372461797
15219,47.24492320157372
15220,26.069079541072696
15221,28.819664929445
15222,33.63983172456217
15223,30.789370031650233
15224,31.9398718951103
15225,34.825132424256445
15226,37.62845692093677
15227,39.723391139126335
15228,41.90353450398701
15229,42.20106142024389
15230,46.210858174302416
15231,47.312627626503705
15232,20.20411494454489
15233,27.531257739014002
15234,34.12096630581102
15235,31.75477467047007
15236,34.37261459303428
15237,39.06650408347586
15238,40.67755054966311
15239,43.62673839760311
15240,46.210518749096934
15241,50.01945879185895
15242,49.84948552913617
15243,51.983756143974546
15260,28.500513499088196
15261,30.687725824418713
15262,34.72721907852671
15263,36.529531932472786
15264,41.545968655645034
15265,43.45925115591759
15266,44.24110048771407
15267,45.24662611813223
15268,47.97703666866907
15269,49.02419403642263
15270,52.71263913910617
15271,52.74113971390704
15281,14.507782984275476
15282,20.443605852566456
15283,21.797467906448897
15284,25.789369871202805
15285,26.759682947872427
15286,26.952988574852792
15287,30.19689058104574
15288,32.843309228775766
15289,34.05064065785085
15290,37.1734016503076
15291,40.40158980968818
15292,42.31767262788479
15574,29.727965706184403
15575,36.393420175940946
15576,31.757526763309308
15577,35.13840966151542
15578,37.790496414678174
15579,40.54211855091415
15580,42.75640018179551
15581,44.61149943363045
15582,46.658669286483345
15583,47.70425764659109
15584,50.32754719483748
15585,52.59592256548261
15606,20.962893454592223
15607,30.197246695653813
15608,31.401937256204405
15609,35.26080888897019
15654,9.805748930953177
15655,11.956948677773854
15656,16.028589578222142
15657,15.348118865256625
15711,40.51580143495321
15712,38.214350219425825
15713,40.93292736967309
15714,43.725178160589216
15715,44.952550617366576
15716,46.84567128650377
15717,46.73672367271706
15718,50.04525410647224
15719,51.75283350894749
15720,54.36314688725404
15721,17.406703641684235
15722,23.904960851012593
15723,25.16787502094662
15724,29.63104552120845
15725,38.80801168631837
15726,70.3481642524565
15727,70.3070303603232
15728,70.33364316057317
15729,76.71533150508284
15730,79.51734525955557
15731,82.50655471350905
15732,80.97044749600654
15733,82.05357804253758
15734,88.25954469007286
15735,88.31269473430396
15736,87.60403339070167
15737,88.3932990499685
15762,27.15990199827271
15763,32.65894904513063
15764,34.72543125318996
15765,34.62399776502777
15766,37.77971399674751
15767,40.827766750260494
15768,39.66041455166895
15769,42.298343029643085
15791,32.96920499359907
15792,37.31481266118353
15793,41.26054047819419
15794,43.8019336422281
15795,47.859874024065626
15796,49.994131107811626
15797,50.894770897182724
15798,51.22859646581688
15799,54.83065495648404
15800,54.43684847745369
15801,56.522524006107375
15802,57.81325779338712
15815,18.534823913475915
15816,19.545425412578325
15817,20.57074475221012
15818,27.637795510527408
15819,28.852686335556157
15820,29.427464707349518
15821,31.190231694806197
15822,32.879876196561206
15823,36.46950511035224
15824,37.95358479483551
15825,40.336123527157355
15826,43.55823784682787
15882,3.8880238744057936
15883,7.552666341755706
15884,11.108052383860949
15885,14.702095583575879
15943,37.405981296679386
15944,36.01121718632039
15945,39.30375624816206
15946,44.32428474155596
15947,49.122117111789365
15948,0.47381496150146046
15949,1.284490053554942
15950,2.6316587616768494
15951,7.116589971279608
15952,8.054424905018687
15953,11.505330956048214
15954,12.946355276032483
15955,14.934906049712627
15956,15.687640245270837
15957,17.140859768151536
15958,20.625225151238354
15959,22.464376647757913
15960,31.305058603543944
15961,30.64322794916323
15962,32.413263073221586
15963,35.239575417466355
15964,38.460518764413905
15965,39.36987848070848
15966,42.59373134490465
15967,44.70074667949697
15968,46.32371470787216
15969,49.83349837699181
15970,53.23830095276291
15971,3.1671024821275844
15972,4.43151414634852
15973,5.925607455562391
15974,11.545668191073444
15975,13.301814831728857
15976,15.525040634500069
15977,18.358282865026254
15978,19.09318039495549
15979,22.4905525769463
15980,21.550214943255085
15981,27.650373210129008
15982,29.238729821443187
16004,27.43179974954429
16005,26.73108861616032
16006,26.77165243652778
16007,32.76441084777926
16008,29.888232379413832
16009,30.09244776242781
16010,37.76090567322129
16011,45.004196072589146
16012,49.045524462358
16013,50.841896902440574
16018,13.404289417125057
16019,17.20649214171899
16020,19.067401178230742
16021,28.228378895192908
16061,65.47545286579289
16062,68.95785597578363
16063,69.19359692840248
16064,71.51121040785338
16065,71.88395416442606
16066,72.17361535063448
16067,72.9945821580414
16068,73.7772774817579
16069,73.16835113128587
16070,73.99845635547359
16071,74.27906906745092
16072,75.16647041474558
16073,8.944602567148594
16074,7.659932834989805
16075,10.585862077843407
16076,9.929789566128212
16133,8.374163775029228
16134,8.000482870491929
16135,8.613149900880327
16136,11.664132907273826
16137,16.872611613739934
16150,34.78295119686723
16151,40.44397672639167
16152,42.33969696746668
16153,45.21545953614817
16154,47.25785887928062
16155,50.070710995682276
16156,51.66736744747078
16157,55.65437998087148
16158,57.19388076547864
16159,58.57958568792935
16222,29.28915758314056
16223,35.70424464098125
16224,36.6637423014951
16225,43.26993257976652
16234,34.78213293557084
16235,41.28071143374204
16236,42.77006496293499
16237,44.36632395694426
16238,50.48309303670672
16239,50.32627094243951
16240,51.681164300935805
16246,24.567095727551298
16247,32.906692527872224
16248,32.195451476106655
16249,37.58876523467329
16250,42.161860097088216
16271,49.453557208197495
16272,49.001854183882116
16273,54.0796648581238
16274,54.56911649784255
16275,57.84565739740914
16276,59.780348331681
16277,61.76761466585915
16278,63.014947982667714
16279,64.35527389598761
16280,64.37298608814541
16281,66.77886549519869
16282,67.46837347603862
16354,31.72858303518606
16355,36.210666386374214
16356,39.12376910593463
16357,42.74117680498736
16358,46.78559566659622
16359,44.87964447052078
16360,18.317263100041725
16361,19.369084096106345
16362,22.338182443074306
16363,21.657977122104572
16364,27.583719704268823
16365,29.370637441238728
16366,30.57087291907112
16383,19.125226507065086
16384,22.923852613902618
16385,27.48409165713856
16386,29.27886700824983
16387,30.907437470119653
16388,33.370608049989315
16389,35.01442454979707
16390,35.4368109707011
16391,42.724569251578124
16392,46.99475649716647
16393,48.74016612343229
16394,55.232463449738496
16395,56.05063453396485
16396,56.472602108758174
16397,59.21185673804559
16398,59.960333051078415
16399,59.808924221791514
16484,16.11480474464079
16485,17.09196598675263
16486,19.136020884511165
16487,19.57314054120602
16488,20.810421441656796
16489,26.09551263576581
16490,26.713995423696304
16503,0.7201754989165283
16504,0.8742184517032502
16505,1.8816663260025617
16506,5.092782675928974
16521,13.308302876084399
16522,12.367268136845784
16523,15.72682656766755
16524,16.42919819421217
16525,17.664490227880496
16526,19.66446825449049
16527,26.34953647737507
16528,29.876561876781874
16529,32.60059256921381
16530,33.58091642975216
16531,35.205786854434926
16532,36.32918324135685
16538,23.216436833049777
16539,25.113873834539326
16540,29.556048316708353
16541,35.02527192388731
16542,36.31772533559899
16543,39.951560938424315
16584,0.9152019416502517
16585,1.7411946704448193
16586,2.7748325005118897
16587,4.417117239217814
16588,6.429035578231886
16589,11.330775341858073
16590,11.803999591715645
16591,16.557396748461827
16592,19.49742249428621
16630,28.67197586079473
16631,29.063557973820316
16632,31.732295964610955
16633,34.16311016928553
16634,34.36189789342383
16635,39.901035717713704
16636,41.25816511083287
16637,43.16634215764742
16638,46.88529513854026
16639,49.65112182222572
16640,49.99609054613791
16641,52.0978564605105
16676,37.660353620521306
16677,37.463615530083146
16678,43.301504259306036
16679,45.820145355260124
16680,49.39188263111947
16681,51.128363003095686
16682,52.2281736003569
16683,54.61875823045856
16684,57.68639367901609
16685,58.00386920810563
16686,62.72621676563168
16687,65.02630407245123
16712,43.92610293875704
16713,42.11831637582542
16714,45.726384342540356
16715,50.716788189140225
16716,50.73043467267472
16717,55.562023609873066
16718,58.19817956905197
16719,60.08259293859635
16720,60.52310683031495
16721,62.170760226016746
16722,65.65178548447565
16723,65.76263925422028
16743,47.22778355404217
16744,43.66701214882561
16745,47.37452810531263
16746,49.81395064222955
16839,16.04586380877813
16840,17.64145789144782
16841,19.900564565384947
16842,19.987213096271333
16843,22.1152884568289
16844,28.31772816201825
16845,30.67777837827689
16846,33.34735996329862
16847,34.829932258252136
16848,38.23106452219521
16849,40.982280139949204
16850,43.970580030619786
16855,41.11714805003869
16856,42.83070698729959
16857,47.68468962814919
16858,48.836601596648954
16859,53.46305755585343
16860,54.98384831643254
16861,57.52915199237457
16862,59.36094382660191
16863,60.15083084783767
16864,62.33366886487069
16865,63.503863091844465
16880,44.48966846961167
16881,43.04510533796036
16882,48.67284304786188
16883,51.47997406611195
16884,54.177292773201465
16885,55.215157229594844
17000,17.64684536641445
17001,24.80641412110119
17002,26.490130501875292
17003,27.807383285238384
17004,31.404579313176
17005,29.786054033668233
17006,36.276913572261584
17007,38.56943001348832
17008,38.187763885648096
17009,42.87299714153324
17010,45.647795254984764
17011,46.48170225664641
17072,49.17411460257459
17073,59.93698959361502
17074,62.90415244158186
17075,65.4561262126542
17076,42.64718297362416
17077,43.79773614867579
17078,45.42346955237855
17079,48.32781317527599
17162,15.631933960974955
17163,21.686595247485975
17164,22.373299339306204
17165,23.02436496588774
17166,28.449361384418363
17167,35.7488501881581
17168,34.2092915791396
17169,36.79160806017307
17236,10.335509207041158
17237,9.425513456321887
17238,14.229510656757391
17239,19.40234421667656
17240,18.29525297653651
17241,19.608640367205265
17242,23.100588068284434
17243,27.861122065928026
17244,22.957608916010688
17245,23.328032914837475
17246,27.248983825206132
17247,29.47564958938137
17248,32.321768128766074
17249,35.24433520688106
17250,36.49428935979746
17251,39.84023005335124
17252,43.17021981321822
17253,43.009407817999445
17258,40.18421554546044
17259,44.241532213829316
17260,53.4908554382524
17261,55.32829757111562
17262,59.019801760865754
17300,25.19945282586149
17301,25.128008334515762
17302,31.297895293408164
17303,28.777396667039817
17304,35.36134196971676
17305,40.35390409836433
17306,42.13721273805002
17307,44.497107216052875
17308,47.74354579527119
17309,49.074501552636505
17310,52.444739762298674
17311,51.619393007250736
17324,19.579601989535632
17325,27.100210138765586
17326,29.213747709648057
17327,31.05752170697933
17328,32.23230736725904
17329,34.83001670091832
17330,36.359676228260795
17331,38.57325188946128
17332,42.383629491884925
17333,44.647242140488295
17334,45.30394655207844
17355,6.84084392339675
17356,12.21625335555486
17357,16.19145658292032
17358,16.282407780638195
17359,19.47384986255806
17360,25.13687551418894
17361,25.61820903097673
17362,26.179807013547876
17363,26.47903339317476
17364,27.664824995379345
17365,30.08309643952187
17366,31.785901024734592
17371,9.720446277137166
17372,15.989669609982148
17373,17.909991649439647
17374,22.12434682142796
17541,20.147479025576974
17542,21.72418995020616
17543,30.41354141330894
17544,30.570811428615386
17545,31.48900133278847
17546,34.50964443483526
17547,37.0755118129374
17548,35.512879778479714
17549,41.43374038183044
17550,43.33264112973337
17551,45.03784084785124
17552,45.28649648692479
17557,19.112587790187487
17558,25.70586316030586
17559,29.321905851419757
17560,30.243702887811555
17561,32.899108085739414
17562,35.20890104981925
17563,37.39415563208641
17564,39.64313589221803
17565,40.51820255865645
17566,42.334006679746246
17567,43.914601216104636
17568,45.705772043565695
17653,9.872990609060576
17654,12.000692912258659
17655,16.269486378863782
17656,18.283727588307556
17657,19.121036294304893
17658,20.224845790022815
17659,24.980440920973372
17660,25.298097417334787
17661,27.005917339409798
17662,30.12463005894596
17663,33.76318668683761
17664,37.610104837753745
17681,29.79803369858032
17682,31.22462250064803
17683,35.45762014626957
17684,38.091634051378406
17685,40.921076510670225
17722,10.700622351897534
17723,17.18868828110717
17724,17.498260785290718
17725,18.72638418479867
17726,24.94635803204506
17727,25.362396130826916
17728,27.57554841873996
17729,33.55360636762479
17730,29.23902484490906
17731,32.77719585042729
17732,35.858633142909206
17733,36.58420385179238
17765,3.955715361471116
17766,9.279458834939327
17767,11.498951287928882
17768,14.904876512322492
17769,18.796251233644618
17770,18.31239149197872
17771,23.69210772453265
17772,29.195174557316413
17773,28.944513309224817
17774,32.42862526215688
17775,30.804509466791153
17776,31.864295091705625
17797,29.524811854195104
17798,35.203285154205766
17799,37.34240443530668
17800,42.145425902282796
17847,31.227365731795576
17848,35.60634350397021
17849,39.6875626462144
17850,42.18399684353784
17851,43.348248047933765
17852,45.088426289018344
17853,47.104597741548965
17854,51.89107388723681
17855,53.36199297947746
17882,28.248430504614866
17883,29.062026677171577
17884,33.97123747333196
17885,36.678253371562725
17886,41.148940499032996
17936,11.699082962919862
17937,16.316292252479847
17938,20.567342995700876
17939,20.879192769555754
17940,26.079918715755035
17951,26.595573067576698
17952,31.491981397609294
17953,33.13214245587679
17954,37.68852882854972
17955,41.19036890973759
17956,43.63212927026706
17957,43.462715420112055
17958,46.628121131794956
17959,46.26627982729862
17960,49.28868961751787
17961,50.15819262010418
17987,31.626669236621805
17988,36.3557815524785
17989,38.765537079774724
17990,43.069816835224486
17991,46.75016996875924
17997,30.977975584893702
17998,35.20674632750892
17999,39.35564850720268
18000,42.80504296997502
18001,44.184597489923505
18002,47.21328644148481
18003,50.9438813660114
18004,50.17408913377375
18005,51.63911508727154
18006,54.8914958048801
18007,55.66703034101049
18008,57.103613767575105
18096,21.07509821293207
18097,23.828568982539224
18098,27.200327458390223
18099,29.078216756938012
18100,31.004708106787646
18101,32.41825914165122
18102,2.7241862789340563
18103,3.7961961536189577
18104,8.025284847197726
18105,8.028016872503393
18106,10.788966704602563
18107,13.625588135581093
18108,15.790418633478485
18109,16.617935263849837
18110,20.725166166964524
18111,19.02207985281606
18112,30.900264175826113
18113,31.865098069986193
18124,14.420978996173696
18125,21.506585656896103
18126,21.261467380746257
18127,26.97989271642719
18128,28.33070566324672
18129,31.087470098339907
18130,33.985402707606546
18131,36.043841762086394
18132,38.53625838042774
18133,40.35391390488891
18134,41.85739014094804
18135,43.1419835604457
18184,1.5225557377539132
18185,6.3360246256740895
18186,6.111578486359867
18187,6.03263133264573
18188,11.364521454422908
18189,11.623370270453098
18190,14.629451141047515
18191,23.924149681071828
18192,25.256492914266623
18193,25.13581606476205
18194,26.28027569179731
18195,31.31742642227936
18221,35.77276313924547
18222,38.76488871448782
18223,39.26694696483429
18224,49.004650532028684
18321,14.799462258541118
18322,17.160416237202625
18323,27.86469720371295
18324,22.291486627383918
18325,26.99053276823298
18326,27.78572719308992
18327,30.150965899383888
18328,32.919486878760694
18329,35.5059405708957
18330,37.017878710971836
18331,39.655529898766645
18332,41.031947135912105
18391,31.108612731219058
18392,30.17465897502258
18393,30.573909592372633
18394,35.790369122944504
18395,33.75618752868019
18396,36.8617994503782
18397,18.08258640381209
18398,24.453117861402287
18399,26.604137353251012
18400,25.695959974675187
18401,27.216013634815354
18402,33.3716807201314
18403,34.43891296347004
18404,41.70035826251773
18405,44.490171330913924
18406,43.692436579715746
18407,45.177893609320506
18408,49.08474407813688
18479,2.6215503652383605
18480,3.653831921528277
18481,9.017764121755665
18482,9.33363901024131
18483,11.406620541256435
18484,14.61081627554073
18485,16.07165577069258
18486,21.30965971101963
18487,21.124125015205102
18488,23.98490122104858
18489,26.984040672403353
18490,28.51711250879033
18566,15.370087124284058
18567,18.147874293337786
18568,22.179187483375802
18569,25.749664572881684
18570,34.47906553296489
18571,34.410665681451626
18572,36.09005033370725
18573,39.087240154415085
18574,39.938562072908525
18575,42.32114654651336
18576,46.676429046909476
18577,47.74299720439493
18578,50.90447491415786
18579,52.82964038213253
18580,56.03303890452199
18581,56.17695238146586
18653,39.214716168612384
18654,44.618009114527474
18655,45.42392360860015
18656,52.66474557218508
18657,54.84123417193663
18658,57.34655116315569
18659,61.97586891925037
18660,63.98545285210595
18661,64.6655436815664
18662,65.34226620786146
18663,66.74743312826112
18664,67.42916447080353
18665,24.694111122289467
18666,30.469291635585815
18667,31.36715838803895
18668,34.793308520751175
18669,9.259156375118662
18670,11.416059242373372
18671,15.292441326068438
18672,15.332024828650646
18673,17.628848672263462
18674,19.20239019546893
18757,21.383711402273363
18758,28.559307836450074
18759,35.46229586058673
18760,33.89286534448055
18761,33.74204128244814
18780,19.51037598481114
18781,23.449221858959852
18782,28.366692178602825
18783,33.18386401382767
18816,14.412948690557208
18817,24.13006654899813
18818,19.540188610617083
18819,25.806575150822106
18841,34.26071330039642
18842,35.805852709013905
18843,35.50789203693946
18844,40.53921442831514
18845,42.382808834988055
18846,40.73611549604543
18873,37.36830393892598
18874,47.35769971207422
18875,49.91319284045602
18876,53.98298269135818
18947,26.573979635248577
18948,25.4674730108865
18949,27.834784121454465
18950,29.7950140771666
18951,29.442474153171702
18952,30.88174397074595
18953,35.01308878418278
18954,36.11594364374667
18955,39.06020819050607
18956,41.262974530596445
18957,42.95651231842754
18958,45.51446581312765
18979,32.417143366054106
18980,38.969609470396406
18981,35.78815594012433
18982,38.315002658552395
18983,39.128983928996135
18984,40.722332788831885
18985,44.63955174951022
18986,46.69475638104262
18987,48.202869976985895
18988,50.038888286914236
18989,53.01197792605138
18990,54.0898000228639
18991,16.222984439261523
18992,23.096768646879795
18993,23.814183203680326
18994,28.086424998525338
18995,27.97591917938037
18996,28.918970566605108
18997,30.327631887072506
18998,35.470566348120485
18999,41.16074233677499
19000,41.391373361322174
19001,43.892439557574626
19002,47.80387234952932
19003,49.2136550959545
19004,50.941416253654694
19005,52.86685905560379
19006,55.73945746093698
19007,56.27371402937905
19008,58.527697184519695
19105,2.584087474169866
19106,7.348369181123947
19107,6.568575484256127
19108,9.779272422388086
19109,13.381543871706773
19110,14.109010573610147
19111,18.3778400801301
19112,24.160177136392633
19113,24.988126913742267
19114,26.45617603716134
19115,29.13155277559954
19116,29.48699813962156
19259,52.19987720312112
19260,48.061103614371376
19261,50.41797514944603
19262,54.821545172515435
19263,57.57357272139282
19264,58.260398511629305
19265,58.86038550760726
19266,58.735763878767415
19278,33.645483359830294
19279,33.85154309495717
19280,36.336798353195505
19281,40.441666827946364
19312,21.92451617982737
19313,26.879801692775953
19314,28.681449836612703
19315,31.046221936381205
19350,46.81459774762763
19351,48.06258569857284
19352,49.717511930160775
19353,54.05208054936201
19368,26.41852491451379
19369,27.758095078937576
19370,32.022309308346266
19371,36.77686466971436
19372,37.97596137259648
19373,40.58200325562506
19374,41.69030725108565
19375,44.61871175507196
19376,45.43927886752339
19377,47.40004444761184
19378,49.27408643075997
19379,52.822481652855096
19397,15.5877381376736
19398,14.502182409989837
19399,16.294670261248182
19400,19.784860245855175
19430,17.332539798537848
19431,16.174152918331593
19432,18.98481480974969
19433,31.975860251281294
19434,29.977071106150564
19435,28.784236702383783
19436,29.484922284541923
19437,30.4842368868198
19438,32.386601730176515
19439,34.811115501788386
19440,35.10431813868424
19441,37.20800076795515
19454,16.465870684337148
19455,17.671962409987312
19456,26.675532695097633
19457,26.954558238741487
19458,29.492499629570045
19459,29.871868789557432
19460,35.10907137594068
19461,34.8500417592155
19462,38.043397565408696
19463,40.520489947273894
19501,29.70793220972432
19502,33.03861959629374
19503,36.722378150950064
19504,41.108276901270024
19505,41.59472306189444
19506,44.36022519223535
19507,46.62476631012083
19508,47.821314143299944
19509,49.42248950384927
19510,52.52768367330002
19511,52.55759807414736
19512,53.545992927482025
19566,3.009186841014281
19567,5.126546227088617
19568,7.183239272753642
19569,9.34735762767803
19570,13.662195587503867
19571,16.29771227437946
19572,18.029713929486334
19573,18.431732844210003
19574,18.226823606231367
19575,24.96794281995115
19576,26.444813530335562
19577,28.81842075893645
19590,8.134202737091961
19591,8.308928333513267
19592,9.10375416951119
19593,11.265704789813444
19687,17.530021554223488
19688,19.027563201985835
19689,22.15150291336435
19690,26.141108041077132
19691,27.9182881528292
19692,31.502759679396547
19693,32.19395224353362
19694,35.19099474216302
19695,35.975711051331366
19696,39.491470812366444
19697,43.77515492855016
19698,44.61938355054196
19759,46.10155456474231
19760,38.56872866320012
19761,41.993609698192316
19762,45.11226994813782
19775,44.00143029055151
19776,46.61000635377676
19777,48.542646892558906
19778,49.86151692096544
19914,6.735055306709147
19915,7.040464910168516
19916,11.09686267162452
19917,15.907904845358523
19926,27.46073560986772
19927,33.74696593096999
19928,39.92870228609582
19929,38.34125488861292
19930,40.45203713898115
19931,42.74291095799909
19932,45.82561916519749
19933,46.9743548893271
19934,49.59741145914613
19935,50.89605558505689
19936,50.821406615027385
19937,53.08673294147107
20000,24.797136436940768
20001,31.61963005847658
20002,31.533843673825643
20003,37.96128324066187
20004,38.26414701914779
20005,41.15261020778897
20006,43.08844315331582
20007,45.23885462324303
20008,46.86656365398448
20009,49.325985739992284
20010,50.177066803907074
20011,51.64927101167912
20012,5.5033554157762845
20013,6.507240102918182
20014,11.83860432183887
20015,12.68409574560364
20016,14.983682586128108
20017,19.512283492843665
20018,18.14093795110299
20019,24.126574295959422
20020,25.588907618739583
20021,27.02201266036896
20068,22.278683827481828
20069,31.51359171883327
20070,31.025225797815988
20071,36.716886650041864
20072,36.81842033931337
20073,36.28829682595236
20095,15.82538551783476
20096,20.041418594996227
20097,28.62238591788834
20098,25.243720200826093
20147,35.42747308489654
20148,44.53530676399657
20149,44.69870526324312
20150,46.01056845837584
20151,50.574543783871356
20164,24.510752670877835
20165,20.047375083237604
20166,22.18031353492183
20167,27.014761270628096
20168,30.001075270612287
20169,30.900548095024128
20170,31.29097812290916
20171,35.01819128262006
20172,35.65899915144235
20173,39.58537716974701
20174,42.65851750727521
20175,43.21841412018622
20245,5.947504190082722
20246,8.338639786196648
20247,11.299720648202912
20248,12.866633950731533
20249,12.882745832703709
20250,14.258137957878864
20251,17.225332344369388
20252,17.493811726956835
20253,19.684905486049768
20254,22.042523272387708
20255,22.850372609270906
20256,23.210895840403772
20285,18.32475764065246
20286,20.10810785944734
20287,22.199998708056043
20288,30.264922407444324
20289,29.74316105168169
20310,9.96863126101878
20311,13.153061729096766
20312,15.88555926666032
20313,16.093272604796944
20343,4.736443285659171
20344,5.640117583860907
20345,6.285371517593773
20346,8.572221492372597
20437,1.1478345071687905
20438,1.3858225496661454
20439,1.8160937625435305
20440,2.244964278599003
20441,8.10391004799694
20442,12.846428955287083
20447,0.5108116001792988
20448,0.8206694730805558
20449,2.7269439762913175
20450,7.348055762942079
20507,9.155150772980885
20508,9.5056597108696
20509,11.660413987590573
20510,12.619826522927285
20557,30.75296513720628
20558,24.940489478385935
20559,26.258451238527183
20560,38.46279051505137
20561,36.7480245518032
20562,44.006417033862476
20563,45.34972766718801
20611,42.29909556439283
20612,33.751966606318824
20613,37.492523533573475
20614,39.872026837627885
20615,42.69989629771288
20616,44.641538755676365
20738,19.7459039450596
20739,24.027017172100592
20740,26.2484634751124
20741,25.628060576018072
20762,18.4413364676161
20763,24.70982450989834
20764,23.845400939077173
20765,22.215258477398297
20766,27.382539810071826
20767,28.316489455723
20768,30.166022075868927
20769,34.97983002702416
20770,33.56642929825577
20771,36.39747996055117
20772,38.639329034065995
20773,41.262402595297736
20790,47.76972426546663
20791,53.36783263438028
20792,58.831727942381335
20793,60.81848131332097
20888,6.820696584195773
20889,14.716367482324028
20890,17.839151543896346
20891,16.166625934594546
20892,46.84929270103381
20893,50.81306859687907
20894,56.78959746768897
20895,56.91829653310638
20900,14.73827910888436
20901,18.05656692008554
20902,22.719853047913706
20903,27.77904821159748
20904,27.396824383960787
20905,30.221684981789526
20906,37.91490044359542
20907,32.91071020092831
20908,36.44903737847932
20909,39.34046683551909
20953,12.69637972344508
20954,14.324638300531298
20955,18.727981913434835
20956,23.019106860348277
20957,26.51830269750433
20982,28.513727365819825
20983,35.469322676667524
20984,37.606519645603846
20985,41.77047272756093
20990,20.069772043460887
20991,28.258622818668517
20992,27.30229756940588
20993,30.511906375619475
20999,50.93987799724483
21000,46.17272356819824
21001,49.56730258046473
21002,56.55336122527477
21007,20.895508512128917
21008,24.94924194996997
21009,27.988322735282974
21010,30.33603570227893
21047,32.594825098235674
21048,29.869277058369445
21049,32.31891114256764
21050,36.79043063920033
21051,38.719839501021866
21052,38.5234589090602
21053,40.53915242312786
21054,4.9792125554354
21055,6.805256727230544
21056,10.176417564335283
21057,12.398830829364913
21058,16.318156294476324
21059,17.94187386904373
21060,20.543102866720286
21061,20.275382084134776
21089,44.678922101806684
21090,47.717048333225485
21091,52.96915335697474
21092,56.379989790195175
21093,57.9147062351435
21094,61.10252269574869
21095,60.98588547693343
21122,8.621205645367533
21123,18.153737701978322
21124,17.05646498800908
21125,16.156250801094806
21126,17.649698852728072
21127,25.060110198933245
21128,25.523270314413235
21129,26.087958628049954
21130,25.937451707694347
21131,26.81336605764129
21132,28.853589142891078
21133,30.759307670279266
21189,22.886080531167938
21190,24.282647125122452
21191,26.398058089546037
21192,41.749963789936984
21193,41.88434117251508
21194,45.30468789695742
21195,48.586942332847855
21196,49.14559231387007
21197,50.0184180069593
21198,51.26643564396089
21199,52.55176730299577
21200,52.79500450245657
21234,26.979190118676932
21235,30.429028301338555
21236,34.4234378916775
21237,37.62772450398569
21238,39.79079969192705
21239,41.297665595613026
21240,43.40687417236326
21241,45.813297955762415
21242,48.72631892460547
21243,49.51808633325685
21244,50.99282797200253
21245,54.08929720647654
21246,25.34319314322109
21247,22.5894236853231
21248,22.993772569919937
21249,23.850615681529646
21250,27.834896499269554
21251,28.127429630267535
21252,29.115655375674873
21253,30.204506098051954
21254,32.32986808835497
21321,37.803345594912486
21322,33.1011247815508
21323,35.22419348935111
21324,42.42179365633056
21325,47.93324548955516
21326,49.586989832054144
21327,51.985679255284
21328,54.73357572477538
21329,55.53442784123791
21330,56.24795596490566
21331,57.96453351231785
21332,58.67108605269156
21421,26.81187419169968
21422,25.52043650259184
21423,32.906585657087874
21424,34.165706585909774
21469,22.94723431066138
21470,23.690812920870737
21471,30.053990429165914
21472,33.131214554724146
21473,35.36387091381988
21474,40.1811928779565
21475,40.26847624767837
21476,44.486140593974774
21477,47.44920008521817
21478,49.11746127029024
21491,27.429052996868748
21492,32.01707697371196
21493,34.12130876377755
21494,37.74287152535127
21495,37.763328513751006
21496,41.31209301828047
21497,43.2153058413117
21498,45.883112437080186
21499,50.799305195602805
21500,49.705966372187746
21501,52.607217436963694
21502,54.973438436429355
21553,37.659146721499084
21554,38.579251661965785
21555,43.53325361957125
21556,48.60827758394886
21557,50.9376747644052
21558,53.51924242604466
21559,56.011834337378495
21560,59.2366422024298
21605,60.07800621158324
21606,61.499929149822066
21607,61.155072380624816
21608,60.20138020649296
21609,65.45102035306829
21610,66.56629998603456
21611,68.59818461782783
21686,22.04549929194076
21687,29.552996148008198
21688,30.103966773260176
21689,34.10225786532226
21690,32.231005113795604
21691,36.78527570095972
21692,42.296551032877716
21693,47.09118940180662
21694,49.34355377475516
21695,51.03468215578545
21696,54.57444166917748
21697,54.46253450122524
21698,56.93229234327565
21699,57.716542040258396
21700,60.14764570108137
21701,59.050650975326356
21735,15.577464245944485
21736,17.28616952644587
21737,21.90530088717167
21738,24.30193431740919
21739,26.41507676018341
21740,26.759784249893986
21741,27.61303147989085
21742,29.2798653311407
21743,31.629361199048937
21744,34.70131564873227
21745,36.52710820009382
21746,40.40706289909221
21840,27.96469418203073
21841,29.8761904050203
21842,33.890171063383015
21843,38.56498731272347
21844,41.98783054524777
21845,46.397365134056265
21875,9.495592255224384
21876,11.295945986885636
21877,12.795991066720488
21878,17.140960551017866
21879,15.625618569003267
21880,18.361424900652178
21891,16.41421736652264
21892,21.563303022959335
21893,26.576109783640657
21894,29.3870177060728
21934,31.215107170286263
21935,30.701719679649962
21936,32.931711995045866
21937,34.453399702884894
21938,39.82902750469518
21939,39.8901276450848
21940,41.4184087402301
21941,43.45620060480597
21942,46.178738132496385
21943,47.79734754242678
21944,49.5304191448082
21945,53.10967588196353
22029,59.65111849201573
22030,64.88128368600151
22031,67.38820668214176
22032,67.1338444508966
22033,69.43173797395347
22034,70.40544851355806
22208,38.20221974556665
22209,31.73753744506586
22210,32.514105648362715
22211,37.57321686577574
22212,40.93468403877705
22213,42.550198925632735
22214,46.888153892076616
22215,47.380191610892425
22216,47.07984259144974
22217,54.12884302217046
22218,18.358937362897645
22219,21.17360554854912
22220,24.460521529581246
22221,27.954263381673442
22222,33.22202275446129
22223,33.95737618653126
22224,38.43787699671513
22225,44.53745838086322
22226,45.576622072543046
22227,46.10993758693403
22244,31.311181813250382
22245,41.14892388787133
22246,39.213106914558146
22247,45.82225089649453
22248,36.04492439471145
22249,42.6562900688298
22250,41.98296340365922
22251,43.36632507934302
22252,47.07786652526353
22253,49.612856079040135
22254,51.77621401619433
22255,54.26702762471401
22256,56.598418591105464
22257,57.0149225305599
22258,59.17339987698514
22259,61.101004231517
22296,0.6302562513636352
22297,1.4033595506371959
22298,2.0045958804632913
22299,4.4160161047162
22300,4.6388676195499015
22301,8.175219842604985
22302,11.798835832178757
22430,32.939574823794494
22431,45.289517527269744
22432,45.84077376974592
22433,46.78913867464246
22450,11.088661947482382
22451,12.762808063515447
22452,13.95482891834315
22453,17.322147040688126
22454,19.227921216743518
22455,26.543679557805323
22456,26.383973892768168
22457,28.573834887129312
22458,28.953389651490745
22459,30.247345246750292
22460,33.44028511957448
22484,42.80258101439458
22485,43.552342700651835
22486,43.54837701582044
22487,49.735950847967445
22488,53.39057303442712
22489,57.26303294804475
22494,20.775532588634924
22495,21.837507905034414
22496,24.42870257960151
22497,28.853128770899037
22498,31.899903494676224
22499,36.9007345910279
22500,36.82528478271347
22501,38.98446764015149
22502,40.94753797139633
22503,43.032389657904695
22504,45.21467333976102
22505,46.48002870605447
22518,10.54786644730518
22519,14.200702545481423
22520,18.096123842566683
22521,22.579306017909925
22522,26.062884491707106
22523,26.70549237977319
22524,29.604457361014276
22525,33.00877324602113
22526,35.49251565089802
22527,37.628539550931386
22528,38.980515914511656
22529,40.08525477545399
22681,11.582860180929787
22682,12.657465377992013
22683,16.820937806267104
22684,20.78341620933187
22685,24.80721235047214
22686,0.6519329312797338
22687,2.7935011307541497
22688,4.409019903711171
22689,6.391333020802754
22690,5.957422101635679
22691,11.864413478600019
22692,12.334100731706176
22693,16.5185407485303
22694,18.990186401985607
22695,22.03531734274043
22696,29.105507084838663
22723,31.54480394309345
22724,38.216395531652005
22725,42.12127381721074
22726,50.06769086292878
22727,51.14008903731185
22770,40.90521856396127
22771,41.233041491131196
22772,46.93084076093773
22773,48.4651258512409
22774,53.598012473677734
22775,56.170553587591556
22780,29.19189193601704
22781,31.264541948883828
22782,35.76964888888454
22783,39.135702620516405
22784,41.850398552010745
22785,45.18008600540023
22786,45.237290915615105
22787,49.66014829162923
22788,53.931089319691516
22789,56.504342056715295
22790,56.69093631308055
22791,56.365024959589334
22792,49.192599595733455
22793,45.85665770200905
22794,53.635733575241005
22795,50.77574088476321
22796,53.99718945696506
22797,58.416195091093144
22798,58.85842516271039
22799,59.448537066494495
22800,60.11965392007102
22801,63.34938821061632
22802,66.38763895149323
22803,66.83775770715657
22839,29.273799220010247
22840,31.07609353322536
22841,31.58870918332477
22842,34.811102997825635
22843,36.21064619206922
22844,40.62244603367109
22845,43.3140664690464
22846,47.04859756697217
22847,46.93175574226422
22848,50.08965828605006
22849,50.6041700221968
22857,20.56343014325373
22858,26.117949898017574
22859,29.43034219042635
22860,30.486225202338844
22874,18.00423372038639
22875,27.306069243517552
22876,27.778581895334664
22877,27.709984848113862
22878,35.36033688740896
22879,30.514074927789146
22888,44.545111459728524
22889,48.93432155732847
22890,57.163083921107415
22891,58.93692977661989
22892,60.332176944417824
22893,62.15086825316196
22894,65.65952636564784
22895,67.36959003029527
22896,68.60501816186729
22912,46.87661654031886
22913,56.48801260733586
22914,56.87460862961323
22915,62.13064598175861
22916,62.99691446985189
22917,64.77844123195331
22918,66.54894435480134
22919,68.26643997859385
22920,69.04971868686211
22921,69.83311326204914
22922,71.17095287379526
22923,72.53352906263503
22964,35.237403120839296
22965,41.305111139942454
22966,41.22932178743892
22967,43.74396156954238
22968,44.79447030363386
22985,36.04904458311165
22986,41.33555607914847
22987,43.47221529115167
22988,50.59090277401892
23022,18.357185578059813
23023,25.306047496619932
23024,24.69165106220705
23025,36.65302681274857
23026,39.24278541974064
23027,41.6689515828978
23028,33.920648002064304
23029,38.08792712520948
23030,40.40831992734586
23031,44.131086160359644
23032,47.742244381254146
23033,52.68094365947238
23034,54.024966364507975
23035,55.93537155887478
23036,57.016425798248264
23037,57.08184574614758
23038,59.847803684193444
23112,11.78962495997387
23113,11.058613343184977
23114,14.977130421051474
23115,17.791513054912816
23144,25.30275152494421
23145,32.126724580323874
23146,31.918966427948646
23147,35.15890312352118
23148,35.77990595441006
23149,39.97037373857083
23150,41.786296702465606
23151,46.90038204954741
23152,46.793091113649325
23153,55.63396380807419
23154,52.293171654657904
23155,54.46328156813568
23178,31.796199978203145
23179,34.39482259371325
23180,45.67551042698596
23181,44.87051730477417
23182,45.636414902054575
23183,8.458540488612744
23184,7.58833167759909
23185,10.355349178846849
23186,13.085867922623127
23187,12.45934947892367
23188,14.66345172829345
23189,9.625220118202675
23190,15.674994828455931
23191,15.09755375655068
23192,18.599314318432217
23193,19.804193345917287
23194,20.090823234403484
23195,26.857086605233484
23196,28.269441152753707
23197,32.12326375550924
23198,35.89294723220871
23199,38.04003709415836
23200,38.89027777627126
23224,17.6649948665774
23225,26.628024473412733
23226,24.870658218726074
23227,26.197742958353945
23261,34.22389361452186
23262,38.35989501406043
23263,45.082280519014695
23264,47.224616102975716
23265,50.4783223749223
23266,53.367754039599056
23267,55.142503334070966
23268,56.6099610568973
23269,57.879749035462574
23270,59.538291544438415
23271,61.842826893095264
23272,62.39774177886405
23301,4.2280312028668625
23302,5.3913948067934045
23303,9.70153072325082
23304,9.64261957750984
23305,13.98144631276508
23306,14.506025365112224
23307,16.626771142690583
23308,17.401026224676382
23309,19.344744439411258
23310,27.035966909751043
23311,28.445059747417304
23312,30.254030387059306
23313,32.228534275229855
23314,41.09884445597314
23315,39.13447643223834
23316,43.34842621367675
23317,46.92693451661066
23318,49.54301649043763
23319,50.07812929676665
23320,53.765465382542565
23321,53.886564800098434
23322,55.521174177389106
23323,56.125171738756954
23336,59.45504455333076
23337,62.90827932124339
23338,63.655387495812256
23339,65.57131868747508
23340,66.43046816593545
23341,67.96910055319606
23342,69.16644377780217
23343,72.24751485840437
23344,71.48292602382696
23345,74.13413430853421
23346,73.99405093906343
23347,76.85510634820194
23360,10.295165882960596
23361,13.440962943853302
23362,14.760989382710633
23363,17.861336567312783
23364,18.49819868254067
23365,19.64283998050314
23366,23.84650404566809
23367,25.13825713928425
23368,34.64025670636331
23369,36.28157978248548
23370,39.18887455737661
23381,17.833275968384008
23382,20.821876529199947
23383,28.89025017804043
23384,32.97848269062576
23385,29.07346311149772
23386,33.239111094548925
23387,32.020937093671066
23388,37.900733205545436
23389,34.81374338237399
23390,40.171791771901965
23391,42.50115963686851
23392,41.61452161177072
23442,48.02745310771191
23443,56.47704719149363
23444,60.1888127136514
23445,63.785285572868084
23506,18.395785900767436
23507,15.997897256479362
23508,20.690483150232158
23509,26.00717057625011
23510,28.897944698280284
23511,27.536235351926486
23512,29.841025827072777
23513,34.90545313686377
23514,33.494371010738746
23515,36.88246797314748
23516,40.743184049229725
23517,45.63745865995544
23552,17.260962076643704
23553,19.750564006331327
23554,27.24712808923551
23555,26.73188201974496
23556,28.268044633158006
23557,31.309293007491874
23558,31.520486090602144
23559,35.91014788870205
23560,37.98608510121167
23561,41.26868676769021
23562,43.66825322116263
23563,46.05841064051285
23564,55.63776579043726
23565,47.806799657038745
23566,47.46104348039054
23567,52.60852687052593
23568,54.43724337092893
23569,56.183279495950565
23570,58.911984860296094
23571,60.1682839660263
23572,62.33390830330899
23573,63.45187023218103
23574,65.60199306225468
23575,66.85265607655352
23604,17.348593128576614
23605,18.680933092011482
23606,19.976059083004706
23607,21.00436840679828
23608,28.012113235038694
23609,29.34337393925962
23614,30.301180559452675
23615,36.520190779780805
23616,38.95169227818163
23617,41.17187374199083
23618,46.960302794478025
23619,47.720197611718454
23620,48.29864976644802
23621,50.734861162112004
23622,55.016858177461664
23623,56.820894889154076
23624,56.81304234641196
23625,57.771052125257604
23655,46.0425629677489
23656,40.53203258547569
23657,40.271282316314625
23658,40.99232552587693
23659,44.03131001850034
23660,47.304784061129396
23661,50.194932129421986
23662,51.60429755398625
23663,54.7827225086152
23664,54.55768038796323
23665,56.531284094729074
23666,58.40552578790017
23667,25.93109271383008
23668,21.11649895903025
23669,23.46873725304786
23670,30.226984930361798
23671,31.738044095724796
23672,37.2587678984581
23673,39.11744431358434
23686,34.49828331916518
23687,30.68361726077286
23688,36.33684581326363
23689,35.16752365656851
23690,37.45681899568478
23691,40.983885410975766
23692,42.345793372123495
23693,46.32361694123747
23694,46.005968786352184
23695,50.85890177831695
23696,50.32902563770759
23697,52.61864491898757
23711,48.490343856716706
23712,53.8336716819391
23713,56.5226396097561
23714,58.63150491913133
23715,61.25833074692636
23716,64.79038031264297
23717,65.9709638453122
23718,69.20766895239827
23719,67.5018073023048
23720,69.65121730177849
23721,70.06595116433662
23722,68.91846485538656
23809,31.42341502648141
23810,43.35016938848083
23811,38.02401632735871
23812,41.49927098525619
23813,57.7156139078085
23814,43.34897873393813
23815,49.219541249491435
23816,52.2259769509794
23817,56.41057968478125
23818,55.847780284907344
23845,34.03326211424913
23846,38.510697342644775
23847,39.13820974548631
23848,43.78873944568471
23849,45.34160198336095
23850,46.722585337450305
23851,48.39446291170578
23852,51.89098971422039
23853,57.10795510952877
23854,59.084175361168796
23855,57.80717750717687
23856,61.75081081616771
23890,24.327312385491407
23891,27.365323987158547
23892,29.85078451053342
23893,36.861588738580764
23894,35.56092672286989
23895,42.03235906234167
23896,47.05636243817045
23897,46.46200030005178
23898,48.565931618847095
23899,52.15865027171759
23900,53.740165765928865
23901,57.80844924419765
23946,42.68584687032417
23947,36.180917257319976
23948,40.107374192661304
23949,42.29740367278752
23950,44.17507712874302
23951,46.771618450046326
23952,47.713944698140004
23953,49.028405117788104
23954,54.230408971152286
23955,54.40879991917656
23956,54.18991576689399
23957,57.53622236876305
23958,15.923087888741822
23959,18.585611829076274
23960,24.15686523536457
23961,26.545835125566292
23962,27.339186188063007
23963,34.86600547476458
23964,36.49875674839153
23965,37.810199946100774
23978,18.00953892818388
23979,22.8661009619777
23980,28.59734753173915
23981,30.795394112984198
23982,32.123841325454514
23983,40.14191608192973
23988,19.36601438189032
23989,27.269703858087762
23990,30.309955346075867
23991,33.75356448451226
23992,35.10694147290186
23993,38.12720448231975
23994,39.88359749100596
23995,42.720405889172085
23996,45.02089592077038
23997,45.5219059215204
23998,48.45334350362162
23999,49.1735406871735
24034,18.15406334056745
24035,25.384226056149377
24036,27.482444808639496
24037,26.811352131379188
24047,23.77623977955389
24048,22.678279024670957
24049,27.733139005951628
24050,29.252049547599263
24051,30.570904574736915
24052,34.16937981858155
24053,32.343545258520145
24054,35.51754709681027
24055,38.87053066163222
24056,42.84247607931761
24057,44.12633450489527
24058,46.59104051160651
24147,20.37591626829468
24148,27.55823025078594
24149,30.54397391283513
24150,33.675269452800265
24151,38.17325093954817
24152,38.85362400124716
24153,37.56743241486687
24154,38.83759445248002
24155,43.64182649163282
24172,25.647181201068392
24173,28.807260473146243
24174,31.4752289161931
24175,33.823836860973195
24176,34.471878645858695
24177,39.93318216156485
24178,39.52871322684165
24179,40.762770070219794
24180,44.743714547849734
24181,47.12544914454965
24182,48.22918262799433
24183,49.22138864412229
24184,22.99159841498819
24185,28.786180676997073
24186,39.035702464911815
24187,33.334519364403995
24188,38.84242024542594
24189,42.54324818034496
24190,41.12707271962787
24191,43.54703710995694
24192,48.77292577590436
24193,49.86875314230556
24194,54.42219275391083
24195,54.568539224631515
24201,8.629228994726565
24202,11.674773661314513
24203,12.839753459804617
24204,18.560922400501806
24224,27.872029935393865
24225,37.75016218975192
24226,37.48922553265882
24227,42.38168438671704
24228,45.969839871022785
24229,46.97414709935182
24230,48.22733404141354
24231,51.276980015502204
24232,51.37720789975137
24233,52.53112425501092
24248,9.34746104130579
24249,19.922282131254473
24250,15.621149388760351
24251,17.54019663434104
24252,26.14502383278706
24253,27.968670391102027
24254,35.65238613206337
24255,31.082805518969383
24256,34.73984038049647
24257,39.360444510843514
24258,42.14910265253751
24259,43.718892331406266
24260,46.21727849770865
24261,49.62393709000175
24262,51.75757907360562
24263,52.72680240053623
24264,53.70020643740258
24265,55.010624108122656
24266,58.08910393236229
24303,10.837507728185637
24304,10.88252590218769
24305,16.139201557174317
24306,17.456822651082447
24307,20.610854508179216
24308,19.85244257556601
24309,26.513496639053503
24310,28.25745754239375
24311,33.84698593759799
24312,33.86104795624328
24313,37.44916980394104
24314,39.12282740423764
24315,40.21970079406929
24316,44.810143193935986
24317,46.80137165750477
24318,51.683085304831096
24319,56.3968105437038
24320,54.82304860255461
24321,56.312217020020434
24322,13.877848945247267
24323,20.77289203853661
24324,23.922835607919666
24325,28.24574690358277
24326,29.27088895438718
24327,29.624781577887358
24328,35.23027326835189
24329,35.004925608719155
24330,32.61648085404862
24331,38.36437739876919
24332,39.24765202678958
24333,44.40364805132111
24334,45.8771684886953
24370,17.09920098362512
24371,18.85853590309577
24372,20.32138158460637
24373,25.44403227557629
24392,30.511336760428954
24393,35.825871096241
24394,38.234154018787976
24395,41.89106157534893
24436,25.80118163527258
24437,37.26948077106131
24438,31.062520945301387
24439,37.44368856686895
24456,29.188147293500506
24457,34.380231573004345
24458,42.96140155088327
24459,42.72387590486088
24492,25.14637328741835
24493,34.01419862573428
24494,34.14946596584582
24495,38.281945639570296
24496,41.441342444579924
24657,46.82518305493956
24658,49.44891208727701
24659,49.33772957367026
24660,52.986159617722
24750,15.520895853611982
24751,20.02382426181708
24752,18.548279500269548
24753,25.32199039719294
24754,21.29586526042854
24755,26.72166101578055
24756,27.31506790257851
24829,15.97688546382936
24830,18.860205165604157
24831,19.31805135813165
24832,25.486961879319693
24833,19.330809646824285
24834,25.21432081385699
24835,25.188189876865117
24836,28.568871166078164
24837,30.175991115589188
24838,31.17337256370306
24839,32.82598278581799
24840,36.920869415014955
24841,38.71226183155265
24939,27.583249972144603
24940,30.447615663465363
24941,32.401865230986225
24942,37.80412152944951
24943,35.39990800053699
24944,37.82908852397331
24945,40.020426055672985
24946,42.78467076908376
24947,43.055455456913585
24948,45.39580252382966
24949,48.05490307304501
24950,48.99253332223067
24989,26.429508589544163
24990,33.62574558181108
24991,32.38182478938638
24992,36.725148142335684
24993,38.66701390547881
24994,39.6750319881159
24995,41.90781673629025
24996,46.15919545629565
24997,48.0644459617918
24998,50.69235551017918
24999,52.75138762898589
25000,55.12124119454638
25076,60.98503190878531
25077,62.85694694544745
25078,62.712964320981904
25079,63.736230077836645
25080,65.45258887336544
25081,66.63099928928844
25082,68.15645802664898
25083,70.33032643450929
25084,69.56271501815597
25085,71.25837074583073
25086,72.16492111397082
25087,72.48012363250618
25144,44.910948745217205
25145,44.60834702285174
25146,49.45986416121278
25147,51.44507170880948
25148,54.11647478608669
25149,55.26577905610501
25150,57.1124893668373
25151,58.18956618162646
25152,61.69380128329959
25153,64.23856479867634
25154,65.15622895049133
25155,66.14644706952826
25182,30.35888306582258
25183,33.72550435745915
25184,35.448938712719354
25185,36.98313853745002
25186,38.43592361789968
25187,40.192728167775314
25200,31.69961530489148
25201,40.595695735415
25202,45.2245106461678
25203,51.26570121678139
25204,50.43813138181788
25205,51.68257451035331
25206,14.599922463868033
25207,13.105796882684245
25208,18.4583915896256
25209,19.646403008719922
25210,21.043994432092198
25211,26.64178224223136
25212,27.24940968528891
25213,27.808606941633535
25214,33.234913066506955
25215,34.075206228341266
25216,36.80321989546845
25217,39.99515970585616
25218,12.480899329135967
25219,15.558172372169487
25220,16.920932456654175
25221,19.14093743885348
25222,21.994798937203694
25223,20.284632667476416
25224,25.53810267076513
25225,27.91972701882723
25226,28.860905511020757
25279,0.5074134572342854
25280,0.8172713301355425
25281,2.4120977769249907
25282,5.357342657132932
25283,10.55027532591179
25284,10.693306006707804
25285,16.698510514031895
25286,16.777909002490883
25403,25.452734101069172
25404,24.310043035051496
25405,27.676782573463132
25406,30.330861153884964
25407,33.71285530330469
25565,25.19160826500083
25566,32.798766432552085
25567,32.83471406182503
25568,35.35932106047764
25569,38.251235443671035
25570,39.982220571324575
25571,42.59365672031971
25707,12.644864144112244
25708,16.695904797502415
25709,19.156455388572923
25710,20.25502356344155
25827,13.219752789484556
25828,13.775075164102262
25829,17.817051725239974
25830,19.074566424120263
25831,20.031880102479075
25832,21.32372981336775
25892,28.623168874862763
25893,33.22653180599518
25894,36.181005885385524
25895,40.05496098213526
25896,24.77674361908607
25897,25.873206332332877
25898,29.58708752299276
25899,31.752962551302716
25900,33.32062548235126
25901,35.68874187105016
25902,37.48737800996658
25903,39.84614812418092
25904,42.27320808853807
25905,46.000820370931685
25906,46.915866007474435
25907,48.358424414324034
25949,35.29294039306307
25950,36.05799556636699
25951,36.061856204436715
25952,37.070738786384766
25974,14.9958268995757
25975,17.932773003673802
25976,20.758106212433926
25977,24.376535080447013
26011,33.3057868079059
26012,37.62683454354926
26013,42.33364604867246
26014,50.574532860187816
26113,1.2495253364566257
26114,3.1591104160993018
26115,4.247646185928767
26116,6.212831256871691
26117,11.50309196213983
26118,16.116452826348617
26119,14.000473094256067
26120,17.80163722250948
26121,21.647499350958807
26122,21.20318460345841
26123,28.30991457135274
26124,29.830152168432438
26140,40.135583986750376
26141,46.33853475162658
26142,48.5137469234827
26143,53.78146831661695
26144,54.5952981117739
26145,56.22031101374882
26146,57.79829984174672
26147,61.003183405378735
26148,59.2998222659904
26149,60.61890777608906
26150,62.20913788879822
26241,46.2856714107559
26242,52.25600952435197
26243,49.91714455068903
26244,54.955076236031616
26245,57.16100618288922
26246,57.74159563026355
26247,61.03215802383718
26248,62.74661265604944
26249,63.128134641342484
26250,64.97164848784551
26251,66.46766199366172
26252,67.12042436264184
26289,14.204506836101919
26290,19.999188954096663
26291,19.508347076384336
26292,26.562961151380968
26293,27.268260756385107
26294,28.635560001015637
26295,30.08744185212418
26296,36.43641693631516
26297,36.70649147961713
26298,37.24772700764816
26299,39.70432109238583
26300,40.436295504872646
26315,34.0922272813567
26316,35.606396322659094
26317,40.05746576768171
26318,42.69266067091915
26319,44.45149504097371
26320,46.42796520848983
26321,50.58371602193019
26322,49.9139030835262
26323,53.85629840547683
26324,55.41741500026123
26325,56.058437754162796
26326,60.12424807892565
26455,32.4113041303832
26456,35.34708371056491
26457,40.17800776128331
26458,46.37421221164285
26459,22.548306378060047
26460,25.22286121937376
26461,27.438815401244597
26462,29.281709424864296
26463,34.161042622930125
26508,14.058721227409158
26509,18.65310656378486
26510,17.911867340114394
26511,21.241058458178454
26512,19.9855635436664
26513,24.619908313038376
26514,25.13477104143004
26515,27.929124393577112
26516,31.18682921873277
26517,29.134560516040402
26518,32.45436882397047
26519,33.97917984180082
26520,24.31567594344029
26521,33.73816278065837
26522,31.60933330005139
26523,33.491912359149815
26524,35.43386390451968
26525,37.61366152989127
26526,40.33554935606794
26527,43.03133124459838
26528,45.26318653108636
26529,47.31411730406118
26530,49.52258346430773
26531,52.4583544490035
26564,18.71416517954005
26565,24.50467100389301
26566,26.833413486166798
26567,25.543148385416032
26568,28.2016827682966
26569,29.416622802768096
26570,29.885959065845515
26571,34.12000495811203
26572,35.70720517076941
26573,37.92786728002047
26574,40.35419267722601
26575,42.577063573898144
26576,12.957116414481987
26577,39.568171612932055
26578,38.65319555850314
26579,42.158842535439724
26580,37.40351590385987
26581,45.54272114581901
26582,48.48165467905485
26583,45.93843727129682
26584,16.443184099333862
26585,18.46496001646739
26586,20.882549963778036
26587,23.525423910546785
26629,17.357027856942896
26630,17.457070653814586
26631,18.853364961350334
26632,19.446852254073455
26633,22.110112845881833
26634,27.893290605926957
26635,29.158111566650927
26636,33.7914208291309
26641,36.704082487366186
26642,46.12344447947673
26643,45.83063263208988
26644,49.102422209456336
26645,53.67445649723481
26704,20.550485379175687
26705,23.564099748770406
26706,24.870648622901566
26707,37.478800441563294
26708,41.28524811374737
26739,60.54277933657724
26740,64.01139717718975
26741,60.288325404248276
26742,64.72711879114539
26779,19.424289459761876
26780,23.7894336885615
26781,28.080420064937005
26782,31.226539652953225
26783,32.202289277326216
26784,37.74601437523972
26785,39.80551505282539
26786,41.70299723508054
26787,43.41043643047665
26788,45.313252344674176
26789,49.34953803840882
26790,51.52974153937007
26819,46.539023341450076
26820,55.142099260205114
26821,62.040711377401664
26822,62.508126062875654
26839,37.73476219889067
26840,37.707537677409746
26841,36.861949536412425
26842,40.00200407218303
26851,25.105557970775415
26852,29.56997389049532
26853,30.782316640265044
26854,36.4317804412693
26855,36.801818859470266
26856,38.97220829851778
26857,41.27041293588711
26858,43.38658177727982
26859,46.05892936331222
26860,46.079284976543235
26861,49.729433976538246
26862,51.82121540825719
26863,26.504250687581234
26864,27.271582253432634
26865,28.79516068174401
26866,29.479669133286897
26909,3.1813038052920457
26910,9.62993467459524
26911,11.625014583417126
26912,10.747303458421605
26913,13.720799685180886
26914,17.45643354480358
26915,15.912688099777043
26916,26.0570733717727
26917,27.023350705049133
26918,28.786729712868386
26919,31.77871937576924
26920,36.67455113813257
27006,32.475973601192976
27007,33.5066888353944
27008,40.05438191678352
27009,43.17006364533911
27028,14.677742329524092
27029,20.09350275702342
27030,25.714277272403766
27031,27.217245127407796
27047,28.512148745053903
27048,31.8849102010213
27049,37.343946923594906
27050,38.894571432770604
27051,40.815720522821074
27052,43.578279078570276
27053,45.40981771867379
27054,48.23568172459279
27125,55.3293164180472
27126,61.96797672835324
27127,55.533282395548206
27128,58.02766061444197
27129,17.486100730720608
27130,21.06187884785851
27131,26.592618067663
27132,27.90021787802752
27133,29.09867542999762
27134,30.290825932364562
27135,33.45993221369293
27136,35.67481622741251
27137,36.789847608342335
27138,41.87109030092004
27139,43.3278774275065
27140,44.963516906553764
27177,32.98495931206766
27178,33.7446859705047
27179,40.4212329163873
27180,41.517513782808045
27181,43.69065006058823
27182,44.846325656537275
27183,49.433416781640666
27184,51.84030403759175
27185,53.18980098494246
27186,53.160285581458034
27187,55.83720388535112
27188,57.38427984245358
27189,22.67929498830518
27190,31.16915744815945
27191,29.87869928576544
27192,31.681998366622015
27193,34.3181773824321
27253,19.313182730766687
27254,17.709739434871018
27255,20.330759671208014
27256,24.554624490584693
27257,25.361229524050103
27258,28.016908440610408
27259,29.07313860879354
27260,30.8346889685962
27261,21.44447347350603
27262,29.458414367210906
27263,36.89936837073557
27264,33.21594717428138
27285,38.20971411975486
27286,41.45651355821527
27287,41.80110620981473
27288,43.651530012012074
27289,45.92788172893399
27290,50.785447691212354
27291,53.97491807549652
27292,54.248683032518905
27293,54.99948200437883
27294,57.73441494116359
27295,57.28693012113506
27296,59.64159419277981
27349,22.82557680858526
27350,21.293768504710503
27351,26.4711813953273
27352,27.179542475322073
27353,34.56543281322547
27378,32.99684868896534
27379,38.859408525054164
27380,43.124161188367474
27381,48.59537052271524
27382,49.12090210468292
27383,51.50436020249128
27384,53.56170798802849
27385,55.70793742418658
27386,56.471603919732715
27387,61.37613396727604
27388,61.70796591282998
27393,38.34004996843175
27394,43.13832806703048
27395,42.57483064155869
27396,45.65726061646239
27397,47.160670098669584
27398,50.26125562791849
27399,50.45753598653026
27400,52.671840413335666
27401,54.918383142423586
27402,55.88257514950738
27403,56.61358112052277
27404,57.45173032244978
27425,25.527159145907845
27426,29.94408325143948
27427,34.174624518198
27428,36.81314991652178
27429,39.57231713869079
27430,44.73143062263431
27431,46.3972859531053
27432,46.22017009343
27433,21.840241904869174
27434,33.44742011900624
27435,30.654652665485937
27436,33.33841797876723
27437,35.1649835000072
27438,36.59274391124596
27439,38.604642210482396
27440,40.82414477262206
27441,41.2143966216426
27442,33.91189702908713
27443,43.84679706488728
27444,40.603558135339384
27445,44.87009413994167
27446,47.16089295176627
27447,46.35157380357521
27448,50.167246804094226
27449,52.17364891074093
27450,56.237229009785956
27451,56.736418985987584
27452,58.811142850493944
27453,61.69072639227469
27454,5.273950365099303
27455,10.662543514111047
27456,9.424902965113882
27457,11.1412327330182
27458,12.526904204372405
27459,14.399255011819683
27470,26.397215636003438
27471,28.0684712782961
27472,31.210242292095952
27473,33.3040593550459
27474,36.77940403725479
27475,37.329174529062456
27482,43.44877609296895
27483,56.35830022834781
27484,57.88622666360587
27485,59.5401834385587
27486,61.50600328995355
27487,64.20281671117172
27488,63.7354166892039
27489,65.33521032960498
27490,65.99914671508697
27491,67.0559709613359
27492,68.28600299586661
27493,69.69966629019535
27500,46.05668994840353
27501,52.7751430197425
27502,60.15725634819174
27503,63.19871383161932
27504,64.80098596329034
27578,28.651056408209783
27579,34.80951436611002
27580,41.94664874962823
27581,41.527294222315874
27582,42.87870204934115
27583,44.840002424357806
27584,45.89743372419244
27589,59.23459419808257
27590,58.70878065420861
27591,62.59753364161037
27592,61.67769312430163
27593,64.065452361089
27594,64.38693693451273
27595,65.87875934045536
27596,66.69043801964725
27597,66.25105688182357
27598,68.40517771535724
27599,68.30797848781745
27600,68.82991636148928
27719,21.47590029616634
27720,24.023962790439956
27721,30.084272344404948
27722,31.63304724558994
27723,31.20837696728577
27724,34.91912255583141
27725,37.63074070795539
27726,40.081960932949286
27727,42.44394384484815
27728,44.335450050499695
27729,46.018906829305735
27730,48.50446456739005
27795,45.36307579593253
27796,48.98096418636238
27797,55.98155597987622
27798,58.43346569009554
27799,58.6575469268267
27800,61.46943365764809
27801,64.41326688928834
27802,65.31908887755627
27803,65.39107036167236
27804,67.98645207271127
27805,68.33663175207987
27806,69.97417742881075
27807,23.84268283945563
27808,28.856672249453506
27809,31.093307228862617
27810,35.54307394961378
27811,35.221361887296624
27812,38.684006432534055
27813,40.19597650631782
27814,41.51959435030437
27815,47.77787952889402
27816,48.52234041113241
27817,49.70890231097196
27818,52.665464295427356
27848,13.538969322705741
27849,17.170114429855033
27850,19.26044591554344
27851,29.562152010001043
27852,36.523941846249706
27863,44.00695739815907
27864,49.269376574567026
27865,56.14630881543896
27866,57.02886929261054
27867,59.19763267503491
27868,60.08280337932083
27869,65.52426463879429
27870,67.03778994554689
27871,69.39377988448294
27872,70.03518958274107
27873,71.24585838309146
27874,71.81046275256014
27898,19.9674113646628
27899,31.124808427043785
27900,28.178192312823832
27901,32.898679441312886
27902,30.961490806648033
27903,31.959766818316535
27904,34.46142403083505
27905,38.396295468273365
27906,40.657418724623625
27907,42.9913794559273
27908,44.06107526163382
27909,46.37894095098108
27933,7.833277292217058
27934,9.236990520794393
27935,13.848059637273355
27936,16.55383956317888
27937,16.598583958565204
27938,21.32872952890528
27939,20.804958015584337
27940,26.686100752711088
27941,32.18907425215237
27942,33.00128190045816
27943,33.12174265033969
27944,36.31106389852374
27945,42.96366152698278
27946,54.936726422858676
27947,52.59568454624029
27948,57.275013148098026
27949,43.91610247376198
27950,49.059451151120776
27951,51.205294012367986
27952,54.780340551428075
27977,65.11386035678406
27978,58.950231764705556
27979,60.98414371854754
27980,64.59184397206624
27981,64.28884213864615
27982,66.89142302490527
27983,69.9220213841587
27984,71.73064940594966
27985,71.63612545242971
28002,42.57639893809426
28003,37.6025307969135
28004,41.34256332995968
28005,45.13405329957127
28006,48.008205631297216
28007,52.9706836712631
28008,53.864583839865716
28009,55.37587784682506
28010,56.867965384781684
28011,59.636085768004264
28012,59.39400354461032
28013,61.06145439731279
28037,41.862604418988916
28038,42.201217012738965
28039,48.89116601403124
28040,53.437439891936585
28041,57.68313551090774
28076,28.624278232929022
28077,33.42645873253056
28078,47.54953242919214
28079,47.842334523033095
28080,49.32489041519428
28081,51.32802926717658
28082,52.677170041824276
28083,55.52192520475622
28084,56.30345401654778
28085,56.678062884414146
28086,58.468558519984455
28087,58.34275635272163
28124,35.34377559139441
28125,34.89499291173599
28126,36.83118859425803
28127,40.58472199584773
28128,46.54947036734056
28129,49.491348661641126
28130,49.702213918666345
28131,53.05883925710685
28132,55.62834819888127
28133,55.661160802795514
28134,58.56000167595508
28135,57.85391881607647
28169,26.339236448827734
28170,30.329263940724275
28171,32.84909318713489
28172,35.89493443733635
28173,38.02565615915658
28174,20.821148817789176
28175,27.0416440104861
28176,37.97724792259819
28177,35.05151633545943
28178,39.86152913318752
28179,41.87081636318906
28180,43.18787804290341
28329,20.87211312071417
28330,28.26256385979138
28331,28.8474112544378
28332,33.09941011575655
28371,54.91245260619321
28372,59.38388401248317
28373,62.25593533619195
28374,63.13985354920933
28375,64.37884437621308
28376,65.0103735304068
28377,68.09356265672993
28378,70.13764281665912
28379,67.56466659887789
28380,69.02514050184233
28381,68.80504945774922
28382,70.91901014643773
28399,51.949014524429025
28400,50.89509593154427
28401,56.46811575973693
28402,58.743473529545874
28403,61.271425017300395
28404,63.442619700956016
28405,67.84766320982783
28488,49.40565470135602
28489,54.8764401265673
28490,61.079076694393706
28491,60.78151825131687
28594,26.775367349487766
28595,32.514242943541056
28596,32.9155621821486
28597,33.10908276569977
28598,37.105343975660276
28599,39.521021715932704
28600,42.34578136687702
28601,42.07515612249735
28602,46.56660567662652
28603,49.586771467915106
28604,50.36346033804203
28605,52.70778215564418
28618,23.772045877471687
28619,24.836694840132484
28620,26.555102858041483
28621,29.076686874684135
28622,29.87226591671128
28623,1.0700579237710408
28624,2.0655667953762817
28625,3.1047036731874162
28626,6.553165466778258
28627,10.074450343945847
28628,12.186581944618556
28629,16.231378619688112
28630,18.09394352631903
28631,18.80013184226704
28632,19.569755107032115
28633,26.783516304572572
28682,12.429893021080598
28683,11.354529688616394
28684,15.973454472541238
28685,17.719721160561395
28686,18.680633722611926
28687,22.277825896031743
28688,27.179768946296765
28689,28.651267398868004
28690,29.926195097583076
28691,32.520329969198656
28692,36.20743224190468
28693,37.96576183667019
28711,4.274405824625386
28712,9.94550716284374
28713,9.936965045392222
28714,12.963409154551348
28737,19.18884199334679
28738,25.11750894913641
28739,26.388381905601687
28740,26.73083840299828
28741,1.9334519419152811
28742,3.780714114017599
28743,5.8232385195773935
28744,10.23549350748824
28745,43.20960844417096
28746,47.1750158966588
28747,47.842846737634254
28748,54.12911677067068
28749,54.72442452629703
28750,58.830095304283525
28751,61.724051413133274
28752,61.759842453285295
28753,64.23623518214367
28754,65.67828459181796
28755,66.38475273289065
28756,67.61275109057314
28761,26.925331693299917
28762,33.73439941121387
28763,33.25538531357188
28764,35.926494652074354
28765,37.423256993895365
28766,41.789837225289865
28767,45.32778573041036
28768,46.874848819999954
28769,50.051999964583445
28770,51.58378444869653
28771,53.48243956528281
28772,56.33723252050487
28825,19.68039976054572
28826,23.307395361868043
28827,24.433782122510376
28828,30.61998115151398
28829,36.680757694072256
28834,27.793848035714706
28835,31.79639040063177
28836,36.13259813194624
28837,38.53856378067258
28838,44.649222144075026
28839,44.556507786189506
28840,47.5937243965294
28841,50.09617963435243
28842,51.75177525221608
28843,54.935797182595756
28844,30.612161575220057
28845,35.94733869426348
28846,37.997547488645424
28847,41.20760675100152
28848,45.62654537753255
28849,45.73589217439908
28850,49.5905195219982
28851,50.76824855800512
28852,53.332593978701944
28853,55.8042586482447
28854,55.9284752450614
28855,57.677779446091186
28901,26.758874206494134
28902,22.540865614176745
28903,24.721390301946307
28904,24.776159596305273
28905,30.74794685230197
28906,31.062278547739535
28907,34.11750242205476
28908,36.677156661627166
28909,38.50223833247146
28910,42.64488794458938
28911,45.21317459041928
28912,46.242886527249226
28913,20.160615400352967
28914,22.747413047039284
28915,25.577578574562683
28916,26.183933590429668
28917,28.84808404780433
28918,31.074621872749756
28919,30.680742475684024
28961,29.82209750308675
28962,32.895284559022855
28963,34.54587703065405
28964,35.51843614261565
28965,37.41903823238973
28966,38.541946296980186
28967,39.56851108295443
29047,20.453927942196188
29048,25.55158265253007
29049,23.007635520595134
29050,23.370273723839524
29051,25.9759259930662
29052,30.144271355395915
29053,34.059202739822254
29054,37.392291103467215
29055,36.78885208003751
29068,13.33633591245873
29069,15.450810890279476
29070,17.42534409284461
29071,19.164283531327005
29072,25.44240452384361
29073,30.683820983202047
29074,27.224292389425194
29075,27.631912362198733
29076,28.861323443785043
29077,30.80720254275257
29078,32.948436622892714
29079,34.831098307466526
29221,8.672181711809941
29222,12.658379142805574
29223,13.5349812191534
29224,16.483734157881674
29225,17.947242006802348
29226,19.14106448841102
29227,24.456125542480113
29228,26.93377696901044
29229,30.019809302832943
29230,31.59556199795141
29231,33.08678718834917
29232,40.206400268990485
29341,10.066110429430546
29342,11.330958656702881
29343,17.63706048930347
29344,15.873226452270224
29345,20.947135466244074
29346,18.542468063886314
29347,19.587201789264054
29348,26.22446744742492
29349,26.92667886368319
29350,28.563877750411542
29351,31.5364917591868
29352,31.647201169599345
29384,55.94333160707953
29385,55.05696428557304
29386,57.149847677411884
29387,60.54612887242456
29388,62.204097849646836
29389,63.54472881286498
29390,64.98707014717947
29391,66.18755822340583
29392,66.07576653009555
29393,66.55863341578252
29394,66.47369550743107
29395,69.21608144917226
29417,54.16074467386052
29418,59.725170748451774
29419,56.56663405342237
29420,59.95490387817818
29463,35.46946601875572
29464,38.359390502736126
29465,39.80634698241728
29466,41.18048952744197
29467,43.71006463918207
29468,47.10614201743903
29469,47.40076615727225
29470,49.832893707410925
29471,52.308257321164795
29472,53.132096384070444
29473,54.81987284328059
29474,56.92816199281621
29475,26.467853449581106
29476,29.62860876217148
29477,31.613722221490928
29478,35.565573679438714
29479,36.93503184692461
29480,39.05625127222066
29518,59.950097387228936
29519,60.04212651077688
29520,63.4512267495349
29521,65.03057599210172
29522,68.57555978221241
29523,67.29786051696314
29524,70.51876792750154
29525,71.94023388913872
29526,72.45296465839782
29527,73.32137671453881
29528,74.67770762566728
29529,75.68063593761447
29557,33.998957090153745
29558,38.9153744899214
29559,43.83021747715249
29560,47.02625408911903
29561,50.926231569428225
29574,24.54592885135611
29575,37.76614749444721
29576,40.9733029597877
29577,45.93661927499816
29619,46.459628224828336
29620,46.210970608335145
29621,52.271729658474825
29622,54.52652753144942
29623,42.30372208118738
29624,39.25669668017242
29625,40.07890905054193
29626,46.71877584808904
29627,48.40093520672763
29628,53.552511872329376
29629,55.17867372908175
29630,54.11652228563314
29635,18.8474173076259
29636,24.169270683586937
29637,22.377593867469965
29638,28.610459880642505
29639,31.120148399681828
29640,34.14477159642563
29641,32.208990125842384
29642,35.7198824183436
29643,36.81674404597588
29644,39.758314783340225
29645,42.016166326246584
29646,46.78717205910151
29687,52.36173668738781
29688,48.499997207880625
29689,54.0351645788208
29690,58.65302631784823
29691,62.68504567554054
29704,24.745019921006605
29705,27.866651238227444
29706,31.256041268731437
29707,33.69733967733721
29708,35.5883274285778
29709,36.65664985069812
29710,38.10488330254213
29711,41.85370606129647
29724,9.396282745342283
29725,12.508695621305728
29726,13.560549532350453
29727,16.901133452448473
29728,19.722131474570553
29729,24.435285196514105
29730,28.931196291136292
29731,29.89451346769358
29732,32.17047932094713
29733,37.5715637364084
29734,39.7764573779027
29735,41.69264726158956
29736,19.459880435417997
29737,22.769757268735052
29738,27.761852733389265
29739,25.5208084407233
29740,29.340209576074287
29741,31.07106738189655
29742,34.507544777673395
29743,33.90090995909073
29744,38.30067162834997
29745,40.19179638508222
29746,43.08385849735205
29747,44.557053138735604
29796,34.31661602132133
29797,40.400797172864074
29798,45.801414106868414
29799,49.27259510551876
29800,52.52591501784986
29801,54.5269850800069
29802,58.206554321485605
29803,59.617101044266185
29804,60.79291682278524
29805,60.94593578573511
29806,63.554756311347255
29807,63.39647983882472
29817,0.900713291485815
29818,1.1387013339831695
29819,2.516281240961659
29820,4.958333225679915
29826,41.053393713033955
29827,38.734502983158976
29828,43.71469821705765
29829,50.390469707942316
29868,0.9399688719690247
29869,1.047399585479366
29870,1.5948665312044044
29871,3.4647273709535193
29913,21.708435762003408
29914,19.36745010926628
29915,23.007694333186283
29916,22.993587910176558
29917,31.6866577330599
29918,30.257674481946957
29919,36.464903840025826
29920,36.80864192287838
29921,37.847617819503824
29922,41.6015326977896
29923,44.47118537152613
29924,47.41722087110891
29998,29.541487670948815
29999,30.2220014377833
30000,33.22760148810525
30001,36.351732736388556
30028,5.761026702694146
30029,10.03681094859646
30030,15.049036993884268
30031,14.552266193097054
30056,1.2485826107758267
30057,4.118895731048138
30058,3.3146209955471493
30059,8.73191373559289
30060,11.203458984385316
30061,10.889786882481246
30062,13.82931251186872
30063,19.825891182744268
30064,15.516056104231097
30065,25.79915074546685
30066,28.280468565360668
30145,27.68194575793082
30146,30.060399343087532
30147,32.95155817784071
30148,34.7338328836329
30149,37.02956890844429
30150,39.127835970688864
30151,40.67744575666907
30152,43.10867620035457
30153,48.384764445668154
30154,45.8726027369713
30240,27.060171047343278
30241,36.93808115370682
30242,32.779502286890015
30243,34.80084150575051
30244,36.84629608493796
30245,40.613008329264154
30246,41.41913120418309
30247,44.76034450758552
30248,45.18995344128949
30249,49.46121867469505
30250,50.901404144993414
30251,51.397154791572405
30252,19.662071114688217
30253,27.66430908615729
30254,31.181365819884473
30255,34.15575261577275
30256,39.0583049678936
30292,11.625990317458381
30293,14.147744476855724
30294,18.80741346760822
30295,19.582840717018446
30415,21.634503237764346
30416,26.185048079468785
30417,28.58241562785286
30418,31.76489470048665
30435,9.642901456157059
30436,14.080343599534574
30437,16.521913357810927
30438,19.446259718588504
30439,22.51463633129559
30440,25.93652532312553
30441,27.690979873117012
30442,29.57149551777482
30443,33.36752426616988
30444,34.18796920903885
30445,38.0107333017433
30446,37.213617295384644
30452,60.324148105211414
30453,63.22579259218053
30454,64.77385503884625
30455,67.08805017505763
30456,69.58554753571777
30457,69.2051528824562
30458,70.46479633367613
30476,0.07275806947693193
30477,0.8098228711521075
30478,3.321268019574216
30479,3.9778502510462377
30480,8.446599259347073
30481,9.356494239149335
30482,10.64351286705427
30483,13.834590703513273
30484,15.29760695118468
30485,15.067740477784945
30486,15.177599624428309
30487,22.824161497499855
30500,31.809251376178064
30501,39.833352208271144
30502,42.25268945147344
30503,41.714924092976474
30504,44.81831118106806
30505,48.24674260240306
30506,49.88461499399626
30507,51.392043662363605
30508,53.34309956503699
30509,56.443655545967474
30510,59.43895672348445
30511,60.05923879578921
30517,23.10754288701661
30518,30.110314862763627
30519,34.56773215640255
30520,41.00752389093323
30590,21.387185573688562
30591,32.9690921024786
30592,32.97637102769771
30593,38.66859891962578
30594,29.304003536322274
30595,29.735305552938456
30596,35.917573652034996
30597,37.64062290055174
30608,39.22392778287268
30609,41.79903118255401
30610,46.16872497865325
30611,47.94528137558892
30612,52.04778339992126
30613,54.36569844882665
30614,56.563707016572614
30615,58.73097071849649
30616,59.61603882957619
30617,61.692464180012315
30618,62.910591306363884
30619,63.99735011398708
30655,24.889156050258006
30656,30.6991770894802
30657,30.862443335311493
30658,43.56782296490115
30769,7.599014806244103
30770,11.544075828842006
30771,13.252714980046807
30772,14.945582752447535
30773,17.368469651035486
30774,20.45217683587477
30775,26.29840811677584
30776,27.698752383424175
30777,31.04083957590989
30778,35.495231965041576
30779,35.84206344788876
30858,1.228443498064982
30859,3.01621282221929
30860,4.072009116748446
30861,4.363986089408645
30862,7.740852670653071
30863,10.44610867795229
30864,13.199805088529683
30865,12.81869353479334
30866,15.57535061028927
30867,18.483251218079467
30868,25.155490052999973
30881,35.498943419077044
30882,40.98182634878103
30883,43.99785717905411
30884,46.896217229480484
30885,51.21150050935167
30886,53.782471869492646
30887,57.4418929224293
30888,58.81776333297639
30889,61.891963824167966
30890,63.13350000264684
30891,64.26612459214303
30892,66.13035406886405
30893,30.194328979606958
30894,34.504962189957745
30895,37.75255422348062
30896,41.74415044548275
30897,46.5845526237207
30898,50.02050966746961
30899,53.693355070637566
30900,56.95767856510038
30901,58.45137981442245
30902,58.513999248330926
30903,60.29317493029207
30904,59.62048233425783
30993,28.640508011589485
30994,23.862317711094953
30995,26.358925764518368
30996,29.544649886911795
30997,33.730205205753784
30998,36.2374189898952
30999,36.813452962327275
31000,39.519712139198504
31001,38.63234323112565
31002,43.4880907064749
31003,45.45657931894352
31004,47.7557845525026
31005,23.124022623048173
31006,35.649688352540096
31007,32.11420388499016
31008,36.20082000778303
31009,6.586275410189024
31010,6.412602334829752
31011,9.919244372507643
31012,13.651017344186888
31013,17.538237262028073
31014,19.94044310364178
31015,26.300520840581864
31016,25.99814432657071
31042,36.31943646041464
31043,40.40033785913725
31044,46.00997965102538
31045,47.63485996166867
31046,51.11965083568134
31047,52.16740594941108
31048,55.95304382579812
31049,56.834436708675284
31050,57.901161359994056
31051,58.00989292810693
31068,15.577463791721799
31069,21.60657114322058
31070,32.976926861516226
31071,30.501292271549953
31072,34.278307013624705
31073,40.36264966637795
31098,12.77278613738162
31099,15.514897858511851
31100,19.084656959197048
31101,19.050639504552645
31102,21.97276580813358
31103,27.882399944925652
31104,29.97186319995591
31113,36.56035617203069
31114,44.508258664723364
31115,47.44422756226819
31116,51.00201008861497
31117,15.29998727590003
31118,16.47154591081361
31119,18.983406731336743
31120,25.484402048233246
31181,6.9967393638501205
31182,10.315274033949846
31183,15.069432010321908
31184,16.45216998107385
31185,16.81299760955514
31186,20.198852706421196
31215,26.924963021723148
31216,33.5094596785785
31217,38.05731232557346
31218,41.225881654279306
31219,45.38644653222933
31220,45.407636086713566
31419,25.682446298651275
31420,29.561907304361586
31421,32.037286626920974
31422,36.395493874973425
31443,39.85110452981214
31444,46.194272718262425
31445,45.716826690184085
31446,48.28305597474799
31447,50.44322078602958
31448,54.08078977280675
31449,55.33423417449509
31450,56.55327089719541
31451,58.328123418018706
31452,59.91900567349226
31453,61.37954143816094
31454,62.84793870075434
31483,49.80754869013956
31484,46.73557415884137
31485,51.28716950471655
31486,55.43560883152854
31487,57.28944430382582
31488,17.361900572222936
31489,23.467819272118117
31490,28.881645025588828
31491,31.60471709098882
31492,34.94454024476087
31493,38.3629124219858
31494,41.52495302953381
31495,42.18231425997625
31496,42.35930476935417
31497,44.44914602532819
31498,45.68555587051253
31499,48.145934856936925
31536,41.50243847957882
31537,46.34718118629892
31538,48.61834152442878
31539,51.7478399784991
31540,53.25243737065063
31541,56.46982321289796
31542,57.060494608736356
31543,58.70692126147682
31544,59.09129878576174
31545,61.958814609160086
31546,64.53611719569766
31547,65.16257252788891
31548,22.777770392868582
31549,27.13396448807798
31550,38.60853860641065
31551,36.77908101449781
31552,38.57585284567312
31565,30.44770683359894
31566,33.528158331040174
31567,38.16429024325957
31568,39.54629081106686
31569,43.21592106596776
31570,51.61495908343857
31599,19.11529526674371
31600,23.489445068288457
31601,27.57926967344811
31602,27.541863002417703
31603,31.22641265072259
31604,32.77436974593009
31605,38.46811463566975
31606,39.98626299083108
31607,41.246429996615646
31608,43.78774710471248
31609,45.692736544215265
31610,46.687072273017705
31627,32.041917989534475
31628,38.710609070740134
31629,43.32732450241148
31630,47.5022351190015
31631,51.78929754364146
31632,52.914582451571206
31633,53.77767322669585
31716,14.763263020781736
31717,24.296750854762003
31718,24.377264936365254
31719,30.11966317069892
31720,30.26784924695314
31733,4.896597525839111
31734,9.16824522496182
31735,14.489417478045613
31736,19.497466607365535
31786,9.378604680158734
31787,12.288052648274707
31788,13.843447932694975
31789,18.249548014403878
31832,60.445417644340004
31833,63.835029398832205
31834,65.65036799552621
31835,67.65350101748105
31836,67.43219137899962
31837,69.9685254992382
31838,73.36736271668443
31839,73.27507639196773
31840,74.66299004885803
31841,75.40421392129986
31888,29.764417233277324
31889,38.323934398050014
31890,41.899322076760356
31891,46.92607008028145
31892,46.55518233910149
31893,51.11346978046356
31894,51.877348944869944
31895,57.02646537388049
31993,37.09841096512525
31994,37.78799913043047
31995,43.27022460553211
31996,51.778333067057304
32014,16.796091992690442
32015,16.113738662275548
32016,20.333062067875233
32017,25.17473235861953
32018,25.622710421605042
32019,27.772442725682957
32020,28.826928971012876
32021,31.03411421342813
32022,32.68479533264378
32057,24.64705679319106
32058,23.66539449188867
32059,26.251460895349734
32060,28.251253328975263
32061,29.695320836843422
32062,28.318890620970198
32063,30.308453655842804
32064,32.16164199066639
32065,34.194825686545116
32066,40.83547883316523
32067,41.186514638211676
32068,43.353320425894715
32119,1.5097393853184722
32120,3.020296994139082
32121,5.752838580292198
32122,10.091246451193486
32123,13.809800740137765
32124,17.563121780504588
32125,19.409036292595196
32126,18.924233119473655
32127,25.250988731330228
32213,38.34487192963677
32214,35.49833706085066
32215,39.188181330190986
32216,42.518294121170264
32217,43.52651956298093
32218,47.12095643951562
32231,24.70890517417223
32232,35.664430249914574
32233,36.34645434441207
32234,40.05561824626957
32235,44.376382914479755
32236,19.82687138196997
32237,24.75752175683719
32238,26.41319135030081
32239,30.530763575767445
32240,28.977253359183674
32241,35.48793611510657
32242,33.536100244115815
32243,37.18026150766501
32244,39.173226461240006
32245,43.346280763027025
32246,44.54800112537813
32247,47.771238562524374
32353,9.8422682998041
32354,10.33600355922038
32355,14.160379777523946
32356,15.564548404323773
32383,0.5643605788019935
32384,1.925712955889986
32385,2.8232360617332026
32386,5.169796837631433
32449,3.5600690491853033
32450,6.371790808613224
32451,6.556492190719118
32452,8.37506331451867
32453,8.292630830243183
32454,12.632637066308527
32455,17.806641386005662
32456,15.883789192693827
32457,16.266550792515993
32470,28.2291598517754
32471,37.602610303964134
32472,34.39627341575471
32473,41.09295800511944
32474,46.66491498642386
32475,49.946162173908505
32476,54.293108357016784
32477,57.693815421324054
32478,58.19228481439472
32479,58.387446920776085
32480,61.20405286216723
32527,35.55381245147892
32528,31.389866180623084
32529,34.1219765541817
32530,36.895531858019844
32608,6.125011969817629
32609,7.458126946872493
32610,12.132808514949883
32611,10.883028742074906
32627,17.537262332998484
32628,20.330287176407715
32629,28.160045230994566
32630,25.89178655210589
32713,24.18386436789845
32714,34.23409401009921
32715,31.876647207099865
32716,33.579921470959825
32717,36.9793846557349
32718,40.49508713883347
32719,42.37623905242434
32720,43.64827282557134
32721,46.37735864262503
32722,48.96973986780934
32723,52.431681814849405
32724,53.37336523703711
32725,31.965339940829015
32726,38.142966299632675
32727,39.17404815296151
32728,43.22519757524841
32729,44.365879121484504
32730,47.38548699706607
32731,49.90846305495892
32732,52.49371272135313
32733,57.21980123009844
32734,56.21202652540395
32735,59.308869466055896
32736,59.22809828534314
32741,14.24859944287053
32742,19.956934802334153
32743,21.499770874641605
32744,22.88411443430144
32745,28.337642254066814
32746,31.37800051648152
32855,24.534842780009583
32856,22.70251258782532
32857,25.17117651338803
32858,26.171757790897384
32859,30.64610252251225
32860,31.25322987743807
32871,2.4913373795177653
32872,3.469521510933559
32873,4.60970644903908
32874,8.878810675940306
32875,14.650374552590975
32876,13.91926072423884
32877,17.881033956889127
32878,16.274135356617943
32879,19.86350858578476
32880,26.552121921358616
32881,27.03912006657738
32882,28.504245004776063
32901,9.969381393494821
32902,13.138181506864948
32903,12.99317479655915
32904,14.777678640478069
32905,25.41615679829306
32906,30.71303587575984
32907,33.35073210557331
32908,38.58250007209658
32909,43.57974271647356
32929,41.68048566806508
32930,45.73876099237003
32931,46.36005779685148
32932,48.95557754622
32933,51.35041499520972
32934,53.68676179217132
32935,54.812766801264495
32936,55.94305814077854
32937,58.22927087235932
32938,59.728761392696576
32977,0.6497581174907239
32978,0.908136176170724
32979,1.3113382971693444
32980,3.1513695780598177
32981,4.258842057178084
33029,35.57185749581215
33030,31.29157830022481
33031,37.561788716879754
33032,36.805831279478376
33033,40.41761308743877
33034,42.085384117905456
33035,44.334567551174004
33036,46.238269785128445
33037,47.99970056970029
33038,50.42432388999518
33039,52.87378478872657
33040,54.159110991890884
33107,39.77265629695187
33108,42.32678395836587
33109,46.30477833510006
33110,48.1132406324394
33111,48.83885275913225
33112,51.314306509026544
33113,52.41123086227968
33114,56.001983828201205
33115,57.80341969640077
33116,56.827775288511766
33117,59.43822613550104
33118,60.59624202516308
33119,28.249061649370457
33120,31.469521467923638
33121,33.78162415543258
33122,38.098310456859586
33123,38.34835532828237
33124,41.39187831459149
33125,44.727936489332315
33126,46.28671361315908
33127,48.31325239242161
33128,50.71076235551958
33129,51.089591274740364
33130,52.24751515217432
33135,26.125194312055736
33136,27.353730285861893
33137,28.56332019827311
33138,30.712659749943846
33139,32.74110816207762
33140,35.646052569839426
33141,37.20614106839712
33142,43.34837644362167
33143,44.53676799109688
33144,46.07469893980454
33157,29.767541540479197
33158,32.363205714724344
33159,32.73020615113651
33160,35.33944344198584
33161,36.73416445348146
33192,11.164624844027148
33193,12.8219284280089
33194,15.761482436984487
33195,18.404916506886728
33196,18.85238154146372
33197,19.552900349743346
33198,20.666842575643216
33199,30.817444797935035
33200,29.72050231450592
33201,32.23275546058678
33202,35.266273643896525
33203,38.903704806813245
33204,22.252402906003777
33205,26.376953038779188
33206,29.33481486320932
33207,29.654152770233924
33208,32.96373130642479
33209,35.56013252403804
33210,37.38132613469762
33211,40.30250259639768
33212,41.19168691831902
33213,42.10253286966697
33214,45.35726626861256
33215,47.19890192557744
33228,10.645522709301723
33229,13.669645807762778
33230,14.345480457722397
33231,16.270765312341716
33232,16.546042474696552
33233,18.587185143557022
33254,18.120372866451223
33255,19.830129547574348
33256,28.293215155749927
33257,31.128672743951093
33258,0.8549208855725773
33259,1.0089638383592991
33260,2.936374769110778
33261,6.928538004319332
33262,10.856346401804178
33263,12.10681333869586
33264,12.667267939488527
33265,16.72358919951104
33266,15.50072865771734
33267,18.04952492372029
33268,19.165665947407025
33269,18.791080515039862
33270,25.921671726709846
33271,26.523229957809985
33272,28.24145579588498
33273,30.942572823704992
33274,14.769648376343659
33275,16.640500393597105
33276,22.042773225222643
33277,19.621852824496496
33278,25.633399151442326
33279,26.571416297826012
33280,26.34389470211379
33281,28.456229599057355
33336,36.76297376811981
33337,33.48207423406409
33338,39.72864149031078
33339,44.333014646138736
33483,3.1489831733217213
33484,7.017948387217168
33485,6.6881633150922
33486,10.345643354396264
33487,11.880901851057692
33488,13.841412054139875
33489,20.13963367547598
33490,16.881828457547453
33491,34.65379460767368
33492,42.644880037348685
33493,41.4502152921959
33494,46.801156080302064
33495,46.802926790420806
33496,51.68367247696339
33497,51.24401715397033
33498,53.730537181406234
33499,54.66748606373868
33512,31.73755004446535
33513,30.39806121612538
33514,33.04370186612359
33515,37.13532720656976
33516,39.81198290284095
33517,41.47685444094645
33518,45.05344557891486
33519,47.02673381805657
33520,50.157400060258055
33521,49.495872022036664
33522,52.65352927466026
33523,52.95394984393099
33528,26.460435786649917
33529,35.37293882747081
33530,43.16944110951168
33531,44.604375623783106
33639,6.621201820667664
33640,11.028039071489781
33641,11.1284781991942
33642,15.348408640980903
33659,41.34967911497836
33660,41.95770459023392
33661,50.728985686481074
33662,55.246961221842916
33716,33.11989475493733
33717,40.66680116241114
33718,40.715621228146645
33719,43.24589798985312
33720,45.23848280724978
33721,48.293397071946615
33722,51.14268417413324
33723,53.60126912470417
33724,55.43939110373754
33725,56.25756072088078
33726,58.18352096947065
33727,58.969541371911276
33958,11.17789398709933
33959,12.076874980655042
33960,15.61102375146658
33961,16.80246767207538
33962,16.798080634531317
33984,8.586218609250746
33985,14.322124363025132
33986,15.257704203611281
33987,17.578601778909846
34035,0.4873732905873023
34036,1.2588983870687271
34037,2.486861246885544
34038,3.7609536039755533
34039,7.05763310447347
34040,9.960033415974678
34041,12.986541890858264
34042,13.030954749380044
34043,14.940899274349023
34044,16.436752462511905
34045,19.896809737954484
34046,26.890540126999632
34047,59.565051382466855
34048,63.978691687973395
34049,68.60332284031632
34050,70.9096746147205
34051,71.17576822411526
34052,70.4218547241912
34053,72.2510903008348
34054,73.73840037682486
34055,74.01819664962463
34056,74.86150216290683
34057,75.47493647024464
34058,76.54195695302273
34063,27.31647799210866
34064,30.806674395629837
34065,38.23805539220125
34066,40.75308110533959
34067,42.15237866446376
34084,10.918997159888157
34085,11.414336601978224
34086,15.32115481611288
34087,17.242244360831005
34088,19.778804711961435
34089,19.79349258126742
34090,26.003785057275095
34091,28.555466029523934
34092,32.056217368290774
34093,32.449937235627324
34094,35.99573710112962
34095,38.22475341852339
34108,28.77094347749855
34109,32.659474010118586
34110,34.325575176155965
34111,44.65217908446154
34112,48.20150218063273
34176,17.823344121739428
34177,17.749870962372345
34178,19.189645109526523
34179,30.41846121105478
34180,28.139775030519946
34181,31.868561303296076
34182,35.34140481091961
34183,34.86788383519215
34184,38.54933780271086
34282,14.969004402891514
34283,13.195489166077015
34284,16.966576728497166
34285,19.232085172526226
34334,7.75328508183768
34335,15.026619304507472
34336,18.45354837640059
34337,20.219838905902154
34427,44.51896812317534
34428,46.11919760973599
34429,48.4882612691187
34430,50.81974422538591
34431,54.80224327137971
34432,55.54246706553997
34433,56.15226486676351
34434,23.842008353031254
34435,38.50796519333689
34436,39.91066889493976
34437,41.188367268524324
34486,28.192647597746745
34487,33.63606549579732
34488,37.29519678136946
34489,36.48380577882085
34490,37.129289917219616
34491,41.37164320003233
34492,44.263308272172985
34493,45.72317670428137
34494,47.77916662955349
34495,49.198788620592936
34496,52.38672375996646
34497,53.453327394628715
34538,0.8156367602721296
34539,0.8391223840718381
34540,2.8839934450963876
34541,8.587141861399761
34594,36.90978071790427
34595,39.48551717883147
34596,46.15854459147353
34597,50.34020985859725
34598,8.857315855668535
34599,6.132165824553556
34600,10.416022660831404
34601,14.461829748118124
34602,16.36175004953963
34603,18.30951197481224
34604,19.07142024344858
34605,17.833293003918122
34606,25.927181402413623
34607,27.238991504502657
34608,30.01435949692366
34609,32.7060845366651
34610,25.78443211881788
34611,28.802867461812653
34612,31.38250607317289
34613,35.359743122247764
34614,37.08669392729949
34615,37.69916348668189
34616,39.83580232993782
34617,12.87304844334483
34618,17.201428987346564
34619,19.85460228662363
34620,21.573917261688102
34621,28.825340735551332
34660,9.794729122309347
34661,10.59402509071893
34662,9.465018591450912
34663,11.42898166205289
34664,31.915819048617802
34665,30.893943834579023
34690,3.6359165290828246
34691,7.677344722982161
34692,10.701276886275966
34693,12.686668091970489
34694,14.512334289045093
34695,16.69057865068858
34696,18.63450345399201
34697,22.427635662096414
34698,31.21487598799602
34699,33.27024257899853
34753,14.622333817050718
34754,17.09606697514807
34755,21.704590119672712
34756,25.886914326937855
34757,22.339991066699397
34758,28.749759259444
34759,33.118075368469526
34760,35.3432369903711
34761,38.97464403256029
34762,40.599115628325166
34763,44.1775758936037
34764,46.924022757253944
34806,13.34751178160666
34807,16.889336732897227
34808,20.087214979657716
34809,24.636792540760457
34810,26.61109502410816
34864,15.60379957493093
34865,26.44763555752379
34866,28.272416773496186
34867,29.760781322424936
34874,25.792058142600617
34875,29.55976563399646
34876,32.955978640161305
34877,37.98697126130593
34906,26.632314072204128
34907,23.5063294098909
34908,28.721243098191547
34909,30.79074452540117
34910,32.97372223527653
34911,35.91855548926277
34912,36.0099147877324
34913,39.642152715270065
34938,38.0099551638912
34939,37.42421778207842
34940,40.08200547834029
34941,48.00260309422646
34942,47.041299782497916
34949,17.277678484044717
34950,19.20040651990078
34951,24.607411686689456
34952,25.431587550581423
34953,26.373988877076716
34998,43.39732437977772
34999,38.02828178018649
35000,44.18827618948662
35001,45.33665493358478
35002,49.04668180135154
35078,41.73098079376391
35079,35.471476302141916
35080,38.80233044023146
35081,44.275234812967454
35111,11.364055410852616
35112,13.777427432610782
35113,15.631526193087783
35114,25.374004963405802
35115,26.18679225364051
35116,27.94843591940773
35117,31.37903135449057
35118,29.863012706063838
35119,33.996560620693934
35120,36.52988558401701
35121,37.222000429539285
35122,41.46890951724128
35177,31.39571489321945
35178,37.27439557489634
35179,41.3339278214959
35180,43.105411243558954
35181,47.08047543321806
35207,21.899256974742006
35208,22.42361740841211
35209,29.95848371678716
35210,28.487687075973877
35211,31.06770696367624
35212,32.37651167015728
35213,35.499360517363485
35214,39.32083784068992
35215,40.23927821553372
35216,45.62442814831572
35217,48.660926594851254
35218,49.849884036425735
35277,41.31793130868789
35278,47.68103867312725
35279,49.597941146120476
35280,54.30854300624163
35281,56.16152722592388
35282,59.00420688928699
35283,59.932871715992675
35284,60.17330668510961
35285,63.72510323415844
35286,47.2520894650075
35287,43.441488125752315
35288,47.77602800416901
35289,52.83846106238136
35389,19.608615199560777
35390,23.427838665997093
35391,25.529261003002933
35392,30.209514683761885
35393,29.580331360906133
35394,30.500981342087645
35395,30.640352519569838
35396,31.656205812262993
35397,31.495972572648853
35398,36.12838919744427
35399,37.3216719607258
35400,38.79741504681399
35401,29.531350006547246
35402,34.74258789342651
35403,38.81917871347336
35404,41.41243042445172
35405,44.825916603986876
35406,46.32051561451357
35407,48.5253300379013
35408,50.22055954924596
35409,53.333956916462554
35410,53.16475848090593
35411,55.94404806141639
35412,55.143913633807585
35438,28.95567360133193
35439,33.07271232402906
35440,41.5099465751679
35441,39.141826855052734
35442,40.27927807759096
35443,42.72492941835303
35444,44.4130755610392
35445,48.26266692725929
35446,49.249343422382374
35447,51.56102410087157
35448,53.81872439134576
35545,53.220450360066025
35546,52.6181347201748
35547,53.384727004095865
35548,55.596340638348046
35549,57.05081481639044
35550,57.93399611494602
35551,58.898390827720455
35552,59.409486857121514
35553,59.42668971623489
35554,61.896782102034656
35555,63.07554720022082
35556,64.9634534352346
35557,30.434329611736423
35558,42.737369182198584
35559,39.63421760063661
35560,44.15321293439099
35614,36.35514735280851
35615,48.94520411927377
35616,43.86995526569761
35617,46.311087941199446
35618,49.19042007697373
35619,50.66466408381585
35620,51.76183636243153
35621,14.650841818974977
35622,14.916134169952844
35623,22.716720230567894
35624,23.108025360068076
35625,21.03372089297831
35626,24.722244462113377
35627,25.878779974461526
35628,28.186707587541786
35629,31.844897250897848
35630,32.70334956584034
35631,35.404979705256935
35632,37.23906868589168
35676,50.36136139900268
35677,51.16768467489469
35678,55.371894198227324
35679,55.34727128444745
35680,57.247097867528865
35681,59.51587179791086
35682,61.69331143837885
35683,61.5461324507415
35684,63.61617488502731
35685,64.57715904586901
35686,64.88360928424676
35687,67.31538465752888
35706,19.838739232238076
35707,22.237026832696536
35708,27.180015711735052
35709,29.75880717258056
35710,16.519730523223306
35711,20.980184319969446
35712,25.186948495974452
35713,26.97956286521227
35714,28.569837919301975
35715,30.06358837020283
35716,29.984051974449002
35717,33.3777762714173
35718,20.69804253580302
35719,28.21698124064849
35720,29.46105366680814
35721,30.752493387825332
35727,18.573200309429797
35728,24.104307352256832
35729,27.6052565689383
35730,26.42416726382699
35731,28.22907503819665
35732,35.70143805340342
35733,32.669287100839824
35734,37.27433123269475
35735,38.29449160966247
35736,42.63625765936227
35737,43.87163292962635
35738,45.66226154457744
35745,11.178315688641387
35746,10.743353681998235
35747,12.281421401461701
35748,12.951619034111191
35749,14.02713809954133
35824,13.692733696708837
35825,14.50826582743641
35826,12.563513189713477
35827,15.159717169040345
35902,4.61269914915028
35903,13.268182107242566
35904,15.147581479022593
35905,21.60981242189361
35922,17.27352777676987
35923,19.09171344963912
35924,25.96503761803849
35925,27.746315927829418
35926,27.434752246805168
35927,28.16925983218761
35928,30.08266090749323
35929,31.573240565537496
35930,34.97007110245555
35931,37.67423060155804
35932,39.103243122328
35933,41.957388962054836
35974,15.571739956201656
35975,18.10142689261939
35976,20.362553078178163
35977,20.793377134897586
35978,26.23078179822393
35979,29.252362710399627
35980,31.38507507046277
35981,32.193145010997206
35982,37.334928423593055
35983,39.30478148683158
35984,41.02531211662094
35985,43.00950453187627
35986,9.703674891933545
35987,16.466124734632533
35988,24.112979300288178
35989,23.731541580267038
35990,28.704499241291057
36068,22.0590802374368
36069,29.592429142243986
36070,35.0463838184527
36071,34.48605341220727
36120,35.17877813044102
36121,39.94862347032772
36122,46.92482040268059
36123,46.77686279218434
36124,52.88032395471063
36137,17.085703329609327
36138,25.383511954515352
36139,22.221020742382407
36140,27.764199733529093
36141,30.94658305563553
36142,32.94171166045332
36143,34.660018686963845
36144,36.99371865567176
36145,37.937521417712865
36146,39.5419859237952
36147,40.88506593062022
36148,42.97928843886697
36192,43.010511147179436
36193,43.825889927511966
36194,47.40606615520745
36195,50.83025533017334
36196,52.80866448904526
36197,58.84237516542737
36198,58.71517042147074
36199,59.452414822346825
36200,62.305696607293434
36201,62.975770887425796
36202,63.86963437475296
36220,23.116291110313508
36221,27.02817152195486
36222,29.779480557647638
36223,32.20336038094554
36224,31.942125933605816
36225,34.26824395397689
36226,37.7239517514738
36227,35.18016938360221
36228,38.639837846450526
36229,45.08947254265044
36230,46.13783887031873
36231,49.70719042193779
36245,44.93728854840315
36246,41.832360513871954
36247,43.60780144784576
36248,45.26513627119529
36249,51.23931519692327
36250,49.8436178342194
36251,53.78702726101358
36252,55.51902787271245
36253,56.85106333392353
36254,35.89856415493019
36255,33.34451802606913
36256,33.64560754265444
36257,37.9449150577186
36258,40.32386317414617
36259,43.261273567097696
36260,45.30295038889186
36261,46.86214954105833
36262,48.208042170937205
36263,49.13335660481601
36264,50.598896026492255
36289,0.2964980055388629
36290,0.8791151550618017
36291,1.3317620881598828
36292,3.618679283700877
36293,6.4409599809758395
36294,8.235186914965146
36295,13.141650195848046
36296,11.656445201125205
36297,13.401293001292936
36298,14.845825740030131
36318,22.836885590186654
36319,25.935520972687904
36320,28.296373132398962
36321,30.902621156797828
36322,34.5147402684669
36323,36.45211692537121
36324,44.20938613991082
36325,46.5368835118008
36326,48.37533150021972
36327,50.38908859122014
36328,50.47172571701576
36329,54.47306558929226
36330,57.89186929853064
36331,59.581998860625845
36332,62.36950263395831
36333,62.081718255323885
36343,15.461404317764863
36344,22.035490787419146
36345,23.390757046668824
36346,24.405296963052404
36347,25.60839251627987
36348,27.128090898672088
36349,27.307829876865082
36350,29.19253093155373
36351,31.107332926906444
36352,32.62549741282914
36353,34.06451252856959
36354,36.45819023794032
36367,13.240158219695534
36368,23.195087157520256
36369,20.00853538729156
36370,20.418379264961743
36371,22.451332474676374
36372,27.766256094958358
36373,28.979009334574677
36374,35.601031205918645
36375,34.347847508057846
36441,38.350045623343135
36442,45.50591450833361
36443,48.52845294099171
36444,50.36988539498087
36445,53.02531936341578
36446,55.70124129568703
36447,57.16986976927972
36448,58.8463322771603
36449,60.95159610399443
36450,65.26460066159412
36451,64.96353052765343
36452,65.37862615692893
36453,20.7546704680838
36454,28.53268798873671
36455,31.6026002894071
36456,34.55079791901894
36457,35.48556709478358
36458,41.24244198342446
36459,43.87392060450276
36460,50.08236134601787
36461,49.79620832476503
36462,49.82920685720855
36463,54.31526435523181
36464,53.83404080238041
36523,4.150990668705355
36524,6.922654759339379
36525,8.878333084268556
36526,16.870971313367626
36601,21.401536155205044
36602,28.105323573911445
36603,24.647660968655067
36604,30.861848621272603
36605,33.225295718568844
36606,32.47625367115342
36607,36.28427496615284
36608,35.84791891674698
36609,38.01094489457643
36610,39.52926866247153
36611,41.51774652920505
36612,44.972357595227756
36618,39.13882656085433
36619,36.062174273477154
36620,42.37504584547174
36621,46.914188393447425
36637,41.304501294107276
36638,44.53568285869181
36639,51.458731360779005
36640,49.40830678103297
36641,52.18048088737379
36642,58.02566331083833
36643,56.45626679457004
36644,56.890129339251835
36645,57.592343242055016
36646,58.420984372730615
36647,4.463228020406729
36648,9.013140885558919
36649,9.08086143209005
36650,13.352608267542571
36651,15.175156236387307
36652,18.263884848580517
36653,19.89680077548871
36658,40.449016764846355
36659,39.2218284496146
36660,46.438371713353554
36661,47.62012026386123
36662,48.65404652502512
36680,29.976092810691647
36681,32.00880621995844
36682,36.953935830532416
36683,41.95837797702757
36714,16.87278186420305
36715,18.77848621172551
36716,24.89958443192568
36717,28.00730059491869
36734,49.48104056843814
36735,53.52822692752881
36736,56.96285243160752
36737,58.47243748033511
36738,60.886338195030156
36739,62.334126363328096
36740,64.62786234460995
36741,68.10368017367308
36742,67.31589999047155
36743,68.01484926212831
36744,69.54617405675278
36808,24.4804807939964
36809,29.68390657134006
36810,29.471686734987234
36811,29.63267997022033
36852,18.44875317495626
36853,23.626426134917054
36854,24.37111727318505
36855,25.975720216062832
36856,27.135136609123403
36878,8.74165046687208
36879,9.522829868502608
36880,12.561826465632167
36881,16.280630396331368
36882,16.404559980190825
36883,22.68213850693925
36884,24.873355955896276
36885,25.2229597347332
36886,26.64880660613493
36887,28.37503774003503
36888,29.60799174388378
36889,31.062741638325953
36890,35.57602649258206
36891,46.40450995245304
36892,45.56484117786761
36893,49.54094278993989
36894,52.50382668118768
36951,30.652159179080193
36952,31.727787058233538
36953,32.89735342709564
36954,37.03437937684428
36955,38.67729840127107
36956,44.0586634002243
36957,44.17053178899187
36958,47.629263244399645
36959,48.351638427568815
36960,50.21633991906446
36961,54.540538598020945
36962,53.44903410340946
36975,34.014354655430594
36976,47.23114320757283
36977,47.325765649405625
36978,53.77107204563448
37010,1.0279017837361946
37011,4.064669963204284
37012,4.611015145490756
37013,4.852802798980767
37014,9.471987601570532
37015,14.49617398031856
37016,14.856047884189534
37017,14.162938043109667
37018,26.230432032701845
37019,24.995551888416117
37020,26.305889857286513
37021,29.967634216663388
37022,41.66935016762796
37023,47.25039404247463
37024,44.4061522945653
37025,48.89252821799973
37026,51.873690158622125
37027,53.54672682607367
37028,55.41172708737496
37029,56.87076576466993
37030,58.80245535448044
37031,60.19520731293038
37032,60.129635811003446
37033,62.412969854287006
37034,24.054251202635207
37035,21.85570777597712
37036,26.194240484322258
37037,24.290795940153483
37038,28.28230606517205
37039,30.134590996918185
37040,31.922902835806383
37041,20.593332651485273
37042,18.080261511966288
37043,20.941532188063075
37044,21.702207770650517
37045,29.824102642191615
37046,27.576451453006285
37047,29.454475340458345
37048,32.26475446723714
37049,36.66473779888368
37050,39.231065392618895
37051,41.809818222134254
37052,43.338129995765826
37053,35.68858214995872
37054,38.05733391096438
37055,44.98161450932129
37056,46.54302999988641
37057,61.29307761000891
37058,57.558291203130594
37059,63.65102521457661
37060,65.24690073547858
37061,67.69872812842121
37074,26.012991692895657
37075,36.32518538447846
37076,30.027375208355195
37077,31.56883680915938
37078,34.87983878379799
37079,36.57596474006199
37080,37.75935308284705
37153,20.403767172645328
37154,24.852665597307368
37155,25.685984839449258
37156,31.79509487627432
37157,34.99117167861546
37158,36.89974877772152
37159,39.8174960598685
37160,40.888086957777816
37161,42.024683726191306
37249,21.26824737379087
37250,27.29004091821221
37251,26.680660770458346
37252,30.347719425279845
37253,32.216037556126096
37254,35.723601809489956
37255,35.96460673589185
37256,39.23337507034207
37257,41.9825584833188
37258,41.29181731034235
37259,44.35944959161529
37260,45.93772276818058
37261,4.375858410049668
37262,11.367541651450617
37263,12.167026800385031
37264,15.582873665269231
37265,16.42552146910706
37266,16.98060633326957
37267,25.44349489893072
37268,26.737180875326395
37269,27.988738129427063
37270,28.388507481621456
37271,32.307647067630256
37272,32.49760526780895
37308,34.88255006182027
37309,42.844562590665326
37310,47.25295858595843
37311,45.54556205803893
37398,34.9226189006414
37399,37.91675145953909
37400,46.86066765470386
37401,48.65218787206033
37430,18.224252019515948
37431,24.529859834960117
37432,24.883958696919617
37433,29.71320257051246
37434,30.882069231382804
37435,33.81155686995766
37436,35.70901301991049
37437,37.27739235654132
37438,39.54490726652849
37439,45.6937901190393
37440,45.637577092893146
37489,35.804918801314464
37490,46.900270972022845
37491,47.95774907785206
37492,51.842136444324225
37493,54.33079426118967
37494,55.63901732387485
37495,54.76000432962752
37555,13.024686257371881
37556,14.553624008458632
37557,16.599731140738967
37558,21.143098807971448
37559,20.086350766913714
37560,24.473464853234567
37561,36.79299203122075
37562,41.13681954152125
37563,43.265931311026485
37564,53.076332223343734
37577,28.556239891545854
37578,32.61827225305006
37579,35.862950513857655
37580,39.61436398243436
37581,41.40215342428699
37653,21.31926900826275
37654,28.382153607765815
37655,28.812904936155096
37656,31.32351025971814
37657,34.106373365025426
37658,36.14781947372889
37659,44.23960323389297
37660,42.969437603873885
37699,41.359540157057275
37700,42.892585811736154
37701,43.18374801074564
37702,46.01612738904644
37703,50.14200155499137
37704,51.8877904719218
37705,54.40166026792872
37706,54.85385685806221
37707,57.143313228968104
37708,57.7400433764703
37709,59.3612055778525
37710,60.4572768694851
37756,44.88018108025606
37757,50.6989974244429
37758,50.755977331078405
37759,54.17491986312244
37760,55.92778010698418
37761,57.45445750551596
37762,56.98216294914386
37767,31.886386609710083
37768,37.939187774098095
37769,41.90392564934165
37770,46.615810578404556
37771,45.91575530639922
37772,49.64247505992804
37773,53.39137600262949
37774,54.26903767175378
37775,58.10840457704337
37776,61.13626282980985
37777,62.436131235131796
37778,63.68563190904884
37816,12.164650479939494
37817,15.744188509664488
37818,21.692663022587634
37819,24.61246060812271
37862,15.674718203139975
37863,17.22948916009999
37864,16.589122089851486
37865,18.80080709466368
37960,25.00911576655232
37961,27.97446565535512
37962,25.472346706172903
37963,32.706470764727804
37964,34.762643042097665
37965,35.436574367027546
37966,38.003258869249684
37967,40.89986151043964
37968,47.94797197350413
37969,50.26861100062691
37970,50.4536985602809
37971,52.8071012898124
37994,33.04266472166774
37995,37.54035593635832
37996,42.35567909987292
37997,47.465021272748324
37998,50.03519500678561
38021,29.179613676670403
38022,33.810660699099394
38023,32.92855255962088
38024,36.31164800878546
38025,38.758707008559405
38026,39.6491088583806
38027,42.90225624713628
38028,45.1040966604321
38029,47.33382264275053
38030,49.884862379753955
38109,31.464571655281983
38110,28.637872876661856
38111,34.19403597798121
38112,35.831016967519886
38170,24.015779551760456
38171,25.091340502519433
38172,27.000540905128652
38173,28.000512743846194
38174,30.063520483228007
38175,32.31054927990008
38176,35.571454169866804
38177,36.38683054869111
38178,37.98892043351924
38179,41.32163578776173
38180,42.10225800488612
38181,44.24293317582054
38197,31.452562443132493
38198,34.6657519303164
38199,38.32751230876735
38200,42.437454005027746
38201,45.11328691520198
38202,45.31762968205452
38203,39.87669710421668
38204,51.28044946949083
38205,52.22652247262899
38206,50.6647390734658
38207,54.5525535450142
38208,55.64642749878759
38209,58.418504518798144
38210,59.25024137436598
38211,62.52141238665373
38212,63.78602189067316
38213,64.9593881901322
38214,67.40332732433048
38215,46.776246972662655
38216,51.68427620277814
38217,56.66239200397132
38218,58.75382861561287
38239,17.26582020143532
38240,20.027587926666655
38241,30.356200572626662
38242,25.72101872611353
38243,27.5822590624052
38244,29.65928294744704
38295,12.769065940603408
38296,24.38277040249911
38297,24.898037813024214
38298,25.191006778077256
38299,27.410625205092995
38300,36.578497835997226
38301,42.91334802133901
38302,40.247524103559265
38303,43.69118333925362
38304,46.96970348173019
38305,49.66315798766649
38306,51.90313778307243
38307,50.72454849207542
38308,56.05589783657617
38309,56.19103389762776
38310,58.95318375672042
38311,59.37448712512083
38312,14.850734646023826
38313,17.91823012715144
38314,17.596720931257092
38315,20.077858031419257
38316,22.558104776491966
38317,21.36316837684436
38318,26.68817446368988
38319,27.0783588010657
38320,28.80745187100269
38321,32.415337264644954
38322,33.918422425328124
38323,35.66925298264312
38324,27.438292547612015
38325,30.891167146782642
38326,36.09809874603224
38327,35.39478701843616
38328,39.67073154193303
38329,44.19274192273654
38330,43.816875381218345
38435,28.256041394414627
38436,27.093629967747717
38437,27.755811567744747
38438,28.32531705589616
38439,30.42395478574991
38440,32.212588598821256
38441,34.00190861416243
38442,35.15257583850772
38443,37.149168546850625
38444,40.25088286115368
38445,44.39551808940021
38446,44.262895190088926
38447,33.761897935994625
38448,31.866681958630494
38449,34.42688868308728
38450,35.38797627329621
38451,38.459777281850705
38615,27.647459872334686
38616,35.57714842592805
38617,33.72423647521478
38618,36.39462817008698
38619,37.024572132354976
38620,42.44572035276955
38621,44.49008569205374
38622,47.354389747393355
38623,49.99936992600925
38624,50.52298164900927
38625,54.42577279172188
38626,54.547159037824585
38627,19.409912262891385
38628,24.70881839148125
38629,26.006489196992664
38630,28.16188564838469
38631,17.802904263447726
38632,19.495404242127545
38633,28.068954605344054
38634,34.112116938836316
38786,45.46073310377931
38787,53.886007702020784
38788,58.275959332189906
38789,63.398590732548826
38790,64.69132795118546
38853,30.859789386477274
38854,40.19899298370786
38855,38.03790075596072
38856,46.066335491003386
38857,48.78353047875493
38858,48.65252827324807
38859,51.67701692787998
38860,55.76646802280284
38861,56.04418450888271
38862,56.83158112112124
38863,60.07864237561126
38864,60.8958880498559
38869,33.781788469981954
38870,38.774162655920954
38871,45.17260918579423
38872,44.53315806142844
38916,27.594107085601156
38917,25.03551135707802
38918,25.807895553716016
38919,28.539800504686387
38920,30.332394960188335
38921,34.40297872590872
38922,35.87137554320724
38923,39.00297681971352
38924,40.55108893158235
38925,42.13533505935492
38926,43.6257594614249
38927,43.98528578785716
38936,44.87171657252698
38937,47.44230013815994
38938,50.083367640412305
38939,57.04285441540635
38969,19.354651382150635
38970,18.627343980575485
38971,20.830187072981538
38972,24.38517847444968
38973,25.386576709903075
38974,26.77055406950863
38975,28.724916586203307
38976,29.530101485012022
38977,33.50944182723851
38990,7.036540048134196
38991,12.662043303625628
38992,15.267971937896283
38993,16.37430056444649
38994,22.847121312540203
39004,38.26818648209712
39005,38.892534439791575
39006,40.63538428031126
39007,44.85862591281247
39008,46.36402141353735
39009,49.58598799644182
39010,52.73240963721303
39011,54.50319476011018
39012,55.33520596596906
39013,55.987055553169355
39014,57.20634524970344
39015,59.2732495242605
39040,21.015271011381223
39041,25.542630823344624
39042,30.950635881477407
39043,32.35453655017023
39089,33.21645335437914
39090,41.0838237460128
39091,47.42987625160441
39092,50.0180787717974
39222,18.567863153583783
39223,24.721041427618555
39224,28.440275702026685
39225,30.975564089747138
39226,35.940910425220785
39227,37.99469236509665
39228,41.935417687601905
39229,43.67194459295457
39230,45.680147113937956
39231,45.54648901314796
39232,48.7580678401609
39233,51.6683527645171
39252,33.704931056068425
39253,42.12053887713471
39254,43.26631850255117
39255,45.90566060341954
39256,45.620575330893985
39257,52.08407753940349
39281,12.388705185052517
39282,17.616470014230682
39283,19.631021489247182
39284,22.38216111063073
39285,24.791515743707276
39313,16.9357989872593
39314,17.509799327748834
39315,18.918015276961608
39316,26.504101113485376
39338,28.678045831475412
39339,30.30558878528436
39340,33.333552597983555
39341,36.3146358872203
39342,37.96009847575576
39343,42.00465009826473
39344,42.008005814326296
39345,44.717623759380835
39346,47.659466065048925
39347,51.768721824616435
39348,51.25132035116214
39349,55.89355883164748
39408,23.68148384578579
39409,27.55520575249693
39410,30.580961074307165
39411,33.997792933158394
39412,37.97843092857166
39413,40.79091502265679
39414,44.94106532466285
39415,43.89492474485971
39416,45.13151418506031
39417,48.11693544680241
39418,52.700328466963036
39423,18.770787598446052
39424,22.51504458186993
39425,26.999624627625145
39426,28.102165441422358
39427,29.551789198255047
39428,31.67977037264218
39429,33.341977667959355
39430,32.7672326050649
39431,36.025427649344174
39436,27.537786381089006
39437,29.82480891499588
39438,31.878394700724666
39439,39.04332171834782
39440,38.87340149893041
39441,43.7733764291008
39442,44.91049872212328
39443,47.04621388462013
39444,49.16792284594549
39445,52.2084804675347
39474,17.488345972264526
39475,20.748558753586362
39476,25.882509455995645
39477,27.703955033891056
39478,14.362574902206743
39479,17.656670877424954
39480,19.238653128776214
39481,25.704246822460153
39482,26.37444454528983
39483,27.104764213494047
39484,33.974347237953076
39485,32.43044194493158
39486,39.89138529966149
39487,42.56586448026406
39488,42.5452836957449
39489,45.64958845417473
39522,46.95456167484511
39523,45.85031739165411
39524,51.49965288598608
39525,55.88747714223243
39537,16.276499318443147
39538,19.6812318726544
39539,26.27005346686489
39540,26.494535269974925
39541,34.74742681468344
39542,34.600537027887164
39543,38.07646923980426
39544,44.44083628054074
39557,25.186377202148353
39558,26.380706266341875
39559,27.635833318083684
39560,32.91883922404644
39561,35.397055704746705
39562,36.34923942074879
39563,39.44504399541273
39564,40.702277784697664
39565,41.65619317740182
39598,22.86363837204344
39599,24.85102000541837
39600,26.944445079833137
39601,36.91484292926468
39634,12.064829725772894
39635,13.764477823825684
39636,14.703594993532187
39637,15.610378835970627
39638,19.496262973588017
39639,20.328770745713875
39640,20.468457937607944
39641,38.28246718127164
39642,37.93666347332306
39643,36.541559118980025
39644,43.39180656076194
39645,40.65016957300304
39708,49.513697636388905
39709,54.69752086395442
39710,58.70841449248434
39711,61.45793093429529
39724,33.851005908116164
39725,32.05641045704068
39726,39.669515685911115
39727,43.14329083551707
39728,44.940983697906155
39729,46.806897851765136
39730,51.83040856572185
39731,53.903344665466896
39732,53.80639972623881
39773,37.34468727587441
39774,29.81367642013272
39775,33.671692683809965
39776,34.3838186936556
39777,38.78372781720072
39778,38.04637513815588
39779,20.43071214096463
39780,17.322192671447723
39781,20.03706056755066
39782,21.361806709266197
39783,26.24485268436409
39784,28.699616712866014
39785,31.89526203196469
39786,33.48908498037599
39787,36.09734469349761
39788,40.17660843453827
39789,43.63134740850168
39790,46.33021301747402
39803,32.05114708220498
39804,41.57925803331812
39805,47.68384174678898
39806,46.99705230011855
39807,49.98249695269896
39808,64.64557447045436
39809,61.52819456414269
39810,67.08680367642641
39811,68.63295054443037
39812,70.61279423721159
39813,71.45657096190736
39814,72.67525232924291
39815,74.59405642877836
39816,76.46562937072983
39817,80.30936029603917
39818,76.28873678984955
39819,77.8070205719876
39860,33.20251036898568
39861,38.38528234650156
39862,34.365267235963984
39863,37.78298810794777
39864,39.12721602910883
39865,41.497589911399956
39894,29.913533734252994
39895,30.915109489643804
39896,31.84144363812533
39897,31.098994138404652
39936,8.325315287734348
39937,9.365317678162338
39938,12.815923948479076
39939,11.570765679722362
39940,14.916054417562243
39941,17.34684450812951
39942,16.52625801651581
39943,20.394589841588612
39944,24.966307396653026
39945,25.232568655060863
39946,27.442926036489357
39947,31.77022065921344
39960,17.251650943697115
39961,28.702269371808747
39962,29.245753791904658
39963,34.68513548980684
39964,32.6342314630545
40034,30.10011135453055
40035,36.75901755012031
40036,41.1890204573685
40037,45.64646930594016
40038,49.403304911948744
40095,33.05312370905916
40096,39.98981564295432
40097,40.06176045662985
40098,43.692888977361584
40099,44.73528342585585
40100,47.50505331516263
40101,47.71725874749269
40131,6.848088420534759
40132,8.618244989581036
40133,10.91611992748727
40134,13.025585215598536
40135,12.259444150187203
40136,15.512395299445524
40137,17.928270043743307
40138,28.30750678253329
40206,4.389887705774305
40207,6.753161284577061
40208,8.799609542242731
40209,5.539217681218385
40210,8.84933766383558
40228,9.481800713060286
40229,12.70591846259951
40230,15.451779747467642
40231,17.63030570741504
40232,19.04224638356514
40233,26.680807025189715
40234,28.0815507665576
40235,29.282569537592458
40236,30.965394234405487
40237,31.72134924117023
40238,33.146619180606095
40239,34.41985068037369
40252,32.597487336230365
40253,36.85507260913122
40254,39.308813378091244
40255,46.879262816930954
40256,49.32990814741836
40257,52.972358891227415
40327,32.94577919106806
40328,39.8446888875828
40329,42.858242994751336
40330,46.33401005147637
40331,50.075383607308865
40332,52.73941533913709
40333,53.08095246333533
40334,55.49954994492294
40335,59.01353407056123
40336,61.429705634418156
40337,63.070233774837234
40338,65.23359330708847
40394,27.408377366895515
40395,33.390227827657746
40396,33.179276176966724
40397,37.07956961584414
40414,44.88739897808106
40415,48.40008542601447
40416,53.02599026062734
40417,51.72420137138236
40418,52.36116890972321
40419,56.00190739808784
40420,12.34452281579895
40421,14.576062028419821
40422,18.71338454618907
40423,19.012258316575277
40466,22.18921072499043
40467,26.48185059763967
40468,27.857252690048774
40469,32.4462990360436
40470,34.00695846561258
40471,33.40978346145573
40472,35.69947773242279
40473,40.32710039696659
40474,41.39819908367976
40475,43.54681074498323
40476,45.35612388081402
40481,41.64191640243247
40482,40.97608618965261
40483,43.735232125049905
40484,48.617906826952726
40485,50.33007843861188
40486,53.09083528936949
40487,54.93759332810066
40488,57.72396123516089
40489,60.977409298125394
40490,59.8581968102979
40491,62.68120182980148
40492,62.19893990503581
40493,25.49057837357112
40494,37.753308815522544
40495,32.745893113080804
40496,45.69159071719999
40497,45.32338265544707
40556,41.524206914400295
40557,39.82710503017539
40558,44.72293534760197
40559,45.93491342253286
40560,48.18600268840297
40561,51.930724122529334
40562,54.1525331079609
40563,55.13428235558896
40564,56.1635865226238
40565,58.5987169952437
40566,57.84916695380202
40567,59.85486630308726
40613,25.83858147897935
40614,32.05625460299071
40615,34.247544720627715
40616,37.6746989682253
40629,12.660174080001575
40630,15.872927108510519
40631,18.928801996147126
40632,21.190858172956187
40633,23.37160294284867
40634,21.99868420035153
40635,27.284219091233997
40636,28.430769745503188
40637,29.85862279309708
40638,30.87405909040276
40639,36.921006998969645
40740,9.796009506806413
40741,9.916439513192431
40742,14.908569426313184
40743,17.78754921102152
40744,17.69044503690775
40745,18.977379029447395
40746,25.49289393598042
40747,27.50141979945541
40748,28.29260806165541
40749,29.852561197114227
40766,50.893163833824275
40767,50.71542193161168
40768,53.97542158430184
40769,60.12080191724901
40770,42.91836583408618
40771,37.11965907669971
40772,40.78520518028686
40773,46.00072268818146
40774,50.03849121114847
40775,52.23609973541491
40776,56.80606533458947
40777,57.59846263701173
40778,59.769208117371
40779,59.44300711182888
40780,62.200246850014786
40781,64.56355007788069
40837,19.925099143051963
40838,24.813613578542324
40839,28.24608889986578
40840,26.82000542530162
40841,30.52107450335134
40863,9.259637291879098
40864,9.498647659827443
40865,12.855083005315914
40866,15.906616935058056
40891,13.801508273426418
40892,11.2365892180823
40893,14.810843326880219
40894,16.800299612594763
40903,28.161755118191905
40904,31.02875398556365
40905,32.12988505303029
40906,36.85282767281863
40925,2.78087489553818
40926,8.447975017117386
40927,7.870531676400524
40928,7.554006905616936
40963,22.73379635266961
40964,29.280261861364988
40965,30.990388886085427
40966,32.85297693644562
40967,33.86445351538636
40968,38.18235085065362
40969,40.05156335121479
40970,42.47921418046391
40971,45.33689517384685
40972,44.98141300407391
40973,46.67649102562671
40974,51.34208847344979
41003,23.88292409495136
41004,31.504994813430493
41005,31.747553843233128
41006,34.49797931950866
41079,42.786393412934274
41080,48.27897426432909
41081,46.32573226602558
41082,50.35211072104027
41083,52.35364479647137
41084,54.399963811343866
41101,25.79279585359976
41102,30.261076178983636
41103,34.420892368113805
41104,37.07071943515412
41105,39.80128161849559
41106,40.55080218235983
41107,44.764909144813046
41108,46.24718930307554
41109,48.46454852925253
41110,49.24593787767521
41111,49.96340422556759
41112,51.13443227171687
41129,33.15101596756716
41130,28.60435623940987
41131,39.088893483482515
41132,39.88027109496783
41133,38.384319124608524
41134,41.70017059420972
41135,45.38184857982809
41136,46.74764633758598
41137,48.75858096087391
41138,50.01916740694852
41139,33.815072245316074
41140,32.63781316503926
41141,36.934541675092106
41142,40.25703850563052
41143,43.37031767902822
41144,44.814577916116136
41145,46.20204970154603
41146,48.770715587523384
41147,52.046689196559576
41207,15.286836383866905
41208,17.3121146896094
41209,18.27972597995059
41210,21.170488132570995
41211,26.664501955408106
41212,27.252635912812735
41236,15.651900138569784
41237,16.343695730275805
41238,20.40936412128627
41239,21.04983322360988
41268,29.42222027147211
41269,31.35845762617241
41270,35.86392985515554
41271,40.25530256669095
41272,44.31894538785768
41339,33.07562650338808
41340,36.75311750586591
41341,36.45467914923165
41342,38.418467714299894
41377,30.928632202506332
41378,34.657127823449486
41379,39.58711224134457
41380,42.02960398465542
41381,46.04736350409722
41382,48.04651639287451
41383,50.04380039655569
41384,52.10756914528867
41385,53.035370525674125
41386,55.77720445824303
41387,58.903643198381964
41388,58.78144791882809
41401,23.30081595670145
41402,30.025126986152213
41403,36.251768544629456
41404,36.41992643832432
41405,37.88812994643519
41406,40.072644903064614
41407,41.746855265797414
41446,46.75523924095827
41447,50.13375715493438
41448,51.3106168905755
41449,53.44164142299629
41450,55.102648040690006
41451,55.72050589127487
41452,58.65599458903961
41453,62.141501784892846
41454,62.83325153197699
41455,64.29431949226137
41456,65.17774965997336
41457,66.9017498097219
41484,34.567429453381
41485,38.06501639030217
41486,47.72392395496515
41487,48.06913316825378
41488,52.47992523260441
41493,16.99537337876884
41494,18.115010942685988
41495,20.45131701573664
41496,20.34250736947603
41497,25.1474716185229
41498,26.36315826284428
41499,26.363020416702287
41500,27.817804471041793
41501,34.89672481782608
41506,31.206227731333883
41507,37.67918693526697
41508,44.6587449042263
41509,45.438566728236694
41510,3.3065440055767086
41511,8.894902950136641
41512,10.463179767260023
41513,12.101632464714637
41514,15.114240100830031
41515,14.276967061363845
41516,14.857734416863034
41517,19.334655886451046
41518,25.00160309997137
41519,26.210986284126392
41520,27.32661782737019
41521,29.515712351728247
41530,0.8582059564158832
41531,4.838750079460396
41532,5.4545408504306785
41533,6.951261235339908
41534,10.321258045812597
41535,20.261888202243647
41536,16.67040352447795
41537,17.846419456988933
41538,26.84165384967541
41539,26.52646270432187
41540,28.696492427301116
41541,29.86441141024186
41559,31.086385372269827
41560,33.853326389354606
41561,35.94172310719386
41562,38.14693321779557
41563,41.31277045721769
41564,45.684683028688525
41565,46.92451551302592
41566,48.629343263658285
41567,52.93012243972834
41568,55.59295157106433
41569,57.37109750635176
41570,57.58340337618309
41579,39.102515132816194
41580,40.48427852999671
41581,44.297156625431526
41582,50.34693007223909
41595,22.787520696767448
41596,32.02869249039429
41597,30.15362477944051
41598,32.464033913672345
41599,33.971687461479206
41600,36.450080659116324
41601,39.238595169489294
41602,42.64101867446243
41603,46.56441239394522
41604,47.97281816811843
41605,49.703851511373294
41606,51.84366308808955
41652,50.60662494016659
41653,53.92400735799961
41654,57.139587142670784
41655,56.09607102158529
41807,13.91474775541546
41808,17.14261121123711
41809,22.37201781608798
41810,20.172710751174158
41811,25.547648903586712
41812,25.91269259157595
41813,27.45326986593038
41814,32.313695558056466
41815,32.122338180320746
41816,33.052614246903126
41817,36.15427427379219
41818,38.04435828033954
41856,1.1374376894625227
41857,1.2108225981375025
41858,1.9000659294355327
41859,5.88718814997943
41860,7.748487514258044
41861,5.044790138606352
41862,6.217163407272033
41863,8.42861066006756
41864,11.767774661118667
41865,13.147693585885019
41866,13.337121849127968
41867,17.115475856100627
41868,17.389095682933494
41869,20.150844668550608
41870,20.821769015612706
41871,24.41125557179399
41872,34.22180575740601
41901,17.703756772338988
41902,16.177704998964487
41903,20.68846744860866
41904,22.515257052486326
41905,21.574021428678837
41906,30.620614859376488
41907,31.535865406357466
41908,34.29960532470456
41909,35.2273848494825
41910,39.647687314082674
41911,42.00623586075434
41912,45.132962460733815
41929,38.588436583995325
41930,41.4632566984337
41931,42.600361231940894
41932,52.42805832971427
41933,28.74660710870665
41934,31.3880747324443
41935,30.33214240600659
41936,33.281130736127864
41937,35.793793127371316
41938,36.10234020345761
41939,39.087638194809045
41940,41.01335810860758
41941,42.20484450462092
41942,43.93281419219434
41943,44.75061737392821
41944,46.20476612618794
41972,25.640684492156797
41973,27.810235837998018
41974,28.088466873694696
41975,31.19450433108405
41976,33.125805131319126
41977,36.252829169540156
41978,39.02749606870963
42010,45.44884627177119
42011,46.457900258273824
42012,50.21140249744483
42013,54.801385207387945
42014,58.08189930090699
42015,58.17485712427316
42016,60.72852437799896
42017,62.34402684441476
42018,64.15062497664059
42019,9.382277603569783
42020,13.138181506864948
42021,13.596835637231846
42022,15.584725648558454
42023,36.980962889483905
42024,39.48234748845026
42025,43.108793780543216
42026,46.41458997622208
42027,47.03604333528255
42028,48.7780461081596
42029,51.21365579709473
42036,5.849704740059016
42037,10.78889372625909
42038,11.985975754612374
42039,15.729996880208402
42040,17.61125717542785
42121,19.8377003444784
42122,26.702930151846502
42123,26.153420892037783
42124,29.012491990266795
42125,30.29360413683043
42126,31.133374266019867
42127,36.01250932335968
42128,38.77541571462292
42129,40.55773789830055
42130,43.271090369575816
42131,44.20258867326931
42132,46.057456940901474
42133,20.013248732223524
42134,22.416634176436464
42135,26.594749908410073
42136,29.664861505825286
42137,33.61676952437274
42138,34.98802324344607
42139,39.1503686307735
42140,40.177638108983764
42141,42.136732418399305
42142,43.93137712398606
42143,45.590447808370854
42144,46.5000462219207
42181,6.302935878204039
42182,8.939928601280688
42183,10.676120744820283
42184,11.208872429359904
42404,28.40925060399
42405,32.918703439090294
42406,36.4206864683063
42407,39.76206325760671
42408,39.82717646839652
42409,41.549062741429644
42410,44.18111784179426
42411,46.262380013999234
42412,49.140586119020085
42413,49.962914299154406
42438,16.15373324859397
42439,20.639691139991967
42440,22.017303082415705
42441,23.153569565088183
42442,28.40379312808709
42443,31.080371027843867
42444,32.11468274224383
42445,33.1025968675054
42446,40.30883862556776
42447,41.714030103257286
42448,44.35378550737982
42615,31.880205035378168
42616,26.610998131313544
42617,29.33658571860616
42618,37.538219593023086
42619,40.75594705913668
42620,40.663624664603056
42621,42.841605649812344
42622,44.683243299412794
42623,48.177242295127265
42624,51.95538745971367
42625,52.5404763114416
42626,56.974733881239565
42639,22.521438871736905
42640,23.837718336617385
42641,27.139433560731582
42642,31.344945725333893
42643,32.980675889552856
42711,6.644561969594239
42712,7.715410079698032
42713,12.357382493427968
42714,11.691777708608864
42715,15.917068315002327
42716,18.547566805145493
42717,19.01586375826575
42718,22.079747973975532
42719,21.112960052390083
42720,34.19805869866972
42721,37.31312459108065
42722,36.63073380821864
42749,29.35906029354403
42750,39.432380543744344
42751,38.95172469745503
42752,45.384958712956696
42778,24.87901230392401
42779,28.609547317508536
42780,30.023122511990355
42781,30.2822413041329
42782,30.728909331123205
42870,5.8373758273845375
42871,7.02845318593597
42872,8.961485203288635
42873,14.870726486510998
42874,15.44177738521457
42875,17.336020777579055
42876,19.201108743655308
42877,25.77371150581767
42878,30.157873149431758
42879,29.809441976789337
42880,33.25537013159593
42881,34.563411024854254
42977,3.210156491715339
42978,7.175503954503129
42979,11.13868728593388
42980,15.238981536539502
42981,13.999552633740219
42982,17.8269716453492
42983,25.872042203581156
42984,27.975374476943852
42985,28.58463683367101
42986,30.457327791538727
42987,30.300194669996884
42988,30.225222045856984
42994,49.387972800625
42995,49.8427932554635
42996,51.61512155128232
42997,54.11201657563857
42998,58.19706743493846
42999,56.42732354650745
43000,60.819198967501436
43001,62.438224588844385
43002,62.891838760097755
43003,65.20011066172945
43004,64.94087151415391
43005,68.11496606254266
43018,16.141957513386654
43019,18.927968131628624
43020,28.556436509847206
43021,34.3593195610573
43038,20.82256766457886
43039,24.038329521758584
43040,25.58962149668473
43041,28.426582048364885
43042,31.008499271904515
43043,33.82729377375759
43044,35.75968996544607
43045,38.575408158442386
43046,42.093971313663054
43047,43.35936329565465
43048,45.92402124064701
43049,46.7263882208194
43050,31.1879784878901
43051,34.00686613320571
43052,31.05117233907742
43053,34.51907084312914
43058,19.741786932330704
43059,24.17618658241953
43060,25.16320872020647
43061,28.56329775769541
43062,31.12161878901354
43063,35.56691817340251
43064,37.956590209515184
43065,43.09470498056105
43066,44.58375486309845
43067,44.953065423582984
43068,46.99469903137723
43069,48.37635709830037
43120,18.102280670576356
43121,25.345197358604917
43122,22.036880296502876
43123,26.93738997949815
43124,27.901665489459873
43125,28.725163394469604
43126,34.78757227573091
43127,34.35366129516058
43128,38.20330797074207
43129,39.230112320710795
43130,43.26758769519244
43131,45.254744073760286
43132,15.260318545852776
43133,20.76127644563558
43134,27.160454664482977
43135,27.497278270951035
43145,34.67251475533778
43146,37.83936388409328
43147,39.998222010033025
43148,46.21120145890838
43149,46.755151727523206
43150,48.90208040175078
43173,27.112517627205534
43174,28.839717247854264
43175,31.690689058909694
43176,34.144275175892126
43203,33.474486510873746
43204,44.68270706779913
43205,49.6270609808024
43206,46.14688904319324
43223,20.67909498059161
43224,23.668520491543152
43225,29.648072735499817
43226,27.800159338764136
43227,30.692723188859766
43228,34.10658881562198
43229,34.883257402696124
43230,38.9392525546717
43231,39.57404263387768
43232,41.98243497720489
43233,44.25940224915329
43234,47.153037253899534
43279,22.25923421637487
43280,27.566363780834394
43281,28.36141722893667
43282,30.526306765198903
43283,33.36754619944813
43335,23.712798543606873
43336,28.56836761060227
43337,29.423373675373053
43338,30.819335760727693
43339,36.01875297408768
43340,37.794080619698256
43341,43.51770550884683
43342,41.96201787861491
43343,43.91150538478335
43344,45.06382078115224
43397,37.241158803695654
43398,29.463702231018978
43399,33.09500862841114
43400,36.21708289247003
43401,38.39191027333805
43402,41.09781779865001
43403,43.835108995127364
43404,45.916320316219505
43405,46.01402233319342
43406,48.25493717339823
43419,32.221726238978576
43420,36.48838188695024
43421,34.114936293112166
43422,41.099887934696206
43423,40.51748417029069
43424,43.649031961311245
43425,46.11792636725161
43426,49.77458173304021
43427,50.00737748434704
43428,52.95720012483343
43429,53.27806786967219
43430,57.55963171941341
43457,17.169188200519322
43458,20.663254363631548
43459,21.712015183283008
43460,27.735476673401973
43461,28.37766673617228
43462,30.499289714017333
43463,31.65223470587755
43464,35.17341380101206
43465,34.50709566869513
43466,37.0067500745915
43467,39.77671804803736
43468,41.83455981084631
43506,53.02487505271134
43507,44.614794069475366
43508,53.25929976716715
43509,55.716367748725425
43510,55.01454924704813
43511,58.241993587084295
43512,59.36655057453247
43513,61.66789959688985
43514,62.61094145380856
43515,63.935869922323114
43516,66.60051933797205
43521,2.1075583460758955
43522,4.48354091488861
43523,6.946231346180966
43524,6.705240383810687
43532,23.728796381026793
43533,21.899616330571586
43534,27.25353900187632
43535,28.434164063058294
43536,30.846604536432245
43537,31.042850760079354
43538,32.206602303292684
43539,34.8019760177529
43540,35.84411340211206
43541,37.96297080789945
43542,42.31537156467055
43543,43.59401870305367
43616,31.888738251281772
43617,28.952999424785272
43618,30.933117635184782
43619,33.794841601875454
43620,37.00396048466736
43621,39.41655118611137
43622,41.68114216264011
43623,42.80407038618665
43624,45.188412130913946
43625,46.471013432025984
43626,48.258566905510556
43627,50.875091832956
43776,16.33201051054547
43777,18.448359453081636
43778,21.68057255559597
43779,26.86767394104098
43857,28.46203516662265
43858,31.765048273876054
43859,33.335949010029886
43860,35.546174411907074
43879,1.4006472425436898
43880,2.111423416370836
43881,3.0293416722122086
43882,5.621862942543166
43883,7.59539823962171
43884,12.606322045401496
43885,12.930803897934602
43886,12.625846842789148
43958,46.26986220743292
43959,45.78985091685877
43960,48.66799269230496
43961,51.18108253131441
43962,53.99202421433585
43963,56.25661985839023
43964,58.64067257513719
43965,59.21182988326975
43966,60.74730442349191
43967,64.45129693303055
43968,65.74854662733182
43969,67.67413523999092
43970,12.29543497037904
43971,20.62878532129793
43972,16.583413473570157
43973,26.297263071520835
43974,32.8231019345117
43987,22.35341117925556
43988,34.30917560253943
43989,33.793088940753634
43990,44.762348653885866
43991,39.71753307642986
43992,37.651231449105175
43993,41.25541743320587
43994,47.260276313882066
43995,49.260684399054526
43996,51.17402117487448
43997,52.6893986959611
43998,54.749068732389425
43999,56.578468152269146
44000,58.96273452833238
44001,59.675534544296475
44002,59.734398683439586
44074,29.784716128481893
44075,32.46664977430169
44076,29.34600268099962
44077,35.88942443986849
44078,35.667003431904014
44079,39.64712924151957
44080,40.92135340904689
44081,41.8871032577098
44082,43.03457184074424
44083,44.91276204984717
44096,39.23184641377304
44097,42.99082398260711
44098,42.140098098742406
44099,53.6570356723599
44125,21.904151116668743
44126,21.657379401783686
44127,29.10990219466114
44128,32.040217164158165
44129,34.76970943965389
44130,39.291012196538155
44131,41.421106930311915
44132,44.2029051489959
44133,45.56882829169351
44134,47.773212575445285
44135,51.129423881100415
44136,52.367891737970886
44188,11.497575086905075
44189,13.454624413159578
44190,17.88879850327066
44191,17.690409239095043
44192,20.13506084812545
44193,19.313533864084377
44194,27.065011822169595
44195,22.948515504550723
44196,32.185270622459406
44197,35.794856210603434
44198,36.75539693043575
44199,39.80718944008581
44200,6.31004776437192
44201,10.119534575370807
44202,15.251453101311702
44203,14.758804359532538
44262,8.511425909056143
44263,10.371130477689213
44264,13.08283851211283
44265,14.578593510826154
44266,17.367456216259637
44267,22.34519323545776
44268,20.52930342034024
44269,25.69725757477707
44270,26.09848876658513
44271,26.510692366988454
44272,29.285369952417255
44273,30.68420239926982
44274,7.456252377804874
44275,13.827535831976027
44276,15.121364480489522
44277,17.10576870134755
44278,18.568032121588114
44279,19.65350594213117
44280,33.84592980269867
44281,34.40915484722901
44282,37.20515238497474
44283,37.82575408762515
44284,39.490249570886014
44285,42.819602741897526
44286,47.507161389444356
44287,48.587439792465354
44288,54.51908960605661
44289,53.69088996540213
44306,36.32290664308064
44307,44.08549162285271
44308,46.7080272351426
44309,50.37780205116491
44310,52.38588295502597
44311,55.22721424316243
44312,56.78190900081998
44313,56.42021123900035
44314,59.65562386355863
44315,59.82310073654424
44316,0.8156367602721296
44317,0.9230674737824712
44318,1.306053416702892
44319,3.6631814015313227
44332,22.74566187856788
44333,29.55069341722086
44334,28.81900397489913
44335,32.04095034122053
44336,35.67971857451641
44337,37.84775116416042
44338,39.850133240152864
44339,42.92365297160635
44340,44.392452443229054
44424,46.98176187516835
44425,50.1488807582547
44426,56.71263144228842
44427,60.390404366559444
44428,62.201976763144735
44429,62.18292923326137
44443,35.58499285363831
44444,40.56805873200928
44445,43.32172168566073
44446,50.59927591023414
44458,4.00198042872706
44459,8.495968807711371
44460,11.447510759900855
44461,11.312435057593
44474,52.555820213070334
44475,45.406593759096125
44476,48.27601300732482
44477,50.75213715279409
44478,52.87567921858458
44479,53.931146616581984
44504,49.842457629278194
44505,52.06902731329667
44506,55.4050357185377
44507,57.185957198886925
44508,59.74482390483005
44509,60.76138412331373
44510,62.548673310355696
44511,63.444100377981485
44516,31.703934766019373
44517,37.75882007331508
44518,45.65290809225412
44519,48.825492600551335
44582,6.906849435128636
44583,12.114415459299318
44584,16.146311770376204
44585,19.275410591721997
44586,19.517649793149523
44640,48.19068122628844
44641,48.89680098412174
44642,52.92631942581315
44643,53.212812822940506
44644,54.27387131039522
44645,56.61057996359411
44646,61.49866382019324
44647,62.800034604665676
44648,64.28827141983234
44649,65.92006241624644
44650,67.61241695020779
44651,68.41034612041767
44669,30.50901016913015
44670,35.12821898881749
44671,36.707252560774705
44672,38.440638696257736
44692,45.046199113588756
44693,50.60667632083274
44694,53.53439471127486
44695,54.208533491817306
44696,55.9390481810378
44697,58.09218332010038
44698,59.987955287495616
44699,60.62670331836888
44700,61.12529016872971
44728,16.987253371220522
44729,21.198700373951706
44730,28.497603999112574
44731,27.378438667882726
44732,29.81872927814082
44733,31.396612000488904
44734,34.4686556833116
44837,22.486413264080742
44838,24.645927133994324
44839,34.327204071749634
44840,32.8064746110383
44841,32.392287754882645
44842,33.91273567456483
44843,36.25216248955252
44844,38.59567352349211
44845,42.19994600310271
44846,46.525643234710266
44847,50.3929336976668
44848,51.0587806236091
44849,52.77187960918816
44850,54.480644628310564
44851,56.77387530732594
44852,57.36707447703576
44853,29.057120985049455
44854,30.404986641789396
44855,34.14768413561635
44856,36.08944035621783
44857,36.4670932934693
44858,38.471368599960115
44859,41.66550848146698
44860,44.768145565891366
44861,44.48286840799005
44862,47.94832773381437
44863,52.834103125421564
44864,53.89578446374978
44885,25.038974153460767
44886,21.43236336076453
44887,22.29241487511608
44888,24.994573665352483
44897,53.05615502356295
44898,56.620500696622386
44899,57.35620978222903
44900,59.86006219981945
44901,61.63681998610422
44902,63.4731691659386
45041,21.838278274950998
45042,25.30408320605587
45043,28.997549642246128
45044,31.801530461481
45045,35.29327616368387
45046,35.58093631932769
45047,36.78803632390304
45048,39.127948874095374
45049,40.60862667290009
45070,9.774266864748563
45071,10.238822525801977
45072,11.224530502621208
45073,13.782570957779098
45074,12.243743687668369
45075,31.919078660239414
45076,31.565398561912385
45077,35.172215502307324
45078,36.992227715180086
45079,44.026774959305236
45080,44.645432146895224
45081,46.604353879072
45082,49.53781001376082
45083,50.75706182967496
45084,52.76329372009831
45085,55.659138401161584
45086,58.61348393014323
45087,58.05259687354731
45093,49.53694906139199
45094,47.684187171614425
45095,54.8741187934703
45096,55.995325664171375
45097,57.940411271023684
45098,60.83000021252003
45099,64.04007052508453
45100,65.22903900213919
45101,66.95540519593446
45102,67.36966674888805
45103,69.08431823899043
45104,70.36194994260575
45105,31.188049067554715
45106,35.593006464384835
45107,45.21355107960702
45108,43.81018210427359
45140,17.031454899664634
45141,24.326003303012495
45142,26.010674469832544
45143,26.499672408650934
45144,28.485889197237068
45145,28.279341464129924
45146,31.36132154119845
45147,33.94873617837762
45148,36.065253952059116
45149,38.811598064328365
45150,40.43283280384397
45151,41.569939176859904
45176,19.05741937347588
45177,26.741020902421575
45178,24.3184790787636
45179,28.64941427253115
45180,34.460255072104665
45181,31.671045820190646
45182,33.1655806130368
45183,37.58395778881257
45184,42.7604640969085
45185,42.826524172454086
45186,45.092871937137446
45187,46.125458540021135
45253,18.322734465235875
45254,21.988276210087314
45255,27.388077975939293
45256,29.252738091109755
45283,38.03232488945351
45284,42.084319500849965
45285,46.46741553041469
45286,49.62284884803221
45287,51.323296165312016
45288,55.434322587661605
45289,56.25143096896373
45290,56.73997405196827
45291,58.540610992806364
45292,58.8201781267664
45293,60.22825304153507
45294,61.58785403456295
45354,6.619064507884318
45355,12.626561159325599
45356,14.160917083040028
45357,14.332288398210709
45399,17.4048385352131
45400,24.301942479161873
45401,25.964487301571125
45402,26.642325084393793
45432,17.790442614490736
45433,24.274564101361836
45434,25.82901221533959
45435,27.701293092830447
45476,29.88778906103636
45477,34.08317730617655
45478,35.40727333855469
45479,43.19938850974064
45480,1.1725337570939347
45481,1.2826913504535893
45482,1.9120293869660305
45483,5.477614435002214
45484,10.330325678870137
45500,19.850567932008587
45501,26.77433236905864
45502,27.38857188744268
45503,28.520665096494685
45504,26.405912631695617
45505,25.93493908275967
45506,27.372519225308515
45507,28.85916350228959
45508,33.2511601391915
45509,36.02485906483466
45510,38.28062649138779
45511,40.70257643311833
45512,42.94700919693036
45513,46.12925208950231
45514,47.535373956841745
45515,49.783842062729875
45556,20.683240399285193
45557,30.78143214624551
45558,27.0650553800788
45559,32.83960225318675
45560,27.71229769755813
45561,31.787056036400806
45562,35.09589595508913
45563,39.50878920667504
45564,34.032880184851834
45565,34.02889065890076
45566,36.5167761539599
45567,40.30785981362106
45568,43.21432693430041
45592,19.20195585822184
45593,26.224888362133132
45594,22.86319132649083
45595,26.66556865973293
45662,28.464472262594768
45663,35.73649318933091
45664,35.972088085572196
45665,39.26310689619683
45666,42.557406148270395
45667,48.17951059903412
45668,48.00304341015472
45669,49.905072532903944
45670,53.089017278780574
45671,54.479322607193566
45672,56.019491832896975
45673,58.260016768332655
45690,22.058883551547932
45691,24.723199513300802
45692,33.09750786555001
45693,41.14051214744655
45694,36.66669967400021
45695,46.904089874267555
45696,43.658929800452526
45697,47.55331444766654
45698,19.10203600642444
45699,21.097832743051644
45700,22.81111212430997
45701,27.942583950501557
45702,29.712482635500944
45703,30.417149091528824
45704,36.9488551918966
45705,41.227575943478925
45706,40.59274537281424
45707,42.77723945846087
45736,10.888792568272299
45737,17.89128599377839
45738,17.414125625390803
45739,19.85575570320537
45740,21.927631031350632
45741,27.37777037986235
45742,26.698987020802097
45743,27.74325060674428
45744,29.965455737529343
45745,33.03401507735396
45746,35.6639742025052
45747,38.16908072130264
45820,1.3528217690572166
45821,3.3327121300351
45822,5.437901011822356
45823,5.9376233577222735
45824,10.62761564849111
45825,12.282490857941921
45826,16.486379400970698
45827,17.01414255421192
45828,19.006469156541154
45829,24.808004830148604
45830,24.904959515983204
45831,28.04180268199893
45832,40.87464471091708
45833,46.16651754170623
45834,53.253931245064564
45835,54.71934575506081
45836,56.53196362641756
45837,59.629808492279736
45838,58.4662479459498
45839,61.79249908224641
45840,64.26094449943926
45841,65.49437911151506
45842,65.24047552042968
45843,67.60845472319906
45873,41.60083766719711
45874,50.85225565911529
45875,53.341514230561856
45876,56.08967878058063
45877,55.69001570698892
45878,60.797169117320514
45879,62.894419094122426
45880,64.73085259134383
45881,65.78062884444097
45882,66.44879837416885
45883,68.02521920132835
45884,68.53523954151254
45920,45.52216377097971
45921,47.398695124622215
45922,48.65745651231292
45923,57.036497082890605
45924,55.01947992694526
45925,55.32092929383931
45926,57.39851074049257
45927,60.443690281187706
45928,62.05998905679299
45929,62.20611980053504
45930,64.2398671258653
45931,65.13303801219745
45944,27.026001892596714
45945,39.0612440726155
45946,36.297344030920726
45947,39.56005819586638
45948,38.879704025326724
45978,37.963114032623594
45979,47.43773338755212
45980,48.71445926640289
45981,53.331956389730195
45982,54.15217755068075
45983,56.77495181344841
45984,59.171442601131425
45985,60.29505252917904
45986,62.119754144507645
45987,63.09458014786752
45988,63.80963431485133
45989,66.27286906216207
46068,29.23809622959851
46069,38.749537696520456
46070,38.4464014186295
46071,42.26576719087985
46072,45.82156597521682
46073,47.6761554276238
46074,47.89817711904495
46075,49.45315533466852
46088,36.99941483927886
46089,36.98488652394529
46090,40.9407362544216
46091,43.99982662753495
46092,44.0802152941442
46093,45.71912592797602
46094,47.66303746261738
46150,29.977854640555357
46151,21.41876824974039
46152,27.587948286676482
46153,28.951771246745878
46154,29.168409511320718
46155,32.77595008244739
46156,40.39310029762133
46157,39.640671976446086
46158,41.00965085114881
46181,33.03709693400156
46182,45.51390426681624
46183,46.33347520824989
46184,49.06225919301515
46216,48.59010188450024
46217,38.0494880859718
46218,42.95678243945123
46219,45.976432280293714
46220,48.40343694230176
46249,47.75263467712234
46250,43.69966344522145
46251,44.57995021605859
46252,46.0406015442213
46253,51.737905297477155
46254,53.548623739120586
46255,54.054037101843306
46256,57.31139109473385
46257,57.48218639849309
46258,58.933905237629226
46259,60.937095682179645
46260,61.1820834479832
46272,11.305630415939113
46273,14.709875522408572
46274,16.93456387587796
46275,19.54195516455185
46276,26.70657249754105
46277,27.47469417876076
46278,30.87743378528152
46279,32.534792914279116
46280,33.74291723314119
46281,36.97977759758598
46282,37.91676122160613
46283,38.39023278045087
46288,15.290366052075042
46289,18.026944387144567
46290,25.633372406799335
46291,25.552288353700007
46312,8.413790790319817
46313,13.310183342658414
46314,15.724682378756023
46315,21.011877073856752
46316,48.56335993343973
46317,47.894482795416
46318,51.51685325732993
46319,50.13401738935712
46320,55.074248131274835
46321,56.59493331983483
46322,59.69357426247034
46323,59.073985467287415
46324,60.04573045757287
46325,63.45361024074491
46326,64.1450929894285
46327,66.02375256610287
46340,35.79980318562382
46341,41.97421075610947
46342,44.946119786895906
46343,44.17450486011868
46425,13.372003454650917
46426,18.36830334409388
46427,20.772421484542246
46428,29.18271087023472
46429,36.08763743648855
46437,30.17077570023601
46438,34.7582806742721
46439,39.26280000899301
46440,41.71321307032238
46470,17.933728701139646
46471,21.199503001318554
46472,25.70782645227483
46473,27.718375622104602
46474,26.870441434550266
46475,31.82381806139602
46476,34.11555094966813
46477,37.802850931253595
46478,37.45379700338877
46479,39.80685273371566
46480,42.76896472124113
46481,45.42560857922672
46530,31.769378349396497
46531,32.22840760246772
46532,38.07309955293424
46533,39.17009827786818
46602,37.503373241131804
46603,37.940518063959196
46604,41.771593662823584
46605,45.15267910187521
46635,26.245842481893767
46636,27.587019244125266
46637,28.592169350056768
46638,31.704406129428147
46672,22.842452687953337
46673,30.223559548243113
46674,29.633561271078975
46675,32.48524831737054
46676,34.92970282659809
46677,41.33980428493119
46678,50.32172475983436
46679,50.68605550997209
46680,18.11946030722977
46681,23.20762440904286
46682,29.175885117300215
46683,34.28925510980271
46684,31.90332525673122
46685,37.06938519721134
46686,38.515633055128426
46687,43.31609206129136
46688,43.500003553721626
46736,49.12220502837606
46737,39.56178964588543
46738,43.99928525113712
46739,50.912747559330604
46780,19.46908121206514
46781,21.03032983920473
46782,21.597279957044186
46783,26.06262505492402
46784,28.193506147957308
46811,38.39411123496859
46812,46.89367350511776
46813,49.252347129016286
46814,52.5782189460502
46815,53.239044794016195
46816,56.22673831419966
46817,58.58668869828089
46818,59.92188083603148
46819,63.09741972553987
46820,63.53825349054024
46821,65.36823585574902
46822,66.19860165479108
46839,18.12614315161076
46840,20.571984157729467
46841,26.508616682041133
46842,23.224101915111273
46843,28.20769738576201
46844,29.986203494706057
46845,32.34474020766375
46846,36.72700971452357
46847,38.23872492920548
46848,42.48994830069563
46849,44.98294196611095
46850,46.50212731229463
46977,3.5240118411601236
46978,3.53109708673607
46979,4.390775229661843
46980,6.939913810308908
46981,9.01909106250126
47007,16.473282992802325
47008,20.208540552563203
47009,20.925098043370728
47010,23.960209306487123
47011,31.099800250075784
47012,13.452197563627646
47013,15.957274642430171
47014,17.497617504089483
47015,26.33329000414943
47038,17.033530211769932
47039,24.450412596704886
47040,26.900812683487715
47041,28.950920222235368
47042,32.85670031404163
47043,34.959604260286596
47044,37.244930786611945
47045,42.2580953278724
47046,43.719282565039215
47047,45.507772717853825
47048,45.5211383949787
47049,49.14339251685326
47141,41.372405417643186
47142,47.62720372238916
47143,52.81549073697465
47144,54.330393924936985
47145,54.94974040062622
47146,57.6387486165624
47147,59.30428767146417
47148,61.06938663840958
47149,62.02822162990128
47150,65.0699896321065
47151,66.96014353738585
47152,66.59017203869587
47211,0.10351886887106995
47212,0.5851942004738933
47213,1.6094488897657824
47214,4.583768364555573
47215,7.412258642776819
47216,8.546439706420792
47217,10.358434798528489
47218,12.068326654522961
47219,16.614420375694703
47220,16.637833027345536
47221,18.375800838316085
47222,19.661931259028826
47223,54.701548659216606
47224,55.89707682009187
47225,57.71192123067828
47226,59.007963088617046
47227,20.677667978765434
47228,27.254761120372
47229,31.040678969877078
47230,35.72122330816945
47231,39.598518688963594
47276,2.472651592500336
47277,3.628512752879986
47278,7.193222316364721
47279,15.092105849266165
47280,0.37180860766196794
47281,0.7858014463253057
47282,1.0729803509306832
47283,1.7997740410516527
47284,3.071521868253407
47285,7.92918394344166
47286,9.295818770493462
47287,15.39935464381445
47288,12.726919231062864
47289,16.61308009706327
47290,21.677105901240342
47291,27.05384509862827
47292,30.088515558734755
47293,31.350646705421855
47294,34.41838660104564
47295,38.18198818163929
47296,8.809259727596835
47297,12.184770713188326
47298,12.367527686025936
47299,24.41791096949135
47300,26.15039444092242
47301,27.518695810302464
47326,61.23000501670791
47327,58.92755809556655
47328,61.58491652521139
47329,58.7737307596044
47330,63.20892371842507
47331,64.71896274434135
47332,65.62233225886996
47333,66.9422326960151
47334,65.67045164740234
47335,68.79441199505433
47336,68.71023856448807
47337,70.36332939904567
47377,12.94767631167614
47378,12.804357091573646
47379,16.656295814411894
47380,18.351163586638343
47381,18.922169665074318
47382,19.274721157001473
47383,26.09659742543882
47384,28.4210225027295
47385,27.630113212352725
47386,29.098864604821976
47387,33.10181422557921
47388,33.48501397405344
47438,40.009317194600285
47439,38.765176789634594
47440,39.41396159409958
47441,42.492257114284726
47442,28.69501243599464
47443,28.670408185467156
47444,31.99591387375311
47445,36.284652181949035
47446,39.622111372401676
47452,47.91784427580691
47453,58.22574810403708
47454,52.18134842778998
47455,56.300930403710794
47456,56.63674366367832
47457,57.71369138637612
47458,59.120715467855575
47459,16.683214927099478
47460,19.36844251161995
47461,20.93992658500102
47462,23.06663645076301
47463,28.429554042942918
47464,34.03467794738674
47465,33.82347446566247
47466,35.727751235964035
47467,39.10313518270851
47468,39.40295838263626
47469,41.4316961269392
47470,43.52732404960838
47490,15.48677945666754
47491,18.848032166312375
47492,26.281138151226486
47493,31.07424474954047
47494,35.1174127675415
47511,40.14613682404423
47512,45.26390101083261
47513,50.44988526822083
47514,52.424600731864714
47530,26.365827085945064
47531,33.34679977957224
47532,31.734765683877022
47533,38.105150774498014
47534,40.17329281922384
47535,41.744556867916636
47536,45.587887256101325
47537,47.356402466007516
47538,48.493794269133126
47539,50.094121845549964
47540,51.68388500107404
47541,53.5700736158509
47551,9.444619050549713
47552,9.961267781239421
47553,10.321106523037106
47554,12.87401380339204
47555,14.182865781034007
47556,18.167162867586754
47586,49.021283357766826
47587,53.68216779932141
47588,58.3779680570248
47589,62.477075571890445
47590,64.31736906979141
47591,65.29603719830264
47592,65.50297159330367
47593,68.32411412521161
47594,68.98909763789958
47595,70.24646490803548
47596,71.51345038343743
47597,71.56994118001742
47598,27.591477468136652
47599,28.937833401291
47600,32.82054061178713
47601,36.771137987004685
47628,11.82802787476054
47629,11.471398455249423
47630,15.112452347418257
47631,18.207445708719217
47638,17.53284957702115
47639,11.88828794094645
47640,11.897377257851081
47641,13.685459951605065
47642,18.81483277395759
47643,17.46464375658484
47644,25.597874887031725
47645,25.111152115005012
47646,25.558954414411375
47647,26.060695127204706
47648,28.76320767934232
47649,31.139497403499053
47697,11.757827986624573
47698,16.05630272960899
47699,15.152431238606278
47700,18.35938845140755
47701,19.71156377454197
47702,22.19397179403122
47703,25.801186977615973
47704,27.34694349035763
47719,15.603922361222278
47720,18.52557307881284
47721,20.075669219890845
47722,21.343888049828045
47723,22.76153478678053
47724,27.13642809988924
47725,27.97728144888095
47726,30.570699709430567
47727,11.662454473415421
47728,13.164104808861808
47729,17.388800396477578
47730,20.032487568927255
47731,23.06739362387721
47732,21.57680231781538
47733,25.676884678833495
47734,27.207594219319706
47735,27.955460747343004
47736,30.467383459845042
47737,34.24756347155455
47738,35.96922712398208
47739,47.16999460045688
47740,45.27753010449491
47741,51.70786094592857
47742,55.15629147106793
47743,56.57562732243407
47744,56.05823488781091
47745,62.88841445886863
47746,58.64667474000757
47747,60.23743618351434
47748,60.94609588624296
47749,63.47796468059452
47800,36.580417069665785
47801,30.786628864614485
47802,36.55244607522221
47803,38.89686539240171
47804,40.10571393386693
47879,26.963048604528286
47880,30.945197482234487
47881,34.58672025322571
47882,32.21096441472048
47895,10.996018132042328
47896,13.442872677880287
47897,13.441549066081219
47898,18.73449216536616
47899,19.041519118595776
47900,20.487082225432026
47901,25.206400709799247
47902,25.996955896827295
47903,27.60100992231122
47904,29.195295586667502
47905,30.650237037239442
47906,32.776229068465284
48043,15.819612236892509
48044,22.6099866854881
48045,22.182058074833044
48046,24.442078014585892
48047,34.95833055189554
48048,32.99601727886502
48049,35.057273018038046
48050,38.786546871827
48051,40.0367275912776
48052,39.066069023693736
48053,44.35806103523379
48054,45.690504615256245
48055,50.32376775410022
48056,40.68570998435709
48057,45.16898702795037
48058,49.450631411752155
48059,55.14430045474139
48060,34.29713127636203
48061,30.851111643692867
48062,30.943040338111093
48063,34.783404917661734
48064,36.017958310016176
48065,39.51955004258475
48066,41.634216073313475
48067,44.49656189913121
48068,47.296977278489905
48069,45.812084727893804
48070,21.28505046507119
48071,22.638376969439893
48072,23.19712093319698
48073,29.31397887076398
48074,30.176067247419514
48075,33.66676463925111
48076,34.92019914773299
48077,36.896801563802136
48078,41.163750771584894
48079,42.7729842975534
48085,41.46323880642291
48086,48.469903390551416
48087,49.54528976264317
48088,51.54274404472163
48089,56.71750188343209
48090,55.858652578477354
48091,24.22117110095429
48092,31.725319119549876
48093,36.361049986005206
48094,37.08398853802074
48095,40.51598953995063
48096,44.570034354102646
48097,43.2842203341695
48098,46.28807289368101
48099,48.34903631724178
48100,50.600259246982304
48101,51.64764535002535
48102,52.84035432523542
48128,4.702941420406646
48129,6.154747662013786
48130,9.381643620251177
48131,14.000024526465916
48132,16.99541054084468
48133,16.682938232953703
48134,17.6197090572123
48135,27.70275861052179
48136,28.93802971579706
48137,29.830651712612926
48138,30.79342295383408
48139,31.606211053011837
48212,27.99365749868174
48213,34.43731125171195
48214,35.779443285343454
48215,37.28422765245414
48216,42.15967379414848
48217,43.78199144076916
48218,44.59135153776969
48219,47.02880784058654
48220,49.00866736594745
48221,50.70654524090281
48222,51.20793500423279
48228,6.445284914662585
48229,9.217793321609348
48230,12.283208090725465
48231,14.141095443072674
48244,36.27568918093994
48245,36.310367526797194
48246,42.23835349313539
48247,42.508818921172235
48248,43.53642888472691
48249,43.545968479898534
48250,51.88937765675495
48251,54.484639391243256
48252,56.37425033082518
48253,57.14799208511023
48254,60.632392821169944
48255,62.95221461512936
48256,62.460259321517725
48257,64.59255432701075
48258,65.28279137555566
48259,67.7078491080808
48272,19.03565777185348
48273,22.46689394044513
48274,28.12665965520433
48275,27.645045465774864
48276,29.910435247989493
48277,30.79461329639127
48278,32.954668929469165
48394,49.693253700737884
48395,47.02478674338526
48396,50.100904372767985
48397,54.33031648749643
48398,58.36947921710614
48399,59.41676938201718
48400,62.02563307193496
48401,62.21410408290623
48402,63.58694862609131
48403,64.51661395696568
48404,65.99172283889729
48405,66.98249890236941
48406,44.62295515359855
48407,39.313415037343916
48408,41.19025615534968
48409,42.47879807012585
48410,44.22496013376082
48411,50.34825652024207
48412,50.94203151077602
48413,53.28338318293799
48414,54.62032539305062
48415,54.7773736499833
48416,52.58700442804519
48417,43.74098119548162
48418,48.49082116807564
48419,49.514136424670625
48420,51.08117661461599
48421,53.75246683681895
48422,58.0586392358533
48423,57.72039351402517
48424,58.921186156655246
48425,59.88357190234923
48426,62.07310196272916
48427,63.77836455661613
48428,12.949640922576885
48429,16.662837830640775
48430,17.35838041469113
48431,20.841288746837108
48432,20.37720730355273
48433,32.28102089439496
48434,28.747144505255672
48435,32.30589977457782
48436,33.30048823135908
48437,38.49732720022044
48438,41.637558037241035
48439,41.493918729849916
48475,4.458875932891139
48476,6.792320227865769
48477,9.02111021815449
48478,13.424306158155565
48479,17.21519782903046
48480,16.762348033842777
48481,18.978780842876354
48482,24.461377915701984
48483,25.993683612222373
48484,27.204068030813016
48512,16.00406722544666
48513,15.585643440767631
48514,18.193867913328912
48515,18.953454702195238
48516,20.069362207221957
48517,21.233991939534477
48518,28.321733499697725
48519,30.293401636143404
48520,33.88103848599343
48521,37.36774803297512
48522,39.402458864199296
48523,42.58747372892431
48528,20.50681275675813
48529,22.567025572478585
48530,26.42350028910182
48531,28.25366866591609
48532,31.90049548642997
48533,34.59692646299553
48534,37.138915718529816
48535,39.68300083281895
48536,40.80938692186096
48537,43.688874236583544
48538,44.74732344250531
48539,47.99605725713343
48610,25.05310135768573
48611,30.028416439537207
48612,35.48584400341375
48613,34.15760750469429
48614,35.74708779048742
48615,38.1955396075337
48653,13.737917206382317
48654,16.991850926381133
48655,16.829220265821473
48656,25.069743814175013
48662,17.963877501107962
48663,20.013240289694636
48664,20.77154511881843
48665,21.33523736969935
48666,30.411597456025188
48667,31.295525993292166
48668,38.11453249023718
48669,38.07646871179957
48704,21.084241167103357
48705,28.483588682685223
48706,28.543482614002333
48707,30.411623930241444
48736,16.926119838333495
48737,18.47801476011334
48738,20.358613407140048
48739,27.20460403273347
48740,26.27330105406245
48741,29.020269022991037
48742,31.943978806195474
48743,35.72571058357061
48744,36.27655577249753
48745,39.152987747660305
48746,31.024722473148934
48747,32.3604192676358
48748,36.18183263909142
48749,38.33662128858383
48750,40.338390845953555
48751,44.149388321823004
48752,45.395682679199595
48753,48.41189296780283
48754,49.434749561128115
48755,50.23119064642108
48756,54.23700692796588
48768,50.14745952350811
48769,50.19462775191008
48770,53.59003966269116
48771,54.873161295292036
48772,56.78809017968139
48773,59.68117575273885
48774,59.99946936447305
48775,60.86636255778136
48776,62.33476663781959
48777,62.522494631941136
48778,64.40937027351171
48779,65.85591880492319
48828,26.154443906944323
48829,21.14225220972798
48830,25.894752682352816
48831,27.234456122119855
48832,13.957269317617305
48833,23.134680558643737
48834,24.064895690053852
48835,26.778801585038
48836,31.386053583944292
48861,27.69253361516984
48862,27.55670946043773
48863,28.69545515856927
48864,30.176984802541675
48865,33.84728421378096
48871,35.4063856566204
48872,40.62759281484568
48873,45.98583963129854
48874,46.5087979100923
48875,52.84518484632282
48897,14.118531116720268
48898,14.75816235417433
48899,16.672286908113286
48900,20.034572722182972
48901,22.33749092384813
48902,19.951977529332044
48903,28.46636174103057
48904,31.160423001006695
48905,34.70204414545952
48906,36.77234016927325
48907,38.569093687171474
48908,40.08218425284851
48918,16.156438034312963
48919,18.496506749869894
48920,20.31828296570113
48921,25.729319028514077
49051,27.765815946646455
49052,29.76779287992312
49053,34.385608801418265
49054,42.29082178771052
49055,38.82175364139531
49056,43.99637105716353
49057,45.44596167495747
49058,48.300824840512355
49059,50.91782894586174
49060,54.463711606778006
49061,56.075964254698064
49062,56.46259868713397
49063,60.12697195804465
49064,59.61106720834357
49065,60.29915740567345
49072,9.741102952142231
49073,10.601794751850298
49074,15.765725394456652
49075,17.572029098610198
49102,29.78309772822289
49103,33.87823823016471
49104,43.36076695593742
49105,40.10817178352967
49106,45.869060443703624
49107,49.72851546470927
49108,53.34455812357314
49109,54.05641800464938
49110,54.995511356522506
49111,55.87137629169875
49112,56.36516521421886
49113,60.39747002233648
49126,24.15014747216403
49127,27.393959656069544
49128,32.72226305509062
49129,32.34681143268609
49130,37.18126317115478
49131,40.676988496280565
49132,42.42064267297041
49133,44.62098138064772
49134,47.35678849399694
49135,50.88153949194646
49136,52.684021984522865
49190,32.33369447608857
49191,34.987635605376454
49192,37.84943086685473
49193,47.093352327324666
49194,49.417126638558095
49195,51.90735045226046
49196,52.517539019168694
49197,54.4785780373944
49198,55.92415241794471
49199,58.36528126456618
49200,60.0073207909965
49201,61.261243802900914
49212,35.19261113607167
49213,35.39993563189738
49214,39.88738755456526
49215,43.58441232039301
49216,46.635794229676534
49217,47.359599677214476
49218,48.1049374013465
49219,50.55365112028763
49220,52.284032299038536
49221,54.305205178137776
49230,20.064021709603356
49231,19.547017076811073
49232,28.506641262738185
49233,33.5513888793799
49234,36.89999220628775
49270,55.19272520165127
49271,56.32589700927244
49272,58.732846357474465
49273,61.83760711361742
49291,21.11097934024139
49292,25.13504099425368
49293,38.30027295780065
49294,37.41191702963202
49342,19.880679780488002
49343,27.70436185702554
49344,27.45689377622869
49345,29.16721742676559
49346,29.87373628102634
49398,10.329238716068339
49399,13.693469524262191
49400,17.880640910740375
49401,21.0665590691881
49402,21.54050681021485
49403,22.619710337861203
49404,26.13217914169654
49405,28.092293342055772
49406,29.63690672686248
49407,30.581744278988932
49408,32.90014487744018
49417,17.306619305243863
49418,23.05298929828341
49419,21.86764829237767
49420,25.445932691664794
49421,28.62208335997169
49422,33.06934142283048
49423,36.25648662644901
49424,36.155609541947165
49425,40.037063100490855
49426,42.366543643470905
49427,44.03743883780682
49428,45.97611648588094
49429,66.12221190926824
49430,67.81704436656338
49431,69.70048311990693
49432,68.49093374850877
49433,13.86363526318998
49434,18.4709131107624
49435,24.51048775114474
49436,27.153755281904353
49457,23.205490906057452
49458,25.333114144048352
49459,27.77078973820909
49460,32.676169657585035
49485,47.103944814305635
49486,41.17457446067203
49487,44.77023240252667
49488,48.31004809941013
49489,50.175318274504534
49490,52.545174134870074
49491,54.05184657059858
49492,55.64225229657871
49493,58.36350851348191
49494,59.04691918912287
49495,61.34632702205629
49496,65.13279731709167
49497,41.77955525100979
49498,41.40190585076749
49499,44.25777112347395
49500,49.91027281712374
49501,52.09841798759139
49502,53.340930795594375
49503,56.16384674207521
49504,57.537190749282566
49505,58.17986648993277
49506,63.133295108228914
49507,62.03220555719757
49508,64.89533034610807
49585,19.132766642190656
49586,22.023130750274593
49587,21.14012896524492
49588,22.79549813809389
49589,28.964307517565686
49590,30.658347771003285
49591,35.43968273693984
49592,39.65133290677681
49593,42.48679683861046
49594,43.982533226173196
49595,47.16688834132861
49596,52.487059988288564
49647,7.0246435373857254
49648,10.549349293723166
49649,14.22487234153796
49650,18.05043331374673
49651,20.23446138593137
49712,41.44914703221425
49713,39.285010081342065
49714,42.33191323646352
49715,46.46293181467699
49716,48.753291026402515
49717,51.663170992166506
49718,54.871790322035785
49719,56.72659230095333
49720,59.604577741964135
49721,61.01809687691235
49722,62.58054837315671
49723,63.33734149083068
49770,41.4007111081461
49771,43.23473840282826
49772,48.77934335682281
49773,53.24645854784085
49774,55.9198705777684
49775,55.055702368137126
49815,14.789481878777504
49816,23.76388978873075
49817,21.848122652700937
49818,23.855310822682952
49897,22.204055998699587
49898,27.340202870596517
49899,32.33329218907459
49900,34.77197703628617
49901,40.226038742284246
49902,41.03302591574196
49903,42.796397097750514
49904,44.968707729376135
50004,3.6141106983841467
50005,4.614156938649259
50006,6.893555564796633
50007,10.10429659010937
50032,25.221848967598152
50033,30.857576467566375
50034,35.55263589653411
50035,39.45292262128833
50036,24.07659496894358
50037,28.398415484821474
50038,29.97394071240254
50039,31.41699928713889
50040,36.22657096245975
50041,37.18958620230924
50042,38.20226759101522
50043,38.61618745508112
50044,41.50205681830608
50045,43.000670647741885
50046,43.08753367456798
50047,45.88229187329118
50096,55.54183318866359
50097,56.07726623531016
50098,56.21809959976567
50099,62.191594935211725
50100,66.67399867875639
50223,42.18595971130704
50224,50.60683715458378
50225,51.09795977676701
50226,56.88420932121262
50227,58.74603746348766
50288,19.99100258740885
50289,19.146032265927158
50290,21.202481712181957
50291,24.50866703229056
50292,26.347496883715174
50302,10.997481875771564
50303,13.557446822371498
50304,16.644815121664806
50305,19.39221898021954
50306,26.201745042004312
50307,26.90977090161995
50308,28.545452772475425
50309,30.354049248301525
50310,31.340267504072326
50311,31.79603047548382
50312,33.42652318913102
50359,30.710203258374143
50360,34.32306373653306
50361,39.847042401976104
50362,41.14043574070617
50363,21.260143545550065
50364,24.91613620448778
50365,29.504777524324563
50366,31.958690980493923
50407,18.11392406044091
50408,24.935022365182807
50409,22.308172016524924
50410,23.656279597941072
50411,27.58452896996355
50412,28.642872400896355
50413,30.901086537778514
50414,32.62495965778392
50415,36.254050755421126
50416,39.31892530796462
50417,42.74820451673587
50418,44.92454876712482
50457,40.20062387798503
50458,51.98308432586538
50459,54.20919020512489
50460,58.42028325465462
50507,18.172900556880794
50508,21.362981177010184
50509,26.83337746917142
50510,27.063552795483616
50511,41.221644480551284
50512,35.093970158487956
50513,45.69691018084171
50514,45.89226135280114
50515,47.8156387002963
50516,53.047068095258005
50517,52.42965402300764
50518,54.372612601832195
50519,55.512333245472085
50520,57.5787506141213
50521,60.9408135966543
50522,59.13882511069556
50558,25.522752304697573
50559,31.76300847029881
50560,28.63382461694527
50561,31.313094045406103
50635,50.182025863394585
50636,54.99828427896142
50637,58.60288458442271
50638,57.788981000002174
50639,59.72377819511371
50640,60.892192127854216
50641,62.62767708601355
50642,64.50927801268848
50643,65.16131303680815
50644,66.00743278942915
50645,66.94314637585629
50646,68.92651423933904
50656,16.95033263141089
50657,27.057482131979242
50658,26.3291722785946
50659,28.120009081856246
50660,21.41145975157688
50661,24.339276225485555
50662,29.36930305815877
50663,27.191960746390084
50664,27.255718939656077
50665,34.64527573503711
50666,37.48551638504305
50667,41.803250070755034
50668,40.54580482875947
50669,45.021287853185925
50670,49.22142148602895
50671,50.28638430631772
50686,22.595138996446458
50687,28.05491781102197
50688,28.83551279297486
50689,32.516246564059436
50735,5.0351397852176705
50736,9.52470794996892
50737,13.026132463924025
50738,13.203435889322593
50739,17.391158061053286
50740,18.09111217677263
50741,17.818999942992008
50742,24.575129590727474
50743,26.05277618911281
50744,26.579456577089495
50745,29.235188400301933
50746,29.946322985664732
50752,34.38184058079296
50753,42.91173734976889
50754,40.328651964870716
50755,45.05240157382646
50756,48.95626915998244
50757,51.6629176859048
50758,53.74114212040534
50759,53.403540251133286
50760,57.13436786559651
50761,57.59455102743886
50762,59.64433307159758
50763,62.5377280150252
50768,8.127460161312165
50769,11.78604159769442
50770,13.872138911064432
50771,17.02858750246762
50772,16.210873892981983
50773,18.519077284483146
50774,19.08678781702099
50775,25.236996015054263
50776,26.933798306269978
50777,28.741409699341506
50778,29.52667829519342
50779,30.970749357241367
50792,39.11274062958569
50793,48.28102483096483
50794,52.01247326697641
50795,52.31132023482112
50796,54.8432196122666
50818,29.66606103848469
50819,34.01711903470464
50820,32.98200457466864
50821,36.57607890376112
50822,39.81077367025638
50823,43.2233685782506
50824,43.95724545897591
50825,46.00067780091963
50826,46.93340618940806
50827,48.520726465188865
50828,51.26195778817414
50829,50.639995984745575
50848,49.40695015010971
50849,54.72481871950815
50850,58.66204896371996
50851,60.345905661167535
50852,62.991249876383385
50853,64.74387480085973
50854,66.77030426577893
50855,67.795778765755
50856,68.0139609125882
50857,68.75647343720506
50858,69.92370503189308
50859,70.66658946174286
50860,35.36484026107924
50861,40.299975139103225
50862,39.60993745733204
50863,43.091459239272574
50864,46.090800609097364
50865,49.67126483553607
50866,51.07214663372257
50867,52.87777245463581
50868,54.80478649400986
50869,56.15554895458348
50870,57.49073180816525
50871,58.88754531413599
50890,17.965292874208394
50891,21.80212807679424
50892,27.888182478775914
50893,28.88938586566485
50894,35.39139746111404
50895,37.341542576585915
50896,40.50336563535821
50897,44.05342625877451
50898,44.926969686015966
50899,47.74556600293984
50900,49.24338040571597
50901,50.57613782326191
51021,39.379620107234544
51022,40.661801898500265
51023,43.68133416863739
51024,47.55020685923812
51025,49.505913702836835
51026,52.37616370006634
51027,56.6705435330131
51028,58.15264382666971
51029,58.176837547405
51030,61.14343034437569
51031,62.06252720328521
51032,62.86300157970997
51088,42.86750367333986
51089,51.585253128665165
51090,56.58856519727823
51091,59.86237490347101
51111,26.252747725908918
51112,30.454684949225115
51113,34.211982596837714
51114,41.39296575020543
51122,37.31198159656167
51123,40.278153185398324
51124,43.82953344983991
51125,49.116317648275846
51192,15.513026619957497
51193,20.48352717144824
51194,21.315682724877014
51195,40.88400634965962
51204,44.92948103429507
51205,49.25424831847628
51206,52.779185306211936
51207,54.031608290684346
51208,55.46654868873637
51209,55.814596759292264
51210,59.59424920247282
51211,58.833869783421264
51212,60.877533653499206
51213,62.253814863175016
51214,64.96520829525146
51215,63.155378682479785
51221,7.758230930041444
51222,12.60879412266921
51223,16.21016553812684
51224,14.72307085611851
51225,17.537555807523052
51226,19.0257967232023
51227,24.744895300037516
51228,25.15781759617706
51229,26.04437457598995
51230,27.452272196828744
51231,29.570756273955396
51232,31.94276947392542
51334,10.014883953044459
51335,9.988801224910503
51336,13.982520642724968
51337,16.36113671436695
51338,17.29632082906736
51339,20.215808899111824
51340,26.307764227826002
51341,31.87659124171308
51342,32.0304293747005
51343,31.78429723567155
51344,35.52679184632832
51345,40.2115601364526
51400,15.873605442294568
51401,16.71094857905016
51402,17.60619714819098
51403,22.377086227703625
51404,21.901486093117516
51405,27.690497288632958
51406,28.087901352958532
51479,14.350074955380741
51480,14.968570864903084
51481,16.993139770193356
51482,18.066867832431274
51541,13.836333094975844
51542,21.900977957338984
51543,20.56268561145606
51544,21.543042643627874
51545,22.03808405723529
51546,27.19849275601068
51547,27.83227755370414
51548,30.573487208790596
51549,34.429033065996514
51550,37.883445741353384
51551,40.37264643669016
51552,41.92702132781879
51577,32.343775885837196
51578,41.57464283144491
51579,45.24239510483106
51580,46.308186069312
51581,50.05786753905199
51582,52.17408089142512
51583,53.57237668988896
51584,54.65885619881497
51585,58.91785066842582
51586,59.27713537878296
51587,59.61397343372214
51616,45.79753970118503
51617,45.02405926250978
51618,53.50685206053877
51619,56.22385762288526
51620,56.74474781374509
51621,59.643785604062444
51622,61.02912679943643
51623,64.28185858868999
51624,62.691934925612664
51625,65.38111794793826
51626,66.36853220119959
51627,67.91773893570831
51674,36.03569548305118
51675,42.772664062527056
51676,47.88188007184951
51677,48.36297304794284
51678,51.21337775077667
51679,53.17912920424385
51680,58.89384100439608
51681,58.91627233352492
51682,57.41346094128246
51683,57.42088723153656
51684,62.35139315359157
51685,62.25572990484807
51702,42.41230184320758
51703,45.58894984026573
51704,47.23194546515635
51705,58.08329000422919
51706,61.83419729869009
51707,63.35428257338124
51708,66.11341693732777
51709,66.59581334072394
51710,67.24537474837584
51711,68.04557542928748
51712,69.20274930285828
51713,68.53657277877676
51718,19.604263891250884
51719,24.295279366586453
51720,26.473580368694613
51721,30.088563474283557
51722,32.917178552308094
51723,34.28223519817382
51724,36.080451233924734
51725,37.3586582410087
51726,41.01833514798218
51727,43.449679664663556
51728,44.78762665600908
51729,45.04894176913038
51730,40.76192126462605
51731,46.87000170875916
51732,51.48244195563177
51733,55.226032562054215
51734,55.62637501773256
51735,59.213262950425765
51736,62.25244085498311
51737,64.60153497705751
51738,64.00181249843673
51739,66.25871481248814
51740,68.62175428797869
51741,67.61324394141388
51747,22.1682847339521
51748,23.714223752768092
51749,28.643412012668175
51750,33.589278470375874
51751,35.4678203557902
51752,37.288434285200914
51792,25.478886919870305
51793,29.370789312132672
51794,31.529643439047526
51795,36.310094161188374
51796,32.90893876191797
51797,37.827627250474755
51798,43.191514525518265
51799,48.470407605533445
51800,48.37788915587518
51801,49.513377549664526
51802,55.76240200489332
51803,56.32183839997187
51812,7.434018720788823
51813,12.753859017316648
51814,14.430944455101633
51815,14.928972965505562
51833,26.565400805055628
51834,27.516829451050494
51835,29.780044313963355
51836,33.018300740922115
51837,36.864283681371205
51838,36.817178542526335
51839,41.372479171151106
51840,27.238719577568272
51841,34.91159596891243
51842,35.411928528316636
51843,35.16337861912385
51844,38.59117781749348
51845,41.5540035933742
51846,42.567126668414744
51847,45.80352795669082
51848,46.74450738875026
51849,49.278664701619334
51850,51.27698938911058
51851,52.67779481058759
51864,29.87420114276636
51865,30.614413011562245
51866,29.742808589829526
51867,34.005438023138915
51868,32.92866166017243
51869,35.171811368552206
51870,39.7265580537723
51871,41.57980019237982
51872,43.02085431959526
51873,44.74843642861808
51874,48.05514536275087
51875,50.82811657404356
51891,13.835225195855859
51892,15.201349775928184
51893,19.632475052533277
51894,19.866444904818017
51921,15.887730835057972
51922,26.367848565052203
51923,25.791025668018158
51924,23.796581594844696
51925,29.002034792782712
51926,30.60498656726191
51927,33.7168653000607
51928,37.803247525496786
51929,41.74332867591847
51930,42.3920429575451
51931,46.31542372467893
51932,47.91813237772034
51937,37.557160408956044
51938,47.4051902196471
51939,47.82248753077494
51940,50.32184687288088
51941,52.94989644312093
51942,50.12784538937521
52202,34.625690141823874
52203,42.17834918217951
52204,48.11016545602983
52205,55.313256391909505
52206,17.780902314516883
52207,20.04732075176274
52208,23.18822825028683
52209,27.49412592312508
52333,29.119837182534226
52334,32.493386302142916
52335,35.923874605185375
52336,37.43470157608616
52359,34.31696235441521
52360,38.52795577785883
52361,38.50508830705535
52362,43.375844152640475
52363,47.6743112377331
52364,49.114208042463126
52365,51.869236104150424
52366,51.62882300229737
52367,53.00175747775839
52368,56.8425811839219
52369,57.515821224949384
52370,60.01137489175155
52377,6.834020678607602
52378,8.572492429530739
52379,11.142003743596378
52380,13.081096786996795
52381,14.693694796959187
52382,16.219903481178022
52383,17.45804817906063
52384,25.289539117479208
52385,25.496091657419225
52386,26.458304919482174
52387,28.363211081237296
52388,31.112034820066178
52413,60.69343344585178
52414,57.379938177345224
52415,55.88246933924129
52416,56.99217321454244
52417,61.44742582847238
52418,61.91311139758165
52419,65.64372298267156
52420,67.14774478878954
52421,66.94095993723364
52422,17.172191406637122
52423,15.782050720153991
52424,17.284556085081448
52425,19.612611578953622
52499,21.16946459024948
52500,26.5009638871418
52501,29.995806482732625
52502,33.964818668374846
52515,29.950480003630854
52516,42.38990713826593
52517,46.033499990593874
52518,51.95748000121774
52524,13.2275566194365
52525,17.927466033284542
52526,19.006509696176593
52527,25.32406377562827
52587,32.17099096331967
52588,33.31514334902197
52589,35.49397890970607
52590,38.867018708625736
52591,40.421430903944426
52592,42.99294192031072
52593,44.66515912539033
52594,46.433751163417185
52595,48.0072786369826
52614,28.379532096787017
52615,30.345326177720807
52616,34.119185830251176
52617,36.01997921656241
52657,4.2380586000085
52658,7.878639897707063
52659,11.475598739026214
52660,11.600830318980854
52661,47.29484669315085
52662,50.52659606806583
52663,59.133105059740345
52664,61.0136833215107
52719,39.00798635610595
52720,37.4826101530486
52721,39.38826549315417
52722,42.33726822849436
52723,44.563579789368625
52724,47.66544488798182
52725,49.893018478927296
52726,51.63482273041626
52727,53.405378733484646
52728,56.11111926722537
52729,58.030367334358836
52730,58.51637805910677
52753,8.616151743914411
52754,8.399984012545941
52755,11.202420871133596
52756,14.51418819042745
52757,13.612762564892545
52758,16.754858033566403
52759,19.72164245954413
52760,19.10056069753077
52761,19.26830725066064
52762,24.879266076511527
52763,27.90283984017972
52764,28.148847370564887
52802,55.486017263887554
52803,63.41031932587043
52804,63.86213356957241
52805,66.57920910792114
52806,67.99721192712323
52807,68.14132493107327
52808,70.3511041579582
52809,69.52303780530093
52810,67.04794645763454
52811,69.07115917334536
52812,71.0248560605213
52813,72.84653722414058
52861,26.111386556238863
52862,29.71778822292318
52863,32.49159611900191
52864,38.105222536909956
52865,43.346495762535476
52866,44.63727409424563
52867,45.328782839145596
52868,48.324226326737985
52869,49.18349157507017
52870,50.676903937151316
52871,53.40265950735773
52872,52.90417960370324
52913,11.77578877989535
52914,11.576672055063868
52915,13.867003729915462
52916,15.662178832909314
52917,16.463080245552284
52918,19.313742005752268
52919,19.205441342262297
52920,20.759952677237724
52921,26.723781436808196
52922,26.767386008329
52923,17.799470182624557
52924,23.49270043547739
52925,24.234426633433618
52926,25.412182608249523
52927,29.636306124967412
52928,33.548057694022255
52929,34.13836760734911
52930,37.37536760311904
52931,41.01793972298017
52932,42.439741470753674
52933,44.914761947937365
52934,47.64339408438029
52955,19.88454717076797
52956,30.37973099025499
52957,25.068609725282325
52958,36.50511094299679
52959,42.38141103659697
52960,43.5992203331497
52961,44.50928600405546
52962,47.49174721678931
52963,47.987455888564384
52964,50.10489084511103
52965,52.55585357714408
52966,53.69805139374563
52998,34.13534427895185
52999,34.15818253451804
53000,39.13750249166017
53001,44.81517224760841
53002,29.275299553205485
53003,32.64215559109868
53004,37.97438469990193
53005,38.739839255021195
53006,44.46420338969683
53007,45.65307392296929
53008,48.3227479691279
53009,49.384698233367544
53010,50.301227335909324
53011,52.01515096579808
53012,54.34933644981057
53013,56.37932342754934
53014,19.060870160073144
53015,23.6045020419197
53016,26.038743396031144
53017,26.976221879819565
53018,27.839207983937715
53019,31.3271104721204
53020,37.020890328607486
53021,36.10741003626679
53022,38.16577387852252
53023,40.25214583477781
53024,41.98953599161373
53025,44.17776885557623
53141,30.259655201227808
53142,31.744730041432863
53143,37.34022538602304
53144,40.38586431082195
53145,42.52291807257323
53150,5.526252418049635
53151,10.626819858298598
53152,12.198260955149284
53153,14.263067265362528
53154,16.336450423547607
53155,17.12280016979313
53156,18.2496466857503
53157,24.779904518736547
53158,25.985350919630648
53159,26.16281766702302
53160,28.351518908035562
53161,30.191936406045464
53162,27.016559331101554
53163,28.554511886580944
53164,32.52300329189051
53165,36.13459560007154
53166,23.822730787763923
53167,25.50906117754908
53168,24.971247536678117
53169,27.888304507721358
53170,29.680143874991266
53171,21.322134043390303
53172,29.054022163403427
53173,26.634337170399426
53174,31.07031576405907
53175,32.29833058480101
53176,31.021301293285557
53177,32.700262278220634
53178,38.578268644610944
53179,41.39133599987908
53180,42.47526366277008
53181,45.75476550208938
53182,48.00516968173082
53183,48.39113536527322
53184,49.499970100423674
53185,51.50887658001669
53186,54.01490483268293
53187,56.00118953934742
53193,33.22947555431948
53194,36.131536571355
53195,39.75053156897276
53196,42.95754745061531
53197,45.5798351170969
53198,49.79124040147297
53199,52.98602054577712
53200,53.92422885300223
53244,29.140651244228774
53245,36.694740774202366
53246,33.230791439314686
53247,41.08996654400018
53248,44.70669465239574
53281,21.463577596804484
53282,18.78715382160855
53283,24.22437008763683
53284,24.781458140967427
53285,26.12806110594899
53291,39.04431163813974
53292,42.223250759253446
53293,44.24245059885226
53294,46.41013648670982
53295,49.10155208503645
53296,53.34889626597502
53297,55.07006686735359
53298,55.92039248185919
53299,60.32837846905299
53300,60.257214681821075
53301,62.35329213955106
53302,63.82693039328818
53318,39.973415506456796
53319,38.365947856913564
53320,50.085908951804456
53321,50.219641039747906
53322,55.88707947428007
53323,58.781853601770294
53324,59.502291536647846
53430,26.144220051865332
53431,31.04053348527544
53432,32.22715190213659
53433,36.5777771465051
53434,38.63352969864944
53435,39.13343311820446
53436,42.86834805187514
53437,42.33968012670738
53438,46.062249770007305
53439,47.665147586522224
53440,50.82702710246786
53441,52.07816073809917
53442,28.22035246182181
53443,34.21074212345363
53444,38.41229928476021
53445,37.98541184252795
53446,43.4256516390656
53447,45.40734632605886
53448,47.31140865378279
53449,49.363478976112994
53450,52.41232309413013
53451,56.42042574134647
53452,55.377193970150486
53453,57.171896421360564
53483,21.382776820813213
53484,30.25261060904238
53485,30.216642753670914
53486,30.575837381257394
53487,35.83334818634614
53488,38.61860599452779
53489,41.91654165477566
53490,48.48315715049576
53491,49.785344457030725
53492,48.33284895536793
53493,51.828763061544095
53494,54.644340261835254
53527,42.91271014252795
53528,38.13659850735849
53529,44.894396158619145
53530,45.08871809401683
53531,49.09619463936649
53544,28.301502903569
53545,34.010990618567455
53546,41.21505474970833
53547,48.24134138844978
53589,55.81018530722404
53590,56.96283677755898
53591,59.10261281759949
53592,60.41474578465322
53593,62.66911829735938
53594,63.04865595279432
53595,65.0174338548036
53596,67.21135194640894
53597,66.98370714269173
53598,67.50909404993837
53599,68.99298789740904
53600,68.44349747316663
53651,46.564007459800365
53652,56.27228762060528
53653,55.124655615748395
53654,59.016406267959404
53655,55.280275640175624
53656,52.26034436338853
53657,49.577091168422335
53658,56.868459004441235
53659,58.41011643619668
53660,60.298042137858204
53661,61.166517833916394
53662,62.327550726754275
53663,61.74607242782756
53664,62.268890435187224
53665,66.43399347060742
53666,64.69499702388018
53667,27.225464925186674
53668,27.471032341926662
53669,29.93042240103802
53670,30.983072609469357
53671,34.58272685171584
53672,36.72861124630206
53673,38.444288812581775
53674,40.878626528689175
53675,44.68793740216513
53676,49.335855109604836
53677,50.57708277915018
53678,52.254921011418375
53703,33.6216621132427
53704,40.56672829206094
53705,45.5334701879701
53706,50.616234967548486
53707,53.28594268497643
53720,4.517864707035502
53721,6.945134745279242
53722,6.978374892829002
53723,12.762225088151382
53724,13.700388867458454
53725,14.985045816483177
53726,22.062779682558627
53727,17.834395454880134
53728,20.15876517258001
53729,29.552486107228223
53730,33.712395179551436
53731,34.36811558512089
53732,15.789670419130767
53733,22.859569991383434
53734,23.61873576250298
53735,24.591953155864093
53736,30.484945160108108
53737,26.687197972487112
53738,29.309949401933547
53739,32.29614437897642
53740,31.62403289474233
53741,36.03505803584446
53742,37.93252594414858
53743,39.409002906687796
53794,13.523933979768849
53795,16.710157327444108
53796,19.05414909880711
53797,26.38039090455124
53798,22.13897055929052
53936,46.66662185016757
53937,51.706755825887754
53938,55.292284737622005
53939,57.1434155497597
53940,60.696134287298875
53941,61.89938787902701
53942,62.98628207332416
53943,63.457969279924036
53944,64.12808297425836
53945,66.6399858875701
53946,66.44069571053356
53947,70.64245227148734
53954,0.6347155934047668
53955,0.788758546191489
53956,1.4400278308937522
53957,5.380963762667906
53958,7.539666078939126
53971,26.682291047935863
53972,29.383453100202807
53973,31.304704149843236
53974,32.82800508743259
53975,34.27650938397482
54001,26.742160404890882
54002,30.308259016177267
54003,35.617605306949855
54004,41.140901742943335
54017,23.480095512344167
54018,29.92423502417251
54019,34.95756734534681
54020,31.539866171616463
54021,36.980659688188354
54022,38.38309548709148
54023,40.49607124111964
54024,43.669421700669716
54025,42.8228540543777
54089,39.071039356755826
54090,39.10861585808755
54091,45.31995082046521
54092,46.88207993273889
54093,51.17755635322877
54094,52.49495905909971
54095,56.532879513910174
54108,53.33640261889692
54109,48.733437609026524
54110,48.90341033401399
54111,53.11571858707405
54120,9.342917534528077
54121,9.673402822847784
54122,12.882438958481057
54123,14.915661002414808
54124,16.119595014037177
54125,20.385024931061256
54131,3.71368484314861
54132,6.8363523330000415
54133,7.484213235943744
54134,12.074166989760826
54135,13.001038394796918
54136,16.58145368188473
54137,17.50008212366142
54138,24.008554493361355
54139,24.61602957808464
54140,26.15785449651186
54162,25.40795750656217
54163,34.27367020791918
54164,33.19097671269438
54165,35.309353482128195
54178,2.0052798777664504
54179,3.0657121074125264
54180,5.680283326321692
54181,8.587293201951008
54182,11.706985203438773
54183,13.743842201704965
54184,15.441720471086928
54185,16.916797911334598
54186,18.000317833288676
54187,24.541968652252052
54188,25.6997165414899
54189,27.77114886166377
54202,64.66725941792971
54203,66.81596603420307
54204,67.75610630305015
54205,68.96527527498343
54206,70.46052174533052
54207,71.95394730830424
54208,72.72114459733066
54209,73.74434059553859
54210,73.744179539149
54246,4.254096549852292
54247,6.15594029208474
54248,9.61231978272803
54249,6.727083225236594
54250,12.387904166700746
54296,41.93412286877107
54297,37.77010896310985
54298,41.932250463763296
54299,45.328278870597934
54300,47.814119812338575
54301,51.08720592263678
54302,53.338352772724825
54303,56.80787575786593
54304,57.25022288924618
54305,57.789851743904975
54306,59.82833188552254
54307,61.76880415793194
54323,14.063702706279189
54324,12.556489199780081
54325,15.974116521720497
54326,17.6752909794126
54327,17.76941015258968
54328,18.855239767230852
54329,24.61728354799175
54330,26.224356281225642
54388,25.76413703687716
54389,34.252652994290436
54390,35.69867989092188
54391,43.49028417309681
54392,45.112595267209166
54475,1.9850824890355492
54476,5.872488751983091
54477,7.256226014070089
54478,9.205077754362158
54479,11.086871729428756
54480,15.340281817525426
54481,14.610379985403702
54482,17.107249417448532
54483,17.72558527678901
54484,19.00458941656904
54485,21.883001587261674
54486,21.16038218227354
54493,31.518888891185547
54494,32.290680458993435
54495,32.992351887442396
54496,35.67413748754633
54549,15.422821018934965
54550,17.946071381845158
54551,19.790387720647455
54552,25.040610256875357
54553,26.948408179190167
54554,27.368898121967497
54555,34.24625835711958
54556,30.792060182992262
54557,35.81761071239567
54558,36.63240895445369
54559,37.89689931732295
54564,2.8901382477733257
54565,5.416928579667426
54566,8.112032487454309
54567,12.296982688909962
54659,13.35879796684811
54660,18.05708731161956
54661,23.33506942656731
54662,22.72699771145386
54674,18.971958545262066
54675,24.17447545751796
54676,25.45283852800759
54677,26.693777871989596
54714,21.752301542871784
54715,25.75739216715055
54716,28.008650918199702
54717,34.432974822082386
54718,38.52233531911336
54728,31.492756284539706
54729,37.67170266542542
54730,38.548802303117135
54731,40.30064107113379
54732,43.636539363414386
54785,26.480095774817453
54786,34.743856160534165
54787,37.097441731109534
54788,34.28443180990745
54789,37.10365969144007
54790,41.48827068709851
54791,14.367626336940345
54792,14.473390703965745
54793,18.877748506708045
54794,19.75573096611625
54795,25.480482609419763
54796,26.54328782686586
54797,27.42065648794433
54798,32.544250993538185
54799,29.288623551035773
54800,33.86188826093253
54801,36.20901638386797
54802,38.25803799239288
54851,21.65421082600569
54852,27.899938906709288
54853,29.158142433499957
54854,32.361984656903985
54935,35.690320511330206
54936,42.35313596441272
54937,50.315494513411736
54938,51.8526265591395
54953,53.438280831575284
54954,57.437768869618644
54955,59.61846213812793
54956,61.00949195262181
54957,62.45491019914038
54958,64.5321563141653
54959,65.09534678654289
54960,66.64765271216997
54961,67.77294392831286
54962,69.63625260207664
54963,70.74263082355913
54964,70.187887171762
55017,33.523988177847215
55018,38.14615168009729
55019,35.35257903328796
55020,38.65785290780955
55021,37.28515563963374
55022,44.773829594762766
55023,43.244300927769245
55024,45.734172128842424
55025,49.09987177497494
55026,47.991420293302234
55027,50.60449564944171
55028,54.79687395404967
55041,31.300887533002587
55042,35.94389947895367
55043,38.9397384851473
55044,43.74500296113103
55045,43.927683288262635
55046,45.03734716484219
55047,45.22825720276234
55048,46.6320539679789
55049,50.05662334263194
55050,49.70684460597737
55051,50.78474914848875
55052,53.11387104837126
55060,42.62834390586624
55061,42.576894494340785
55062,46.42005806393395
55063,51.30045007052618
55095,36.513464765374145
55096,43.27538432739041
55097,46.24502565475408
55098,50.96806684818309
55127,26.647789853049723
55128,24.8336335595527
55129,24.980220069848325
55130,29.76718724741503
55131,30.30978330906229
55132,32.585228846078216
55133,35.89899169942459
55134,38.49995141701273
55135,42.423261460079424
55136,43.27450911030876
55137,46.785754494997924
55138,47.52727890417076
55179,22.70910508146073
55180,32.29295505209385
55181,33.224261084772415
55182,37.49177272160925
55183,38.69315061523159
55184,34.56660427456442
55185,42.581324048139805
55186,43.23842158536173
55187,43.51118345690885
55188,46.27820828681565
55189,47.6522075950895
55190,50.04418572339626
55191,53.485084589925606
55192,52.6130613329261
55193,55.16352825440813
55194,56.51446167862179
55220,14.166323090449385
55221,18.141791045845373
55222,20.106003045403384
55223,25.659274294134924
55224,28.57183491769538
55225,29.99908595627061
55226,32.74462767070948
55227,35.47276924360662
55228,37.64991646565509
55229,40.54908470053126
55230,41.26529624356238
55231,42.91453069684261
55261,6.320021976767389
55262,11.485744599415181
55263,13.204285580906816
55264,14.600572053565294
55265,16.944280633609452
55266,19.991111390017902
55279,43.91954290367738
55280,49.714985263549444
55281,49.00092079523797
55282,52.151451981601454
55283,56.468650626355675
55284,58.812750520192594
55285,60.43346057371922
55286,62.607387916516245
55287,64.02223015812956
55288,65.44325803114582
55289,65.8645973829927
55290,67.71168323597503
55349,55.25121852385281
55350,52.925570393607366
55351,55.83007077336329
55352,58.27381364115279
55353,58.99969525154751
55354,61.80750478871408
55355,65.02907909370442
55356,65.64554669262502
55357,66.17646903671725
55358,68.64217722319594
55359,68.34999116886863
55360,70.05249998173309
55517,5.56064861101454
55518,14.024957576784447
55519,10.754353301486972
55520,13.109079822550816
55521,14.000465631025676
55522,15.937782177709387
55523,18.46676405946351
55524,19.34216527952506
55525,25.011904122913627
55548,21.407224690649524
55549,20.898260015277586
55550,21.79232245160841
55551,26.711218711061715
