Index,target
66,20.601133917452348
67,25.201527773590072
68,27.147001080324785
69,30.233561924306205
70,29.752053419035043
71,35.40698217747323
72,37.29559964556487
73,39.75364759992507
74,43.2077214023461
75,43.54258411446655
76,45.57065985981912
77,48.5814160735416
141,25.018682234559805
142,30.01099288602
143,31.35918863676744
144,37.21959502786709
217,27.057529396252928
218,31.986866227551637
219,34.66170677744033
220,39.72320930455945
221,9.906641221687993
222,12.603419408291137
223,15.325855246637067
224,18.511159659811
225,19.08018857324321
226,20.497603775399597
227,25.512191723127096
228,29.1522254024585
229,30.735215644770012
230,33.43216784985214
231,35.77762671052409
232,39.3395115394551
233,37.631143617572256
234,43.71431432363656
235,46.715950530657345
236,49.18447609165823
237,51.16031100108728
238,57.5117352895446
239,57.55285587769957
240,60.96870801659914
241,66.67420784602875
242,71.45276315562081
243,72.9841317780315
244,70.71635609111118
423,18.221252924985965
424,17.823630999558333
425,25.01846167285949
426,28.22750338647621
427,31.51641900449845
428,31.73584481661163
429,32.769300398184356
430,35.70999925565734
431,35.69763700702419
432,38.00896829652344
433,38.01178132733151
434,38.99737926989552
447,14.618027225506738
448,18.722974193097322
449,21.458527140962147
450,23.618948129938758
519,28.001817556031313
520,35.265394791909856
521,38.30560580096554
522,39.70980596681662
554,18.55003264695821
555,25.148167018142146
556,37.56412332755063
557,45.50790757711346
558,45.132428782013584
559,12.202092607246533
560,16.83783102757276
561,18.12010405380332
562,21.069637247740772
563,22.88408095931328
585,26.303418659456444
586,30.13691125767101
587,29.565666356633088
588,32.775060640783686
589,33.720615619193254
590,35.230838942814636
591,35.87680200648391
592,37.650927060819214
593,40.931800572197226
594,43.01011069284377
595,43.589037074035765
596,43.234679643717485
606,21.767731615495126
607,24.448120193455956
608,26.13502633627297
609,30.09336556689684
610,32.38643631590628
611,33.44724483297828
612,36.05034104325683
613,37.302419380379085
614,38.37504843667317
615,40.69952314189759
616,42.17453724153025
617,44.007290866813044
618,28.604033254123586
619,30.12416012479884
620,38.63661603169644
621,45.69697512065877
622,40.06782001677598
623,41.788328959778966
624,47.36939978141346
625,51.07493967710921
626,55.15753646941023
638,44.70517757131351
639,48.95938662003674
640,50.44370213483291
641,53.401974393913676
713,47.422913727929235
714,52.04061556515215
715,53.69288190092874
716,56.04381589631059
717,60.41950270598944
718,59.18035100986325
719,61.580865523591406
720,62.39523667034843
721,67.53196871095606
722,67.71337805067179
723,67.3831526796905
724,68.53030938050777
731,28.055405434994668
732,28.40287074791673
733,30.43007967572435
734,29.803914692219102
735,30.322604844232185
736,34.87978068458529
737,39.91087710568913
738,39.63430685370145
739,41.5457870844208
740,43.80272318406056
741,46.311123865791494
742,50.21941897095535
759,29.505849573305515
760,35.64342817565398
761,37.62899002860894
762,37.92083744548399
763,38.88018893197122
770,35.57172050366808
771,36.57752496819297
772,38.22363555968822
773,39.72405202549811
774,44.585220293070684
775,21.67297202640894
776,25.76537522602758
777,29.396623173760663
778,30.404488605387467
779,33.21407045145649
780,36.77010034784641
781,38.175570336747015
782,40.765689875081826
783,43.86222908942895
784,49.50064404252259
785,52.22951019395558
786,51.5508744783043
787,52.12004375619926
788,54.90667282943461
789,54.487044856457594
790,56.98830035959188
791,57.60508133231653
792,58.92350291400367
822,39.69265278980048
823,44.825957279706856
824,47.43310429829493
825,52.15687220414087
826,53.24156111318701
839,20.647169881727127
840,26.52466921503987
841,29.49788484474643
842,35.63591359629214
843,35.44506858558798
844,38.29837484785025
845,38.43258265271953
846,40.48367119861103
847,41.39953896506086
848,43.53198971425477
849,44.40292879042078
850,46.38953853891845
911,17.07917442705212
912,19.891478621432533
913,23.92731752545832
914,26.586338524142533
915,28.2907581990087
916,29.25378939712111
917,35.15376928684599
918,37.94383221517243
919,39.722706524799456
920,41.3348823226162
921,41.40835005497986
922,42.99016584089114
944,21.600827724630342
945,27.189078639928564
946,31.97426807820072
947,32.98525549984115
948,35.69869185298865
949,37.668191152797164
959,46.17821488260227
960,49.50667730692561
961,51.44141430150573
962,54.15365738543972
963,56.72370041963049
964,57.4927751672104
965,59.028023459357435
966,59.46064384891965
967,60.002868948401684
968,62.54335472534092
969,63.60472693509718
970,64.63204397824876
1097,27.396609059129812
1098,28.966053486240806
1099,33.40970446144618
1100,39.73930839887273
1101,41.684582956383046
1102,42.20820324906114
1103,45.58927107535499
1133,38.71620240733085
1134,46.91138876134352
1135,50.90840021753576
1136,53.11392519701048
1137,59.896252868148196
1138,65.20826831644989
1139,29.1439594616925
1140,32.50294278991714
1141,36.457911343080504
1142,34.82457209454191
1143,42.87374117453531
1156,33.88071070598407
1157,35.77939737313976
1158,35.79884253654129
1159,36.28137518429949
1271,28.72245755938426
1272,29.773193866689958
1273,31.50388408842749
1274,33.42619408780582
1275,35.0986844099822
1276,39.613272993244834
1277,44.22334352215622
1278,45.194924412958535
1279,47.69446422887309
1280,50.11075684239714
1281,53.70456597768714
1282,56.90798889340484
1294,60.05512424141124
1295,64.04345045456357
1296,65.56553745962192
1297,69.41100130920447
1298,68.29572589710124
1299,68.03096820168243
1300,69.54222387213939
1301,70.8042107054844
1302,77.15702485944887
1303,78.36709328368852
1304,78.96152606418215
1305,79.36261001101622
1318,10.841667692721574
1319,13.66013421557324
1320,14.802232759053094
1321,18.640862027171707
1322,19.76743397061154
1323,22.95439447925497
1324,26.22781907204197
1325,28.30149721542351
1326,30.923852532814
1327,39.42797562457523
1328,41.287714131115216
1329,43.44257583454419
1443,24.95203182276039
1444,27.233390320114424
1445,29.355533216182394
1446,32.20411566671699
1447,32.081822516997164
1448,33.63840645063454
1449,34.436955355278265
1450,37.8559609390636
1451,40.041453306586334
1452,41.897918167716746
1453,45.78104483455347
1491,27.93746964179352
1492,32.10248297428806
1493,38.11921055756789
1494,43.082829148810134
1495,43.89385348069646
1496,50.3239951286702
1497,36.51710339857858
1498,40.31217487966313
1499,42.41514611076935
1500,43.341427044540765
1501,41.75461858006244
1502,41.961452767422195
1540,43.709615372391475
1541,48.142214173218065
1542,50.50774557871963
1543,53.86147847551712
1544,53.21014953462481
1545,57.296791398079414
1546,58.19531687080207
1547,58.080367405012744
1548,61.812312048525754
1549,63.65677287963
1550,65.53900722673323
1551,66.33709431312236
1682,42.12949553857393
1683,52.09707207972405
1684,54.6779350666187
1685,56.84311200186971
1686,58.51796230687792
1687,59.344591584133376
1688,61.94152676257698
1689,63.756597050889205
1690,65.03852827452606
1691,65.5360806647267
1692,67.34684150675729
1693,68.26628099819423
1788,0.26357721505887527
1789,0.45109416078566905
1790,0.7287196219444638
1791,1.7835221366086274
1792,4.115755259620739
1793,6.148814115488226
1794,9.653448416736353
1795,14.197865864298462
1796,15.84577381055948
1797,18.834792688064596
1798,17.728285887506754
1799,19.658945583180692
1823,20.809862640821265
1824,28.333551236773804
1825,31.77204308026359
1826,35.108183527890716
1827,37.23272614564622
1828,38.21283235009883
1829,43.74479381357071
1830,47.764116675507644
1831,51.26665850734305
1832,54.304728932558305
1833,53.920586533813434
1834,50.92284505542596
1835,16.09087717301236
1836,22.7952468650041
1837,30.08043673492269
1838,33.34749093674598
1839,35.61815931284915
1888,12.639415554690858
1889,14.209011127790609
1890,16.097885850547147
1891,18.450813024170216
1892,20.102952766869663
1893,23.417588582873844
1894,25.507104052904577
1895,26.424268839632852
1896,29.71742911922574
1897,39.21936760493223
1898,45.09216892248145
1899,50.24667690228051
1900,19.861727973277386
1901,32.21824384276358
1902,35.61060474538295
1903,37.031397335356196
1921,22.53867410555093
1922,24.051773509226305
1923,28.837406255989663
1924,30.6546321009915
1925,29.135203509348646
1926,33.167950832075555
1927,34.2925387486397
1928,36.98495549793637
1929,39.48950892354285
2057,20.104667875662493
2058,21.010137354049096
2059,24.993364915461264
2060,26.503009345019006
2061,30.470001524082978
2062,30.98962110087154
2063,31.9510772220927
2064,34.4977808101194
2065,40.5318101557895
2066,43.853632600944586
2067,46.38506549163331
2068,50.67991545050919
2139,49.10636380618458
2140,52.61978800008249
2141,53.842048941057016
2142,65.66362848481516
2218,27.010981204415895
2219,33.43553523972966
2220,34.6671498459821
2221,36.16923018153668
2222,34.00885301291125
2223,37.784431662274585
2224,39.45213845013973
2225,41.909634681041034
2226,44.243636184529564
2227,46.890872160907655
2255,33.7945103651236
2256,34.38510593572772
2257,35.00561349725071
2258,34.76806109983661
2259,36.55054122713778
2260,37.33221370878275
2261,40.13141664231104
2262,43.64539615396565
2263,45.73987712675187
2264,46.12032835446389
2265,47.85944157195631
2266,50.387501427189
2271,30.85357276270372
2272,32.627894699373094
2273,32.61045862308284
2274,34.51659740028116
2287,23.210927083518385
2288,22.048545791824644
2289,26.641917305613813
2290,35.08293831921146
2336,21.22143274930724
2337,26.86150380211903
2338,30.602531433170427
2339,34.08430900210802
2340,39.360953959645066
2341,39.81848531600241
2342,44.58620051616773
2343,44.92949261095942
2344,45.03175163390546
2345,49.47748684088503
2346,51.18719071477407
2347,52.45461817232735
2413,19.71548634602516
2414,22.719403523200242
2415,25.36346871613956
2416,24.541759404809575
2417,24.379974709827835
2418,28.493100744113228
2419,32.631230772924255
2420,32.99809090056822
2437,37.69000591506648
2438,41.22556457650398
2439,49.78959682622826
2440,56.820860193912814
2479,36.30548880457241
2480,39.65809396291338
2481,41.515611421661106
2482,41.3949241477603
2483,16.535196856323356
2484,18.14151524726292
2485,21.009608175059864
2486,23.085058123548755
2487,24.706366610256943
2488,27.55350051078563
2489,32.763607571299666
2490,34.11286318094172
2491,35.20216728966766
2492,35.45811307014987
2493,39.4524143515281
2494,40.16109213362004
2535,42.62961854961251
2536,45.033271473715196
2537,48.461403030515356
2538,52.33980936526632
2539,57.02982207776103
2557,23.8871601275878
2558,26.16995800808849
2559,26.978112940868623
2560,27.695650351349116
2561,34.77465226318821
2562,35.48318017044182
2563,37.2543426920825
2564,45.348574516312084
2565,45.619534797058776
2566,46.52176452729762
2567,47.60102001183204
2568,50.056319301870445
2573,33.57786891962655
2574,36.37171970699825
2575,38.84052982116658
2576,47.11115396650446
2577,47.05758395253444
2578,47.74318029633076
2579,49.190699235285614
2580,50.268576736996415
2581,52.09573497500775
2582,54.51069016114597
2583,56.33701253520914
2584,59.01079551838121
2585,12.995790748414318
2586,12.950946794737566
2587,14.674134833812666
2588,14.606313013940193
2589,37.476330114388794
2590,41.41652229809419
2591,45.110956776006084
2592,47.85396719476459
2593,52.30850748403978
2594,23.514369192444057
2595,27.414607326636393
2596,29.27009910721377
2597,33.44629552072967
2598,34.25547085282584
2599,34.54186374122771
2600,33.09763621022807
2601,34.71527162374592
2602,37.21081756461791
2603,37.89517726709481
2604,39.29939775563077
2605,41.46950486630882
2606,11.175829280456227
2607,12.373051988813385
2608,14.087842344610763
2609,17.865334362115554
2610,17.51537229071829
2632,49.35739446605105
2633,52.52975453175165
2634,57.48940596895034
2635,57.85061257315471
2636,27.039933830646916
2637,26.087073952820177
2638,33.05068637774556
2639,37.51409351730186
2640,43.76326537535264
2641,46.45601940580485
2642,53.105727557408144
2643,54.46559419276573
2644,55.726936552855086
2645,56.91456006782627
2646,57.23754670867648
2647,58.724930247834926
2672,3.151978141105594
2673,7.059875790277034
2674,8.333349984672104
2675,12.291507464761956
2676,16.027984618574244
2677,19.29989582729333
2678,22.22335078314186
2679,25.375299853722353
2680,26.875711855206784
2830,30.139996772133617
2831,31.60478011573532
2832,29.200690717645077
2833,28.41681357667154
2834,33.61680577163493
2903,4.9597684027380256
2904,6.931890114238232
2905,6.822062629850534
2906,8.806253060328096
2955,39.272191494469695
2956,42.568896274821306
2957,45.420310661608156
2958,46.25238622901082
2959,45.33114793100817
2960,47.86079692492341
2961,50.94015534851327
2962,55.709135189948825
2963,58.39878036998222
2964,41.00380297514197
2965,47.11296429175917
2966,48.75851843822703
2967,52.54294448164805
2968,55.67785242681235
2969,55.47575127158507
2970,58.072646346081875
2971,57.88208031830531
2972,60.507367201535445
2973,62.300620015849866
2974,63.43632541485812
2975,64.19587387184717
3006,64.76691247852854
3007,66.63000635160299
3008,69.11480342779433
3009,69.10558048412875
3010,68.81939801134426
3011,69.6169579256591
3012,69.54806961631115
3013,70.17655362422592
3014,71.92589955736186
3031,32.4031368899745
3032,37.9265141225955
3033,46.54261051461402
3034,51.5761891081489
3035,54.628018101107465
3036,60.11928619051357
3037,59.99695153631629
3038,61.58812846805395
3167,16.729229763373436
3168,16.50254927189409
3169,19.264643238823794
3170,19.987932267517227
3175,28.807410303873898
3176,30.568916497397645
3177,33.05924903859297
3178,37.96160462289685
3179,42.10672335353573
3180,43.113394351464954
3181,45.76863900133501
3182,54.45886215552204
3183,56.77446409282839
3184,56.915523851990066
3185,61.00263652189608
3186,62.68123125996158
3192,25.188676946642712
3193,25.131665237233523
3194,27.343030417194228
3195,32.953987349183386
3196,34.34970302849884
3197,6.325517096167977
3198,9.969342125694114
3199,17.610149327011253
3200,19.562655697905715
3201,32.97839214855133
3202,36.831997546213614
3203,38.76975460450938
3204,45.54680709210293
3293,38.12714016837774
3294,39.584828494954266
3295,40.31528835150083
3296,45.24455339455321
3297,41.30644887529927
3298,44.28029733803753
3299,46.353150536122925
3300,49.32716837833951
3301,51.98665663141606
3302,50.31947448531623
3303,52.10997832177055
3304,53.97035169668255
3305,54.26645212755357
3306,54.60227701425496
3307,57.22367566841875
3308,59.24152068941726
3309,17.213489759911813
3310,22.218612092115126
3311,26.925760827859744
3312,35.90915866836089
3313,36.729401092947114
3334,23.62618549552245
3335,27.989203938041825
3336,32.23537858745534
3337,37.22646794175062
3338,37.39861762944191
3339,39.23074576976751
3340,39.153282569200556
3341,42.335736728831506
3342,44.21424590442063
3343,49.13240575363124
3344,52.8764435799763
3345,42.69154627564914
3346,48.33359104651257
3347,53.17402246255171
3348,53.29501900030457
3361,16.93850067746094
3362,18.599259461964493
3363,21.89611364540987
3364,29.90173820478432
3393,14.577065133060652
3394,16.782446390383985
3395,21.92011718651894
3396,26.293198234277483
3425,39.74122901390314
3426,40.71138364583488
3427,48.083804058704615
3428,53.98105668876046
3429,57.5234922548558
3430,59.03232324065345
3431,59.02310055584901
3432,61.78315517026345
3472,15.123604689571057
3473,17.32858659539833
3474,19.155227980850384
3475,19.893756892453833
3476,21.142474493165196
3477,32.34881544554931
3478,34.3794014740278
3479,36.89214924298506
3480,36.76128745640495
3481,39.67164597504055
3482,41.585865904120205
3483,42.43975700931659
3521,13.177391706391218
3522,13.074916381283671
3523,16.292214414772907
3524,19.753483207580615
3583,14.864932289274808
3584,17.654827247693383
3585,21.336642908773573
3586,24.928269460617354
3587,28.26004669563277
3588,30.363807772646126
3589,33.13895596239381
3590,40.7547547927378
3591,41.752259563476485
3592,44.09496946373868
3593,46.47211566251603
3594,17.83612651553449
3595,22.804854651859642
3596,27.000942075219726
3597,33.30094565134701
3598,35.22594614667135
3599,1.6527813990894724
3600,2.794919937264582
3601,6.127724719521703
3602,9.163146458954696
3603,10.885265684269031
3604,13.94567281564966
3605,16.835475645372846
3606,21.716786164194925
3607,24.356394242271723
3608,26.96683365029644
3609,26.516700351116715
3610,28.700326245738463
3644,9.574069875807057
3645,12.192787280926142
3646,14.134838459182559
3647,15.454778183768157
3648,18.394509491368613
3649,19.16840627375455
3650,22.56066441298833
3651,25.202627445624486
3652,30.51766208983596
3653,31.972563798569503
3654,36.52167178534497
3655,38.8646149895927
3812,32.96872697602181
3813,35.955663496937966
3814,38.48511617266257
3815,46.502151101427
3816,53.64074657564708
3817,61.84249077931679
3818,39.67990838155421
3819,44.742033336973826
3820,44.10166517361485
3821,47.56595563755181
3822,49.826385731101986
3823,51.00298727875971
3824,52.61555840636483
3825,55.8003491773684
3826,58.716531228583925
3827,62.09313049736205
3828,64.34769648250605
3829,63.18549848336718
3886,28.958228657195445
3887,33.15860111760162
3888,37.32988962114013
3889,42.25966107438283
4051,15.158955813588097
4052,17.742762483884906
4053,18.553185797724833
4054,21.20685678421597
4055,22.63539904707715
4056,22.806654368225203
4057,21.94798045753576
4058,22.90403916205796
4059,25.22157323504168
4060,25.474082880267396
4061,29.071265343207713
4062,28.097865322425168
4128,17.096243294705573
4129,19.088785137483026
4130,21.575284179915666
4131,25.11674164358963
4132,26.99353049338624
4133,28.72093781331507
4134,29.59041213663982
4135,33.696783052856695
4136,36.17446401145463
4137,41.92019600686747
4176,17.83045526761328
4177,22.406819625920782
4178,23.800900360419238
4179,27.885022273424962
4201,46.18902080602845
4202,49.7684595699733
4203,51.74943246371491
4204,52.61297085705872
4205,53.70033361831214
4206,57.54970132013272
4207,62.941897139304736
4228,53.33190052120225
4229,57.089154952388064
4230,58.70722962736067
4231,60.594392631388494
4232,61.111896887299466
4239,21.23957615663933
4240,28.21315917672142
4241,32.435460044594514
4242,37.557615651152545
4249,24.32807922300731
4250,25.657140634790128
4251,28.090867610193694
4252,35.37913297839534
4253,37.2496307467
4254,39.734788688661446
4255,38.86039096799899
4256,42.4260396271516
4257,42.9642982464651
4258,42.197387671884464
4259,43.794218619868424
4260,47.00416986865552
4270,46.08025910045561
4271,46.16580305374261
4272,47.989139251911475
4273,51.553088625526144
4274,42.169183711674116
4275,44.92875765436148
4276,46.67164196227643
4277,48.788107381411166
4278,46.34895425985067
4279,47.75080507661298
4280,52.34629890091863
4281,52.929018608963766
4282,54.626151445280655
4283,57.10009895407936
4284,58.745798771162015
4285,61.01205522717198
4323,17.243770246302827
4324,20.795269061723467
4325,25.07413269809939
4326,29.05943580538279
4327,36.40178011290545
4328,36.126280038459086
4329,39.43197272512523
4330,42.53307140824147
4331,46.08031472667255
4332,50.370067767664295
4333,51.74064217006134
4362,9.106303912415061
4363,10.998150838723388
4364,12.02264925145919
4365,12.715514328171901
4366,11.253240885503265
4367,41.9575278419813
4368,37.510898382290435
4369,43.963329976945126
4370,38.87751590092505
4371,41.4853143619472
4399,48.34567523197456
4400,51.29609688970213
4401,55.85858982112152
4402,67.2992765936802
4403,67.2234328321571
4425,34.82254358041305
4426,38.196039344738566
4427,44.17752334267557
4428,46.52914000727336
4429,48.44041426571931
4430,42.26254622437216
4431,43.36438813920518
4432,47.24314797524966
4433,48.097849127288015
4434,49.322908900933506
4435,51.57381845374815
4484,13.2951676680231
4485,18.84586246116611
4486,23.598342222491983
4487,30.574480113075477
4545,17.969431150275113
4546,22.003693756779597
4547,25.724625963805817
4548,31.522100605020864
4549,35.85575065209555
4550,38.03173999529472
4551,39.706416505493415
4552,39.49004635137077
4553,41.63574258438262
4554,45.04052886378171
4555,48.166574876211996
4561,13.922283851571994
4562,15.196517366051609
4563,17.49263336341836
4564,18.5107623627259
4698,25.24038847412071
4699,26.789844694462353
4700,30.24589332496655
4701,34.01465620912491
4702,35.26771075608606
4703,35.03956926241896
4704,38.59850162529896
4705,41.95563400162332
4706,43.46018063829877
4707,46.305574205617845
4708,49.13917445082075
4785,14.14831638136297
4786,22.139676720477503
4787,31.764056923985873
4788,33.566410763693064
4828,34.404204275060884
4829,35.04603930435072
4830,39.72752149658948
4831,42.195399430645615
4832,45.86277237296651
4837,6.4691739240251085
4838,7.899140274040779
4839,9.918494962150332
4840,33.95802043009553
4891,16.979732764622362
4892,19.120366057970784
4893,20.673310334921585
4894,22.520047603398538
4956,59.254981259633816
4957,65.78990269473007
4958,71.78182144190507
4959,75.64124751597261
4997,17.810386739918943
4998,19.54443292913457
4999,24.204093209579128
5000,25.941085741512076
5001,26.978852098278715
5002,30.110539735323876
5003,32.44521509223385
5004,33.535107255038525
5005,38.55121204403616
5006,39.88797890462302
5007,42.35934884638435
5008,46.1525597363805
5045,2.23155629072107
5046,6.2503475772005785
5047,8.942987370688286
5048,14.167257456430375
5085,13.621292832798895
5086,14.373564377609853
5087,13.164832449208358
5088,18.941272196846278
5089,20.1496411468758
5090,23.971688052431208
5091,26.4798712990508
5092,29.804929134417492
5093,31.6692754260915
5094,33.50442776958703
5095,34.58393692473097
5096,37.87147566933382
5097,19.91952113759975
5098,23.34093349516848
5099,26.908257710405827
5100,30.58962011836746
5101,31.266175560348973
5102,33.757211079800896
5103,38.809365768610334
5104,43.33788997764563
5257,4.634114860881503
5258,7.50962569984473
5259,10.098293662310718
5260,12.942590147569625
5261,15.74191332659411
5262,17.938764726560912
5263,22.593373960496763
5264,25.09346391403522
5265,27.520142409685224
5266,27.809198448014417
5267,28.792792652015226
5268,31.433720120546706
5372,46.27370416145296
5373,50.12464041318829
5374,51.78658661422792
5375,56.15235755677499
5376,60.61333469256937
5377,61.015174823588936
5378,63.12361640213938
5379,64.42316314203937
5380,67.6173599033752
5381,67.04616337625541
5382,68.97835108978146
5383,70.4878318447924
5419,19.851634289121357
5420,22.571121518104917
5421,26.650276056459305
5422,32.805806746897474
5423,35.99050900892706
5424,39.822880420955464
5425,44.21607568305239
5426,45.30290300451675
5427,49.50532393068583
5428,51.347889201958886
5429,54.91186799866297
5438,44.43339221378315
5439,49.43982738765554
5440,50.722609644688774
5441,55.17340324617735
5454,46.61732205027471
5455,46.828259331732575
5456,46.076225010295225
5457,47.014633385913335
5458,57.78594159944799
5459,65.39654221701906
5460,67.36703603166646
5461,67.22459144737095
5494,13.874808929116394
5495,17.22948918538272
5496,21.7024078648493
5497,25.689361038848116
5498,26.892710925490437
5499,30.35133126597998
5500,33.98148320518108
5501,37.15852593944426
5629,3.9384402397642333
5630,6.649383897088518
5631,9.900274999255807
5632,11.884959839528053
5633,35.700447552394486
5634,35.519132019218894
5635,39.1058101353534
5636,43.00254719526788
5637,45.02417454754811
5638,44.776058492797674
5639,46.31365171443318
5640,47.45864434451554
5641,49.35664055702308
5642,49.209516723689276
5643,50.80353219693025
5644,50.58697886191369
5645,9.543265785243381
5646,11.007095407077482
5647,12.562456957878958
5648,17.314649894070428
5649,19.99612717505661
5650,25.432828848075022
5651,28.443056757270664
5652,32.32767001090011
5653,31.459246721419472
5666,40.54767830013075
5667,42.03656288548109
5668,44.70556847860688
5669,46.69227653619623
5670,48.640349341825456
5671,50.63299450360468
5672,53.97995273911989
5673,55.73089224015445
5674,55.86395654477455
5675,57.21015013778907
5676,58.135369381791875
5677,60.40624722841994
5732,25.465211521974766
5733,28.772999555605963
5734,30.02649438366839
5735,35.78070714073163
5736,33.741014062662295
5737,39.12898288915162
5738,41.76663773323595
5739,42.50355408517236
5740,43.883945582664076
5741,44.02985360537242
5742,44.72778999322229
5743,45.651824835610796
5863,45.900743754229964
5864,49.332505661010195
5865,50.14440429776211
5866,55.631244864023735
5867,57.66751876510479
5868,59.90272553805455
5869,61.71658531547693
5870,62.67682309475535
5871,63.56831541008198
5872,66.06507501040446
5873,67.31433436233996
5874,68.58451197185904
5907,40.77876294811615
5908,42.13317118498619
5909,45.83556236721472
5910,49.96475095062546
5911,52.64497798476938
5912,54.13162886069852
5913,54.2086879740548
5914,55.38517694858783
5915,56.3935105868056
5916,56.414173696706705
5917,57.58246742704496
5918,57.777250619298606
5940,26.23212140424689
5941,28.367788186937478
5942,29.980701818031218
5943,31.932339870602547
5944,12.920047268910992
5945,13.48314250798164
5946,21.476710347105804
5947,23.757983692868148
5948,26.82559795417446
5949,30.794349578120237
5950,33.40995302787418
5951,39.966388072143346
5952,42.76413412826209
5953,42.24610052380765
5954,44.12199697581906
5955,49.362771535586035
5980,31.50792285487405
5981,33.70528763968815
5982,37.855452721896
5983,41.831066934323665
5984,46.20472812146651
5985,32.43029800344812
5986,33.81677219735088
5987,35.5932993722436
5988,37.96189433304113
5989,42.2885197336829
5990,41.92172933192993
5991,45.094152237041925
5992,45.046766071493266
5993,47.507064115726905
5994,47.867667498912354
5995,51.8988746721149
5996,53.794668356740914
6001,29.45818987650923
6002,31.36213165600529
6003,35.3520496706234
6004,41.850936803973845
6005,56.51244161459955
6006,57.812629678978425
6007,66.12651119904423
6008,74.04837476528408
6021,32.89915761190828
6022,38.59160727219088
6023,50.75649541531341
6024,52.86910773557854
6025,56.12144531485682
6026,56.806849906143604
6027,58.463732271408176
6028,60.172282807582185
6029,61.904310241108085
6030,60.6917070813576
6031,63.403447236126254
6032,65.82766671562685
6122,34.88217357443594
6123,41.12830380763552
6124,40.84363573114861
6125,41.47097484911718
6261,40.79789697552913
6262,41.886302694081984
6263,48.70747028597903
6264,55.45924584677326
6265,56.06644089629608
6266,59.11869575838549
6267,57.53816245394159
6268,58.232593616960195
6269,59.37863332792443
6270,60.43647402188158
6271,61.73179927492709
6272,63.88565840034935
6313,43.86720776076546
6314,45.07646626756355
6315,47.2225099042149
6316,48.86094778973141
6317,52.68716272432387
6318,53.001945829353545
6319,58.193719216659105
6320,62.481897510716216
6321,2.7759255910302363
6322,4.742994645744886
6323,7.421522778351638
6324,10.112868628231615
6325,11.982262085610131
6326,13.946534650722759
6327,17.72983352347121
6328,20.49783062702277
6329,23.058116618042707
6330,31.817669033820515
6331,29.853313351832593
6332,30.505934709405945
6348,2.7241858798199248
6349,5.179881452877955
6350,6.908041567192837
6351,9.328006835066782
6352,11.39718526290972
6353,15.31297451004128
6354,17.483232603522417
6355,20.95346536388367
6356,24.741891575625072
6357,27.79718049502285
6388,30.05495534935021
6389,31.190828444136304
6390,32.91050829986122
6391,33.061523752535976
6392,36.04329310535964
6393,38.12189137401401
6394,41.161933068173155
6395,43.09836855409487
6396,45.13247916923661
6397,46.51220289632088
6398,47.91234579395382
6399,49.39620266924882
6462,7.959325254215503
6463,19.984265739836776
6464,27.189329085416425
6465,33.15752934554714
6486,15.304649436158313
6487,15.436185104854147
6488,17.897123526322346
6489,20.562204353545496
6490,21.554194279992476
6491,25.533247772099998
6492,28.47069586717071
6493,32.793880760934044
6494,37.95707577519278
6495,38.825861585630086
6496,41.69008444247669
6497,43.62724529108439
6538,30.962692411361854
6539,32.59191984069657
6540,34.785625340850125
6541,36.27393958433184
6558,38.846970554967484
6559,43.657528309948034
6560,48.0379634423466
6561,52.37875401355345
6562,13.415531317420266
6563,14.944590353586134
6564,17.811672796513204
6565,23.190014035239106
6566,26.682934253793192
6567,27.753894720821318
6568,27.172092042670617
6569,31.229176847799963
6570,35.072294510829906
6571,41.254770744229475
6572,45.31740288022274
6573,45.1585871189002
6574,27.307355021378264
6575,33.54574434425519
6576,39.28125804018316
6577,41.82741313393678
6578,48.81875506008848
6579,32.42687309342399
6580,31.078839566217233
6581,33.37263560586269
6582,31.58329118469556
6603,28.356124082617786
6604,30.273720365523438
6605,31.775724089893473
6606,32.88173721000262
6607,32.045854334194786
6608,34.91066391205809
6609,38.55311193472465
6610,43.447083459360066
6611,40.42188827885475
6612,41.984217159131475
6613,43.552435010911616
6614,46.433677220988024
6643,4.318340918052625
6644,10.133324601779819
6645,11.8178674818328
6646,13.753832676672436
6647,16.041941639016613
6648,18.469480750635185
6649,19.20101161543344
6650,19.28946109199279
6651,22.267398749348217
6652,24.763398437966767
6653,24.89483524137077
6654,27.27829730873618
6663,25.224179392940044
6664,30.307398785640565
6665,33.96386308625699
6666,37.62326278312867
6667,40.59770164691813
6668,44.441164573952264
6669,45.19621599661537
6670,46.33106887883914
6671,45.488203568328586
6672,46.602189082796166
6673,47.803406873527145
6674,49.10713552476577
6675,24.14552985742174
6676,27.520241333346906
6677,29.621476640778198
6678,34.30008307349366
6753,49.208569099627056
6754,56.027927024310706
6755,60.06196114812399
6756,63.44534325338036
6757,36.486782065967766
6758,43.008768349955915
6759,46.837251849025385
6760,54.144309410075245
6768,44.21337691872799
6769,49.11121266859709
6770,54.49589535839198
6771,56.362267890717035
6772,61.95255586666526
6773,66.7919196803254
6774,65.43368727192738
6775,67.00620117732197
6776,67.46987433002558
6777,67.42014695210433
6778,70.47844193795096
6779,70.93348431002521
6788,8.783251041473495
6789,10.993411382810702
6790,11.963017288790663
6791,13.344390033126402
6792,14.364283282666458
6793,16.29724617378543
6794,16.63844794769027
6795,19.034625109678768
6796,21.2105291329218
6797,22.744683863451435
6798,30.59378815850631
6799,30.740445260498742
6842,34.6772951208988
6843,37.81215935804371
6844,44.92556821204473
6845,48.72397617191901
6846,51.160216557913955
6895,30.045289619850973
6896,36.08731804738832
6897,40.902689906733194
6898,44.031538766815785
6899,42.344651760713994
6900,44.455109798582775
6901,46.653282361045825
6902,48.379298621858425
6903,49.6772949562482
6904,51.37832274205488
6905,53.15185266055917
6906,55.908762616343985
6907,56.71782678244816
6908,58.99596347774059
6909,58.6904487701516
6910,61.32408833686462
6956,34.98687067293047
6957,38.43751886853313
6958,41.165355160989165
6959,43.833949974334075
6960,47.44457416423571
6961,50.611304210776815
6962,51.44537716576288
6963,53.77901675989336
6972,19.630689869930695
6973,25.24389471893161
6974,28.00305718785322
6975,33.92611955920007
6976,34.69341825365559
6977,36.87004140931501
6978,35.323984605539245
6979,37.41322972065188
6980,41.55405894853382
6981,45.14743735511274
6982,46.59692175918741
6983,47.38440454080223
7052,34.69880296202415
7053,35.18524439144588
7054,36.86922662162795
7055,45.205616295771634
7084,0.0705295082573928
7085,0.1351271407763851
7086,1.3029167693000279
7087,1.5757649842601449
7088,8.123336342127802
7089,9.867462504456428
7090,12.387610451152039
7091,15.838792624980835
7092,17.659523361429553
7093,19.738417996075626
7094,20.06262366259048
7095,20.07520664442491
7096,29.165494137133614
7097,34.99836809264853
7098,38.241920500877086
7099,47.29540646496306
7100,53.88647050073941
7101,38.20755396215357
7102,38.23858759334617
7103,39.55233895435649
7104,43.56253914333614
7121,19.029220928442992
7122,22.822236384032504
7123,30.006310781001137
7124,39.200249180331305
7134,46.180088839372175
7135,50.138275739134635
7136,49.94848895466447
7137,52.91164043704045
7199,21.49520555796087
7200,29.730833625417276
7201,37.828528112568875
7202,40.50286933630999
7203,40.38780375504363
7204,40.944702138444306
7205,44.25219251721803
7206,45.52188628776101
7207,44.95193224067116
7208,47.51934428013858
7209,50.25443665130481
7210,51.911614095611746
7279,16.958162719917134
7280,19.23096263011276
7281,23.6485888828373
7282,26.26976111735308
7287,19.550077517519195
7288,22.888143904183103
7289,22.834428549481764
7290,25.751392099744816
7291,29.669598057827717
7292,33.11400560202991
7293,38.68986522293387
7294,38.76848152056663
7295,41.97166460502123
7296,40.9033626339873
7297,47.37663449861377
7298,51.85687674381122
7371,4.411007925814957
7372,6.777607890952859
7373,8.049906584138036
7374,11.84703097056777
7375,14.553793345480289
7376,17.94812444171622
7377,20.428460962870567
7378,23.128476632544494
7379,24.5702605622537
7380,25.836036842351216
7381,26.595135169421315
7382,29.1510549467695
7510,41.84794448695936
7511,45.70483001502192
7512,48.811303814680116
7513,48.90452947684755
7514,48.10964090388603
7551,-0.3746692786600089
7552,0.713435199479576
7553,1.0681797654206344
7554,3.3772737792801353
7590,23.375617009452228
7591,26.937356845373483
7592,30.53433154760405
7593,34.78875001318797
7594,43.30141721450222
7595,43.424328451943616
7596,43.66743621066293
7597,39.63866645008683
7629,27.439801527867324
7630,28.592827609168566
7631,29.895062316935537
7632,30.25071320040816
7633,33.725486758463546
7634,43.86058615049963
7639,33.535282312871416
7640,39.118039062726886
7641,43.417033718189536
7642,49.34622983537378
7643,50.63419898197744
7644,50.65000142781028
7645,54.499765038761176
7646,57.690201584527436
7647,59.60997448637815
7648,9.281432314830404
7649,10.668146028360404
7650,10.901563278703593
7651,12.232262147637359
7652,12.876213351322741
7653,15.548232548874665
7654,19.579079444324922
7655,25.020098877797558
7656,28.300726188886255
7657,29.670981090141815
7658,27.499902688887225
7659,31.238438913273473
7690,12.364383970156704
7691,14.933867030365438
7692,18.746857741579472
7693,23.134453619396375
7694,25.85355614045777
7695,27.812233926934066
7696,28.69160115771869
7697,30.440296408067656
7698,32.129560140668126
7699,33.21950017127207
7700,34.57531990528263
7701,36.192769414803
7734,9.572682463074518
7735,12.560085851469465
7736,18.473219179441237
7737,23.49150190047474
7738,26.125233838930928
7739,27.562560345191404
7740,28.862224245291472
7749,4.175207926643536
7750,5.919251987889731
7751,7.189976721833731
7752,9.724349281943486
7753,11.619044112402847
7754,14.848269367550547
7783,23.46312148387293
7784,27.066738890352273
7785,31.666480692512827
7786,36.183560184084904
7787,38.03603966919976
7788,7.4694870335788055
7789,7.734088882066325
7790,9.140401938347114
7791,11.150991206112755
7810,42.85116242628613
7811,48.06349810401458
7812,50.64971795285687
7813,53.54202419187523
7814,54.97326671354937
7815,55.90985293744894
7816,58.15532451349382
7817,60.10668041304177
7818,61.09564441842814
7842,29.201123145195652
7843,38.187600300661636
7844,41.9621683113388
7845,44.70012185582605
7878,27.191312867815345
7879,28.9029496882286
7880,30.964377667901715
7881,32.21610615560549
7882,34.96061141853611
7883,35.114680985523854
7884,39.97807107528666
7885,43.242451558127925
7886,46.76216531999816
7887,48.53700571977385
7888,47.99445069891685
7889,52.355616094322485
7895,25.603263876802565
7896,26.846374998115245
7897,27.203446647587555
7898,27.508629854534266
7899,34.18883271037543
7912,13.424608556879022
7913,17.18177290354225
7914,18.774002286361668
7915,21.166056949438737
7916,26.21350557876855
7917,29.97712107128834
7918,32.54207270541448
7919,35.198150274134434
7920,37.555096257044106
7921,38.08207003444343
7922,40.297481400296064
7923,42.95808745995864
7957,34.1983949965474
7958,33.18058503867815
7959,39.39085678100243
7960,39.059579480785885
7961,42.35790904300775
7962,46.408290175959635
7963,50.22550342150085
7964,53.636652624497536
7965,54.77990312417459
7966,60.11294705910215
7967,67.58979252704876
7968,44.837530198256545
7969,48.10804944463782
7970,50.87049867755331
7971,55.210431906129905
7972,58.533235086665655
7973,23.808237708934627
7974,32.26701035901792
7975,33.91364099291932
7976,36.54492445564874
7983,5.459814577507478
7984,6.969503490738976
7985,8.765083240207886
7986,10.840666410287342
8027,46.18094260172912
8028,52.0411973160956
8029,54.313043685608726
8030,55.631991966431016
8031,50.25908212336389
8032,52.022336222217696
8033,54.82919233753466
8034,56.690135338280385
8035,59.795213755511966
8036,63.37963289074711
8037,65.29165510809315
8038,66.7409030727365
8101,24.1471029766068
8102,30.089809291009185
8103,31.020949137680077
8104,29.83652110717249
8105,5.928093283099952
8106,6.770529442382094
8107,7.8695023496140735
8108,9.0416698641682
8126,40.71429926784055
8127,48.017468863138994
8128,52.516051746348744
8129,58.8947660484387
8139,29.982748732073844
8140,33.32773454502283
8141,33.83449319779714
8142,33.87344447388173
8143,35.16368541003205
8144,32.308547346903005
8145,33.20185217270337
8146,14.006534234841274
8147,13.816150811656396
8148,16.688556597699982
8149,17.252956486972955
8150,7.766836764702476
8151,8.812689174822902
8152,10.920744387022381
8153,12.965112532253453
8154,15.195127690835777
8162,44.15363047075981
8163,46.39995866287476
8164,47.19702118974712
8165,50.10079549228248
8166,45.25179911839205
8167,49.268842384612455
8168,50.22115073889467
8169,52.160121362790846
8170,53.374571771701675
8171,55.599244941962766
8172,57.001411452737024
8173,58.33816431152083
8203,18.697987027544436
8204,21.378861848930494
8205,23.69933299463924
8206,29.066099562181957
8207,30.946803628699087
8208,39.672403610250235
8209,41.72931001256228
8210,45.572516350949016
8211,48.420711971293414
8212,49.42227134881931
8213,51.537946240792444
8214,54.74128958348811
8215,1.4096391175206897
8216,1.8886281927361022
8217,9.550227854021088
8218,12.22312611177956
8219,19.286999419297242
8220,21.972407745950893
8221,22.57180802338065
8222,22.18111354161835
8223,24.69651021090197
8224,28.180623146247715
8225,31.754787211996018
8226,35.41950051756599
8305,15.521480094005819
8306,18.156519077262324
8307,19.532388094902394
8308,22.495263111153786
8309,26.72707991900288
8310,32.63627329820537
8343,12.809789804037054
8344,12.319524836394569
8345,11.266347855133041
8346,8.884151617732963
8468,27.26848450586624
8469,29.399621141545474
8470,32.83691295542272
8471,34.512783416467336
8472,26.720198780544038
8473,31.358269991938297
8474,35.48909408470776
8475,38.25277851709895
8476,37.491185651817915
8477,42.75976229821865
8478,45.14702765513341
8479,47.86798774665739
8480,49.03159367355081
8481,50.81192630520212
8482,53.33651059733799
8483,54.16057186557549
8536,26.086680564934802
8537,30.065502829037513
8538,36.035400616467925
8539,39.468380375391476
8540,9.494234986980425
8541,12.041368105235431
8542,15.615655377868793
8543,16.937312263235544
8544,19.51488818597784
8545,25.3878361805622
8546,29.9046237243077
8547,32.00851681966007
8548,28.03552371135909
8549,29.856428062203722
8550,31.658216770765826
8551,33.386855556052126
8564,30.899143170598574
8565,31.611239652322027
8566,37.23879676568909
8567,43.13464936866391
8568,50.12778109007314
8569,53.62089727638151
8570,55.10598704806304
8571,56.720508911554624
8572,59.66653430263398
8573,61.83293923780244
8574,62.69509415972164
8575,63.924152517854615
8604,12.332865150423547
8605,19.98132606437129
8606,21.786475860324806
8607,25.215263384002974
8624,16.432751508525808
8625,16.924616532243125
8626,18.03893499270282
8627,19.642478146161235
8677,25.722666010363593
8678,28.276489515376856
8679,29.878227087465774
8680,31.484594406224858
8681,31.831227703024368
8682,33.21317511623546
8683,36.09236847723563
8684,37.46397629685812
8685,38.26375945751744
8686,39.49062121358855
8687,41.123945927358434
8688,44.913206508171776
8732,56.764812274642495
8733,60.563524926851656
8734,63.68304047414972
8735,68.64134575084246
8768,38.18045875535528
8769,40.12759342377224
8770,41.5006566085607
8771,44.93919617505234
8772,52.96946773500764
8773,52.22839826720018
8774,53.95348573148585
8775,28.764284835436207
8776,28.794613827802042
8777,27.994996058307123
8778,26.930498111604194
8840,25.09732395315229
8841,28.873788401698146
8842,32.19776697383689
8843,33.260711825034186
8844,36.72275416027388
8845,39.02577553425098
8846,44.01745722900314
8847,45.53556223106423
8848,46.75402705010454
8849,48.57824036965345
8850,49.79764071576411
8851,52.96701592092825
8852,37.61958776822646
8853,38.81355265634365
8854,52.1343030747462
8855,59.84309022750103
8868,47.48627539575542
8869,49.86620243011007
8870,50.304931664291345
8871,57.46102154890192
8872,60.356675774994834
8873,62.92472626241588
8874,63.79425649795286
8875,65.97182949254862
8876,66.58384523468128
8877,67.92435091425384
8878,68.91886221131858
8879,69.64598453881605
8898,34.09539905845012
8899,35.37919564527945
8900,36.55582668506748
8901,29.245146131393167
8902,30.71657120711208
8903,35.28710779460717
8904,36.1430164663533
8905,38.565724589595796
8906,40.05670812801012
8907,42.77345740069621
8908,44.8259349677734
8965,31.46943763492642
8966,32.65963506036629
8967,34.77112195792531
8968,34.71680755305629
9070,28.90207264548575
9071,32.726168228286575
9072,34.558199939749606
9073,37.649888271039515
9074,43.1627254677047
9087,27.48319969622772
9088,34.63934216891203
9089,35.227057124330244
9090,40.34377276953965
9091,14.042126704307906
9092,16.96821843042038
9093,20.102957366408255
9094,22.50159593445876
9095,23.335392561157477
9096,25.31248470189583
9097,26.5482782872937
9155,23.016902294472473
9156,24.519211967454773
9157,27.455777120407983
9158,32.62218120115257
9159,36.40284167196089
9160,41.4626608031767
9161,39.283661481969716
9162,40.70422455176972
9163,43.64339779975801
9164,47.922591939433474
9165,53.06450865096457
9166,51.73542030395126
9167,30.259627192036515
9168,36.05550465315718
9169,38.67049791754286
9170,43.837911293673166
9171,45.87740607984011
9172,49.44122224377837
9173,53.01401777818364
9195,10.908700698436682
9196,12.793406562478514
9197,14.648145739207164
9198,16.86320156288349
9282,27.53204510154236
9283,29.355270495480635
9284,31.71930877157831
9285,35.82381926560658
9286,35.75148544570091
9287,35.00834781556269
9288,37.945011335994245
9313,14.181049972547056
9314,17.94098168115658
9315,20.565041571958254
9316,22.422643614713238
9359,37.46433414790265
9360,41.871401352040095
9361,44.16226255788146
9362,52.7477086303288
9363,34.449539950659236
9364,38.12826355166672
9365,42.651806061017716
9366,57.548136137315176
9367,65.44131083766534
9368,36.32332213506206
9369,36.33553548319851
9370,39.085039331558704
9371,41.908150598408426
9372,44.54460263350756
9373,48.772591178216366
9374,49.85971495938072
9375,51.60565255695629
9376,53.40613649989756
9377,54.44033457394462
9378,55.86656910084201
9379,57.86319343799498
9380,25.01755734889188
9381,27.46611757659439
9382,28.456824049371388
9383,30.812778013986023
9384,29.86626379221336
9385,31.884042425284292
9386,33.83370826740894
9387,35.31320408417519
9388,37.53190313419688
9389,39.08028802647844
9390,40.28969111591192
9391,42.329839588277956
9392,27.161858415290514
9393,27.360405787234633
9394,29.36006522954948
9395,26.98579942448035
9396,30.341493736366072
9397,31.872595900910408
9398,33.26815602969667
9399,34.33632856398208
9400,38.33906212541658
9401,41.6816198106254
9402,43.83194988710851
9403,45.27347219735888
9502,25.999502968884187
9503,24.939241499019165
9504,27.34493056271167
9505,25.6147526069285
9506,27.544212195432372
9507,29.41989689754348
9508,32.676087312371834
9509,31.282160753189707
9510,30.87151609744582
9511,32.43847165564648
9512,34.7207717943992
9513,34.49306385184135
9514,34.24186816385112
9515,36.14800254509908
9516,38.45035189852396
9517,42.036449733840435
9518,43.987786026040006
9519,44.57677793578066
9520,42.64520789673779
9521,45.28278718861588
9522,46.164122411674086
9543,56.267812381221596
9544,56.832431952552454
9545,58.210250122303776
9546,57.565414835501926
9547,59.55559803441626
9548,60.28981673165838
9549,63.2941677567158
9550,61.97026420546389
9551,62.997627048803565
9552,62.63821623025971
9553,64.52725394551018
9554,66.32468998441352
9724,29.252110267274052
9725,31.01656394697311
9726,31.29781673799271
9727,31.960633779859243
9728,33.61287192869639
9729,32.23569351141714
9730,36.96299160236089
9731,25.89538497857984
9732,38.469653493392755
9733,41.12853782553259
9734,45.399199091998206
9735,51.252817213949896
9778,25.371646552900796
9779,29.483914778473327
9780,31.538515328500218
9781,37.33350590235235
9826,29.804615527998422
9827,33.778255924538165
9828,35.117032506148114
9829,35.02006640916382
9830,36.67517690586334
9831,38.12150207045127
9832,40.03556423323037
9833,44.632631898628446
9834,45.0063098845597
9835,45.29680003022595
9836,45.95188156918449
9837,47.46001357930767
9850,27.90575767873523
9851,33.14926004873415
9852,34.51227565023783
9853,42.7758784628903
9854,41.286630656293866
9855,42.579136939702536
9856,45.93005746217724
9857,47.1252359861977
9858,48.03720745371699
9859,21.37418202315246
9860,29.624355815912775
9861,30.456568817401923
9862,34.64733224654151
9863,37.07030889789159
9945,39.35082943733918
9946,48.05099179110885
9947,53.07610125811426
9948,55.842660167237355
9949,51.855469034230225
9950,52.981814382083265
9951,56.94255302377829
9952,58.12497337263022
9953,61.99105409176472
9954,60.91004003074817
9955,63.83508619292954
10058,17.78023264862866
10059,19.266195878266167
10060,21.90037548724953
10061,23.118171605091167
10062,24.32017419393882
10063,26.48349775887871
10064,30.70262929381589
10065,34.12567681135186
10066,37.343158260120916
10067,41.33241811803916
10068,41.68331260537751
10069,41.59347052442
10070,40.3495431600812
10071,38.94823009440355
10072,42.94277984861198
10073,46.144166113897164
10074,52.91700613515603
10145,19.073704707058827
10146,21.99145385737125
10147,24.746322613396824
10148,25.68549370644449
10149,31.085454625516487
10186,44.23241674456217
10187,46.637647370607795
10188,46.32044425781463
10189,52.33974298505592
10190,52.97256819827218
10191,50.1571583076969
10192,54.136401412435085
10193,56.13074299797367
10194,58.996666954913174
10206,25.990461258098065
10207,28.17800505659003
10208,29.59160517680615
10209,34.69356562382705
10210,37.001720121685416
10211,39.22767463085005
10212,42.739895225060124
10213,42.48447846440097
10214,45.95045553770126
10215,47.70022789632489
10239,31.21119568209919
10240,33.9497509220291
10241,37.252457187764065
10242,38.18937841467852
10271,10.722835366546125
10272,12.68461732079936
10273,14.73014591853909
10274,16.413735491120633
10275,18.99307598220897
10276,24.64089465965032
10277,29.530822044360452
10278,32.78558230540596
10279,35.917106655759724
10280,39.33524944066319
10281,39.84700238149201
10282,40.12257746811415
10283,10.192641022603585
10284,17.479429224945203
10285,19.662317879992873
10286,25.328814908463784
10310,31.29489257324087
10311,34.02506299742558
10312,36.53470377934036
10313,37.29453329683103
10314,39.7689780452762
10315,41.56619708948854
10316,42.8413954904695
10317,45.506064665990486
10318,48.97895254984471
10319,48.93560922373239
10320,50.85549572124704
10321,52.9515213944207
10322,20.189041055501587
10323,33.22544387840675
10324,36.38709617448709
10325,38.85137385362991
10326,41.91164834017141
10327,33.73288761901729
10328,32.27626085670978
10329,42.52855857552861
10330,42.917399119729076
10331,44.05871363875859
10332,48.26431996484022
10333,50.020986015536415
10334,55.81109370295794
10335,59.46504737860436
10413,28.224142191580842
10414,38.4708144129286
10415,40.28172277478997
10416,49.43059255833277
10477,25.05195295183042
10478,27.839284579146266
10479,29.163220857450924
10480,35.062090109021526
10481,42.8343169183858
10545,19.071330221996806
10546,22.41448813126576
10547,26.255418113417388
10548,26.550181729347162
10549,29.451882693521704
10550,31.456490595527516
10551,37.30071103342178
10552,42.02907101127172
10553,45.16329288085323
10554,46.290746331437155
10555,44.23880586585587
10556,46.91702059227668
10634,42.28091604334229
10635,43.236791368597544
10636,47.505747238791265
10637,54.390827127482154
10638,42.029352899988396
10639,45.58546898389797
10640,48.43934396115907
10641,53.5549370501062
10677,18.368454341114596
10678,20.395051277322004
10679,22.9741888684171
10680,25.025666298563944
10681,27.874356320920192
10682,32.81282384209674
10683,33.53320290496121
10684,36.15675616582536
10685,36.05294622310322
10686,39.700379005648095
10687,40.683931872426925
10688,40.98560754728374
10689,43.57715380403588
10690,49.70910612457099
10691,54.50056767123984
10692,56.671393047012735
10699,19.091079035172587
10700,28.45727930546985
10701,35.86420270340827
10702,35.748892018233754
10703,33.477380023717764
10704,34.37901416234749
10705,39.49111436197006
10706,44.76872456767781
10707,47.22932279209305
10708,46.56009217209418
10709,48.470391926109365
10710,49.87102875548081
10772,25.86584655587169
10773,32.88601297045454
10774,36.477319613966785
10775,45.24893752466777
10776,47.544003487435624
10777,48.91465021409124
10778,51.62769872111328
10779,51.967356232024905
10780,54.27546566310856
10781,58.580221203022234
10782,61.0714955423627
10783,62.88746783744425
10793,9.14902521050892
10794,15.417301981795632
10795,19.242135992548796
10796,25.749452956026687
10797,29.066686481272416
10824,50.08353720273878
10825,50.86153498067976
10826,51.62416696087818
10827,47.3623543110399
10828,54.45290613494649
10829,57.21973805070408
10830,60.78109388187198
10883,8.650691013788588
10884,10.579474008968525
10885,14.660970015208662
10886,17.74323318581219
10934,26.410349415808998
10935,27.494493623860272
10936,28.59793997339821
10937,26.16041318247611
10938,29.726402816416776
10939,31.32855458859922
10940,32.55749257293241
10941,35.05953625205653
10942,36.32837625524429
10943,37.27159931253097
10944,42.29669443483098
10945,43.43854957448888
11128,21.32139414329677
11129,23.801596929087875
11130,28.52636022043738
11131,34.94676318245074
11132,36.875369142083706
11133,38.5096113782202
11134,41.167970571218554
11135,47.728631183319756
11136,49.00604135068418
11137,49.305625172211535
11138,51.84250537624271
11139,53.70927950382918
11189,26.00717334990813
11190,32.04318887152715
11191,35.372702084744645
11192,34.11160840824086
11193,41.236209685552275
11194,42.650729788677864
11195,44.037748745227354
11196,43.86590351653537
11197,45.267248833831
11198,47.222199902027555
11199,50.12005401058124
11200,49.64261399268097
11236,5.151625555780131
11237,8.661229375873564
11238,12.065441037754775
11239,15.458768842777738
11240,18.76083348927144
11261,6.761355442601726
11262,9.768542173801615
11263,14.945500017044772
11264,22.15259287837055
11361,46.2985408905518
11362,47.754912813675546
11363,50.90970548408652
11364,53.67174069147193
11412,11.84474873889093
11413,13.567563884458604
11414,15.279113957961593
11415,18.349540281184826
11416,20.465722491881227
11417,23.70849845075814
11418,26.194075913875825
11419,27.4501473550438
11420,29.023896721770694
11421,40.69468992013984
11422,44.07408152938778
11423,46.977981689729035
11424,9.732216366261934
11425,10.709622001543154
11426,14.730897324957064
11427,18.29793905572635
11428,21.608449019556613
11429,36.4386541100886
11430,42.64872852491045
11431,45.72707394106395
11432,52.42428153601413
11466,14.271555489845394
11467,14.195236376176616
11468,20.001408647388946
11469,21.549102945580294
11470,25.74103840357606
11471,27.18161263921503
11472,31.00899113575616
11473,31.717015057044375
11474,35.43904642301341
11475,39.289326466287655
11476,40.04700365591053
11494,26.368101599185447
11495,32.93891266359023
11496,32.96470546678816
11497,41.543532599382054
11539,29.535808495933402
11540,34.6900784859764
11541,38.78505463705971
11542,41.919863752498756
11543,43.818094702698474
11641,0.6783803208862191
11642,1.40043306425354
11643,3.300249922613256
11644,4.825165116603944
11645,7.771172813643751
11646,9.965850429557891
11647,11.981778398876582
11648,13.497053758058254
11649,13.787040099713447
11650,19.425169436253935
11651,23.102808734405027
11652,26.426449397591075
11757,40.9343364296011
11758,42.031376981261815
11759,46.03884935133176
11760,45.759629957197575
11761,48.599027806477686
11762,50.51525502695819
11763,59.37301432786115
11814,40.15974221064614
11815,43.8988690322822
11816,41.291828085798464
11817,49.0150237604162
11818,52.191270852084834
11819,51.57081254328991
11820,24.631201851968104
11821,33.175288990550776
11822,35.66760702807009
11823,43.95403343152432
11833,3.526572403300689
11834,3.174938230645992
11835,3.690021613891297
11836,6.347090228286112
11837,9.2986673827149
11838,10.252284980678963
11839,13.79506061134988
11840,15.681256308921624
11841,17.440107409224325
11842,22.46044790096815
11843,27.423143784074625
11844,35.950253918611395
11995,1.734770071249025
11996,1.370962657574468
11997,3.251453801767013
11998,5.8417592531829445
12009,38.38159162909123
12010,40.73945038529482
12011,42.45974617021762
12012,46.941625297848816
12013,50.794728253817475
12014,52.717721721466425
12015,54.53081893332822
12016,51.81365158195917
12017,55.992825037301614
12018,56.443530428410206
12019,56.03794604630658
12020,57.70742776612305
12032,38.9128062085758
12033,40.67158835896225
12034,43.6151878509153
12035,45.64027013436225
12036,49.25386392974827
12047,25.969922683280306
12048,24.822595577321533
12049,29.629029810524532
12050,39.1510946466125
12051,46.75300849177438
12106,57.10711003153219
12107,57.8865227145603
12108,63.26826878928719
12109,64.75334672994433
12110,67.24124855593985
12111,70.04169273869019
12112,72.74365577323113
12113,71.24138809421112
12114,71.93091009835057
12115,72.9624235877038
12116,36.46602581190246
12117,38.162840521221625
12118,40.56684323096206
12119,42.59986377730492
12120,44.351280599091965
12121,46.44584006925264
12122,48.08406408889598
12123,50.00521111903107
12124,50.20932911151223
12125,52.14524924653524
12126,53.68133586838796
12127,56.39629626889528
12132,50.90953766399778
12133,53.42265241523833
12134,55.53231568442142
12135,56.355614810949426
12186,23.862562678064986
12187,28.088124379206462
12188,28.848795053506777
12189,30.142450058499943
12190,33.282797617247276
12191,32.256232840746975
12192,34.673148417341736
12193,37.25980409244473
12194,39.47016909286725
12195,40.837552093409634
12196,42.338227162437065
12197,43.22871221746041
12210,35.001594773594036
12211,33.42469150934187
12212,33.873662935196286
12213,33.12161293165206
12233,10.315239801020775
12234,12.403327811944731
12235,14.587384322729712
12236,17.52245840018699
12237,24.12094258343253
12238,26.01055503137547
12239,27.441069717281547
12240,30.028136620458667
12241,32.32191615242792
12242,33.864157847032104
12243,35.66681860892368
12244,35.24637876840394
12245,36.8054433512998
12246,45.29134778611797
12247,45.582565105774606
12248,46.86699330959289
12249,49.28792204787341
12250,51.372590140977074
12251,52.271346456609905
12252,51.92851815747028
12253,52.60692751791097
12254,54.01280317631749
12255,57.1350018548396
12256,56.4368994887667
12269,42.834395192449705
12270,48.50867375462594
12271,48.924200597098874
12272,55.53668649857157
12273,55.099009400622116
12274,58.11856418672872
12275,62.926515410704276
12276,62.84564389463242
12277,65.24069313981553
12278,64.35367032042495
12279,66.3623552051776
12280,66.49503869003843
12307,14.413858569764761
12308,18.074520309516696
12309,20.80378012915185
12310,24.21151608601217
12311,31.33443476940571
12312,33.73416679226025
12313,35.86532796121432
12314,40.97438370288985
12315,43.74807908563525
12316,45.19436279977522
12317,46.9890571780239
12318,46.027203292559925
12363,16.130680148729216
12364,16.99676440839648
12365,20.636816093240988
12366,24.458357916053025
12367,27.56961033225018
12391,35.50136937105108
12392,39.320644232495574
12393,42.087167490653265
12394,45.86342544780831
12395,45.63941519083578
12396,47.008223258748075
12397,49.444664504542274
12425,45.295568054834156
12426,45.32401076087809
12427,45.93018170826747
12428,59.83125252584425
12429,28.757737819236173
12430,60.37659916783741
12431,62.46415043886164
12432,62.564254367996895
12441,20.361695193207947
12442,22.965033833888228
12443,25.833453725862235
12444,29.372808017266664
12445,30.540000296209765
12446,32.5326493301331
12447,36.1492659947787
12448,39.33623458597405
12449,45.72031214510268
12450,47.26464422077274
12451,49.66762063935507
12452,58.9306175214464
12514,7.054223958945961
12515,9.339966369713583
12516,10.822140916034643
12517,12.979673511847851
12518,14.659185187180688
12519,48.31941648999598
12520,50.684772050811375
12521,50.773757985965865
12522,50.74192620348084
12523,54.78897256712931
12524,56.09788289184768
12525,62.55984154835417
12526,62.804865896863596
12527,63.10213673090088
12528,65.42306024067287
12667,29.29818881142059
12668,34.30400415787857
12669,38.49863251036775
12670,43.03864826662158
12671,46.34056341810572
12672,47.31466040262228
12673,48.119531780549266
12674,54.198085103847866
12675,56.90003411978401
12676,57.21895052617211
12677,58.9931180409267
12678,60.3832221020801
12711,35.429630378105294
12712,35.9978623066324
12713,41.47088350969735
12714,46.056649231884414
12715,54.04864697856244
12716,35.9116934773372
12717,37.007280298491494
12718,39.22765555987369
12719,39.25320076007018
12720,43.968062072826896
12721,45.72127867699182
12722,48.24088356242313
12723,51.450034244562104
12724,53.32108856910487
12725,53.39758845311331
12726,55.00911796426835
12727,57.116608589284624
12733,10.573887285014248
12734,12.715228119976707
12735,15.998984184536623
12736,18.80083412342711
12737,23.75488457468233
12738,26.06165423648675
12739,27.627030518622906
12740,31.25137794795228
12741,34.38321039185391
12754,32.98415765150089
12755,32.672278994277086
12756,32.40539780840967
12757,32.6578637354875
12777,0.8397062709407846
12778,5.630864315630667
12779,7.647511136175363
12780,9.935215754268999
12781,12.532603631016718
12782,14.04653099073808
12783,17.015740706857954
12784,18.90522658627348
12785,23.14826691697967
12786,25.389624700458256
12800,37.24565115475377
12801,38.22537073509287
12802,42.68538582992814
12803,50.36372949586572
12804,51.390290129812136
12805,51.708931548627696
12806,52.990888935004726
12807,54.3880423209585
12808,55.79989713741021
12809,59.32505329022235
12826,17.126446307869422
12827,17.195380784052343
12828,17.512212811075926
12829,18.701476285583695
12853,4.277827115137602
12854,12.191220951137298
12855,18.045065914773982
12856,24.425881298639837
12857,27.642618293418153
12858,40.34591006103342
12859,44.66615223599716
12860,46.859327421645524
12861,47.81281677692071
12862,49.813491997959645
12863,49.00705980025849
12864,52.16948726899544
12865,53.37975738762497
12866,55.66430294136971
12867,56.04600419645519
12868,58.743175558262415
12875,20.542507159857976
12876,24.751075452542498
12877,27.72662252566964
12878,36.76984669045478
12879,41.61790294946429
12880,46.486760787220135
12881,49.766464226681904
12882,50.883467925431574
12883,55.939246245807055
12884,65.5996790901927
12916,24.79518354807662
12917,27.982983550375874
12918,27.69600333862965
12919,32.62555503406741
12920,34.148136808821604
12933,11.923571480920035
12934,13.994492509938222
12935,15.752816156763956
12936,21.906229311239944
12937,25.09958941952566
12938,27.32734448977355
12939,30.185426207172913
12940,29.362685036916368
12941,32.222047918683735
12942,33.28067862613711
12943,35.42914607746399
13020,29.147776228461478
13021,35.64523648662941
13022,36.047169062281185
13023,38.43649091876849
13024,48.14440030784562
13025,49.89331951311748
13026,49.68120203476211
13027,51.95837127385696
13028,51.5976367492573
13029,52.53325415037878
13030,54.95224690711924
13031,49.096769685429756
13032,56.04786325073867
13033,60.36097168546411
13034,62.497135844696245
13039,13.372482353103845
13040,17.360694666712995
13041,21.27908089524317
13042,25.51659131650031
13043,27.623631846646045
13044,28.628138115433718
13065,11.095258035664695
13066,15.671927881718107
13067,19.18560073952533
13068,21.4497766816622
13069,20.945263928857013
13070,21.897405165373993
13071,26.007978356704765
13072,30.159475460802252
13073,32.98100103266877
13074,32.75653250183819
13075,31.75391781964051
13076,33.90538412963781
13077,9.36340372654169
13078,13.77610008886763
13079,18.488792064780576
13080,23.906320272849836
13081,27.762900124066796
13134,8.95982534376754
13135,17.129094995657923
13136,19.605364590085383
13137,25.508272655126483
13162,22.620236866088444
13163,23.3198057328643
13164,25.657182498381978
13165,27.33264765489636
13166,30.586217328561034
13167,40.831885599523716
13168,45.7052233638858
13169,45.18181923853649
13170,43.92932576309607
13171,46.763571836473396
13172,50.748151246574395
13173,53.24943115340145
13195,37.68531117235543
13196,39.85614554255403
13197,40.38107978104244
13198,40.174134245015836
13199,42.2651717234285
13200,43.660955886188525
13201,43.820713392887896
13202,45.249856617018374
13203,47.38556735909622
13204,49.918470950811404
13205,51.38122239354843
13206,50.973937020650865
13219,20.061422206181525
13220,22.02874547655161
13221,23.074189191997966
13222,25.973657484678572
13223,31.760119941145252
13224,34.559881373566675
13225,41.41483100066996
13226,46.58714467660558
13227,46.61537309509604
13252,21.83746755852385
13253,27.00782727506104
13254,28.748324930836883
13255,27.219963286438226
13256,29.361498685382017
13257,35.91570023338789
13258,36.80525135737636
13259,52.31283305928562
13260,55.469592357196774
13261,57.35497795733714
13262,59.91764437740903
13263,63.36788172988539
13294,32.878742382311934
13295,34.615768696679226
13296,38.01125117795958
13297,39.17131774361147
13298,42.239974672105774
13299,43.171808115380834
13300,45.14406286981771
13301,46.78386332629136
13302,49.006224721200056
13303,50.08742355507513
13304,51.119176496602094
13305,50.18599060464612
13332,43.8445246954614
13333,44.64335065638917
13334,49.15708016915717
13335,49.95103706541122
13336,52.42222848623046
13337,53.467037412496865
13338,54.48182392525036
13339,55.853676300190095
13340,56.34761317035754
13341,59.15700410121729
13342,60.9175043266844
13343,62.24610384136652
13344,2.7183615827834493
13345,4.093149123861818
13346,6.860640654330013
13347,9.077936702258896
13348,15.867487148266182
13349,19.39100705119247
13507,7.943087825758205
13508,17.121136058726076
13509,20.99210620658058
13510,26.738516181976003
13564,53.99029378797279
13565,53.701686536862624
13566,56.69430142488592
13567,54.844737656921126
13568,58.33302202890116
13569,58.749462510873315
13570,59.02316102672937
13571,61.23379830489267
13572,65.0444554273823
13573,66.77755693320091
13574,69.97009578444947
13575,68.67417543990508
13674,9.459247516766567
13675,10.40708649265493
13676,13.135503016823073
13677,15.058920861488662
13720,11.197756883724598
13721,12.758524991081028
13722,15.291200663793102
13723,16.722456095061666
13724,20.701285211317877
13725,23.86222781796518
13726,28.667388749694627
13727,34.90613194360191
13728,44.051952755968934
13729,33.04634169628097
13730,34.29168749225508
13731,37.88954821161777
13732,44.73868298977359
13750,31.53416407536332
13751,38.84486484981297
13752,41.09167520647259
13753,44.30104214236731
13754,49.789785010667046
13755,52.475238988292475
13756,52.8541849260297
13757,56.294638059107065
13758,59.20415884399791
13759,56.883729969792405
13760,59.25142735898303
13761,59.8639628105778
13867,22.21849764079104
13868,24.42302240462202
13869,30.734706772234468
13870,36.405074499449256
13871,39.6643705825935
13872,43.02128907358452
13873,46.719547502393695
13874,47.86734302242295
13875,49.87601589047731
13876,51.45196016269115
13877,57.31665039567994
13878,58.46849252915875
13896,37.9381943613287
13897,39.25931799376032
13898,46.25827786645775
13899,47.31579612882474
13918,31.087488708848294
13919,36.17442677350979
13920,40.09438519173656
13921,43.360596910464814
13922,45.594425034617466
13923,41.667855094969376
13924,44.09536585152874
13925,46.00962003741453
13926,49.04390629335586
13927,52.08844980015142
13928,54.824977573641945
13929,57.15312689668188
13946,12.316126964517258
13947,17.29664427701601
13948,19.22433611776526
13949,20.556114378498247
13950,20.51568587146299
13951,24.268805491754556
13952,28.165792370301727
14097,13.686745199967833
14098,21.71617404919024
14099,27.80734964251798
14100,32.41321847162649
14219,22.7422892798783
14220,25.036035165489483
14221,28.57696957624575
14222,32.44545065176964
14325,46.36841158066569
14326,52.08424666440328
14327,52.377979971093154
14328,56.33433859844009
14329,57.69034750507
14330,59.541576465677366
14331,60.5259505270759
14332,63.750462408923156
14333,65.5774631211407
14384,12.762265372615104
14385,12.573360465782631
14386,16.636545389776494
14387,19.294231700124428
14388,21.51214293806742
14389,24.611650437907254
14390,27.489842129857674
14391,29.672613833487347
14392,31.509336728571203
14393,33.39664815932374
14394,36.57892778540493
14395,40.8590262971968
14396,32.940830054488536
14397,39.66332366927227
14398,44.9737598970041
14399,51.81457894061436
14400,3.745932670999467
14401,7.392374705833662
14402,9.369374341405324
14403,13.711806255487197
14404,16.24473391441745
14405,18.783493493770486
14406,21.207468776668158
14407,23.87915086052586
14408,30.476852023764835
14409,34.23006840616066
14410,34.54135363324267
14468,21.931230334969744
14469,25.461166838157308
14470,30.240250712460227
14471,34.110420395693815
14472,34.06497500882086
14473,35.5756579888091
14474,38.66751319587744
14475,43.014138958298275
14476,42.92594014105698
14477,44.76395490673782
14478,45.810802392836166
14479,47.33709050339782
14498,-0.06457763345642255
14499,-0.16393132485347103
14500,0.21759094050606748
14501,2.7443361124569754
14502,5.276776743901885
14503,7.11548019354843
14504,7.7390215832125415
14505,10.544765234962565
14506,12.77026669705299
14507,14.905959465672128
14508,18.156260338574512
14509,17.596888169863426
14510,9.820222394058707
14511,11.944322052326832
14512,15.496621123998155
14513,17.363646849533183
14514,18.247868835515572
14515,20.01530016462079
14516,24.09103166556895
14517,25.989822741599355
14518,26.34233596884791
14519,25.356616382489076
14520,23.464680971556103
14521,25.21440419456791
14535,6.237699827514981
14536,10.346141496993218
14537,15.268022797534107
14538,20.67573651332526
14539,26.23545516467537
14540,28.400369052399114
14541,32.26573523967915
14542,38.02044084923177
14543,40.78433042046634
14544,41.35593370580095
14545,43.112975706992614
14546,43.759845708470344
14547,29.343732177239108
14548,35.126181605659646
14549,37.2088964431365
14550,38.10152465241297
14551,40.21816603254719
14552,44.867927130339964
14553,50.915099335523706
14554,55.17058205329681
14555,57.56945923124655
14556,60.85322801199965
14557,61.53098452878766
14558,64.80869399101086
14563,56.54058229943174
14564,59.586675811104364
14565,58.28448505816829
14566,64.09011391439363
14567,69.03647379368857
14568,70.31136762755891
14591,21.89938298578387
14592,26.20162385279378
14593,34.50997635422592
14594,46.32278821997187
14602,39.965663177398056
14603,43.73373183345214
14604,44.33568188065539
14605,47.89249429460854
14639,13.504703960371586
14640,15.650804441598236
14641,15.727275070706934
14642,22.83100046861223
14663,12.118424284412665
14664,15.003271270155054
14665,19.99149117611243
14666,21.88374576855021
14667,23.894657971429424
14668,24.6284064289209
14669,32.93245432933671
14670,36.04643174888818
14671,41.013665320504124
14672,41.60682778548986
14673,41.61648368966674
14674,44.28695230477561
14675,57.192928956377266
14676,56.93612090753455
14677,59.559966401804076
14678,52.33222969816078
14679,55.491892961478094
14680,58.62549194290404
14681,57.52507876542347
14682,59.29032639341965
14694,39.634568526521235
14695,41.30159347825557
14696,44.105834261472275
14697,45.09418320440544
14794,20.143419993953096
14795,23.755990037152422
14796,27.90782368075411
14797,31.49743007122299
14831,3.8778128977170803
14832,3.7139925568356564
14833,5.367395588270497
14834,8.36908468680263
14835,16.065774846264237
14836,17.38355496856104
14837,20.718631216887214
14838,25.27722184042069
14839,27.59866133594278
14861,40.64777645549078
14862,42.34270792427932
14863,42.74613310992372
14864,36.123472703543335
14865,39.27913102814259
14866,39.78145902733295
14867,41.75699101234452
14868,44.66133870778442
14869,46.825808404771045
14870,47.89851097056353
14871,50.95099525243151
14872,50.80143417305744
14873,39.03354462743277
14874,43.36429355092966
14875,49.231196769543374
14876,50.17710406112271
14877,7.810999853469864
14878,9.571869025331829
14879,12.974271933698038
14880,13.876518833850332
14881,16.54908117218236
14882,20.081941290042963
14977,0.18070271539900276
14978,2.3133897806643353
14979,4.6889154076262045
14980,8.072048550189407
14981,12.248929960911834
14982,13.86015838526609
14983,16.125202838309377
14984,16.954271136072542
14985,18.800442914966553
14986,22.50707692476707
14987,25.88105612396707
14988,26.862465490985418
15001,41.63847246637118
15002,45.407991865729585
15003,48.35238385138474
15004,53.568801130773565
15005,55.72996130567225
15006,55.756671021146225
15007,57.97447258212502
15008,60.14131270853066
15009,60.77400329014633
15010,64.02946566126853
15011,31.959891857043754
15012,35.71859911694627
15013,38.761830680478695
15014,43.11475491433508
15015,45.38790479228321
15016,47.98525437113478
15017,52.21991642617067
15018,54.08914181169693
15019,55.73234586278021
15020,53.85127153324636
15021,55.63755477366206
15022,57.72335665160284
15039,25.225658632926745
15040,29.130500054017357
15041,32.53939240580272
15042,34.24682086068352
15043,36.07795271995764
15044,40.09086310591449
15045,45.261794600943084
15120,57.08489519973511
15121,63.337402838759076
15122,62.818633313287656
15123,62.51779563328142
15136,33.83245071359829
15137,42.43170831460768
15138,42.1753993172608
15139,45.86353277625439
15140,37.64479257200789
15141,44.892401209264705
15186,10.470152819737079
15187,11.743357596538956
15188,14.522388839736326
15189,17.01743786967546
15190,20.662733974416934
15191,22.598601910840394
15192,22.917242284422574
15193,26.749413486745265
15194,31.160613239978005
15216,29.819754768900935
15217,37.10716955730683
15218,47.375068290551596
15219,53.63208515871224
15220,28.934937228144396
15221,32.34774991725373
15222,36.65629020840768
15223,38.973529274665864
15224,40.945876600711514
15225,37.118969658036704
15226,40.59359187800492
15227,41.07123567617987
15228,41.626981358645416
15229,43.180707948700665
15230,44.68240397804766
15231,45.68678551805004
15232,20.634811984766273
15233,28.078473117357188
15234,33.062139997753334
15235,36.48122079239408
15236,39.01716820058098
15237,41.976224110764804
15238,44.88608942710608
15239,45.47668573321064
15240,49.03650532036532
15241,50.91103939405322
15242,54.90990928599651
15243,57.25278706670496
15260,25.731124712387235
15261,26.719905247370285
15262,31.47814488463541
15263,36.45089851277674
15264,41.22382444700042
15265,45.98128839782847
15266,45.94490275635738
15267,47.25264123651976
15268,48.47930705043712
15269,50.670839537018054
15270,53.125362445402914
15271,55.199819179972
15281,15.134818474857843
15282,18.612583472260557
15283,19.12744240909264
15284,24.32890202028459
15285,26.78541338503483
15286,29.481912899083756
15287,32.68176046584879
15288,36.47770358046066
15289,36.6534148474433
15290,40.345333985405844
15291,42.62038995341721
15292,45.103614225659044
15574,31.93715392860352
15575,34.78758310338673
15576,37.661109025061656
15577,40.38858786595484
15578,39.67522410070264
15579,42.41877865955408
15580,43.614137849661965
15581,44.3989519674482
15582,46.88815216006381
15583,48.99281540336551
15584,50.624233026353636
15585,52.777088025868785
15606,21.075022037240128
15607,26.569606182721202
15608,31.400272698894515
15609,38.967073315467694
15654,9.575713638401151
15655,12.033453146370213
15656,14.547963875408957
15657,16.75112295795636
15711,39.57067700273981
15712,40.261933939257524
15713,39.068608913117515
15714,40.44495991156135
15715,42.89977319695583
15716,46.39181952264862
15717,47.62566114132505
15718,47.210629898319866
15719,49.01495085670301
15720,52.21001791619469
15721,16.36433742167129
15722,20.752805440607716
15723,23.667397920758045
15724,26.569373695974257
15725,38.264070553087606
15726,76.5985571771898
15727,78.71091346799766
15728,79.93345383795966
15729,81.93054274937259
15730,84.09846282153873
15731,82.795593944959
15732,83.5001187431851
15733,84.24885645198181
15734,86.95688763982626
15735,87.48410935350381
15736,87.99348988943102
15737,88.52604885656822
15762,27.883049147238115
15763,31.620895285673534
15764,34.6130685379605
15765,35.50568413428282
15766,39.17167357420793
15767,43.33592943427892
15768,45.01742672801868
15769,47.647983007148675
15791,35.37398380258827
15792,36.42747024142541
15793,41.8646680097307
15794,44.341780106831
15795,46.7518080046586
15796,49.59737208903817
15797,50.37565252732866
15798,52.45609535463284
15799,54.48410321191935
15800,53.7386660048918
15801,55.15911195363908
15802,54.999646652828204
15815,17.389619104807412
15816,19.666709833309863
15817,21.4200539620783
15818,23.983423375048954
15819,29.646234477144443
15820,29.567213528102457
15821,33.48037703762888
15822,33.12749688994963
15823,36.852693544077994
15824,39.34439943491597
15825,42.79834752838029
15826,42.5214166883811
15882,1.954228795912527
15883,5.3354300168578845
15884,10.449054469034943
15885,16.468526936269857
15943,39.41342043299999
15944,39.92435328167177
15945,37.46409830322306
15946,46.870299752622394
15947,48.7584333558135
15948,1.0444821994897207
15949,1.4553542682678893
15950,3.5963428506158763
15951,5.7246713741859745
15952,7.890557685174036
15953,10.699392612237299
15954,12.385255617101963
15955,13.038135915029894
15956,14.500204749694236
15957,14.765625433639421
15958,19.938632401088466
15959,20.987259087604276
15960,30.5519089400719
15961,31.994249237681093
15962,33.93357052950426
15963,33.87826686298735
15964,36.9795831816095
15965,38.27505153526384
15966,39.94823453738402
15967,44.62525120081008
15968,45.26776430944995
15969,48.6887475709864
15970,50.24366565327592
15971,-0.2558573865616637
15972,1.4602191097249582
15973,2.913556082630379
15974,7.882353488070315
15975,11.033198821753457
15976,14.438542438652204
15977,16.400785647362706
15978,18.862568475881975
15979,22.45675473209453
15980,22.35420034916679
15981,24.832893877207226
15982,26.69241606741068
16004,23.950457553880653
16005,27.100624496873216
16006,29.621095606918203
16007,28.30361144041067
16008,30.634265246700476
16009,30.95617638326102
16010,38.24944008503576
16011,45.29262613798814
16012,48.92079958645818
16013,51.610150396386615
16018,12.58930158321663
16019,15.708802682020172
16020,19.53454988249246
16021,23.917144685371014
16061,64.8002138790878
16062,66.99811984805676
16063,70.31661778266007
16064,70.0583454823069
16065,70.39282511383789
16066,70.33082871275799
16067,72.69550362744648
16068,72.4769470450252
16069,73.37323474309943
16070,73.37853653734254
16071,74.4585808365482
16072,75.4305429326727
16073,9.712630141588624
16074,9.48743360626213
16075,10.227328822698132
16076,9.533931344562687
16133,6.533618747563025
16134,7.635423395893335
16135,9.61970618101804
16136,10.641594481374701
16137,15.32491534813286
16150,38.03324506635229
16151,40.48186178602185
16152,43.802009591209085
16153,45.9588946855307
16154,47.43372016861645
16155,49.25344832659434
16156,52.75011851618069
16157,52.4532040046956
16158,55.035952452912916
16159,56.55058257331315
16222,30.75368726199959
16223,34.876377850063584
16224,37.36231912232382
16225,42.342661215814196
16234,31.162530011028345
16235,34.82842359093578
16236,38.51692215119557
16237,42.362847991725594
16238,46.80180574555481
16239,51.76500945616638
16240,54.32872452383631
16246,26.594741466904765
16247,31.589029291523122
16248,34.78911474639577
16249,35.920147548945884
16250,42.6835989588441
16271,48.99124206895935
16272,49.710559290364046
16273,51.50030012448951
16274,55.36453448062272
16275,56.587421294210785
16276,56.560671095592916
16277,62.626360508979246
16278,63.247961067509145
16279,65.06301650029404
16280,63.81685285294325
16281,65.63021217790761
16282,67.38331766371822
16354,31.361991332221322
16355,34.751568828175124
16356,36.45408342756144
16357,39.80504467072695
16358,43.57919660136126
16359,45.68419887716855
16360,15.272328418018331
16361,16.078593743473736
16362,18.54016445504344
16363,20.618511456015565
16364,22.78338200216802
16365,25.805734002388288
16366,28.314763597826122
16383,17.123784447058313
16384,22.93223448983751
16385,26.282371381425843
16386,27.93885962763915
16387,30.465275162041692
16388,29.708416953784663
16389,32.630362213575445
16390,34.683676557108726
16391,42.90131908416748
16392,45.24872047629624
16393,49.084901958929116
16394,54.77040113320394
16395,56.990588665275276
16396,59.77708187170446
16397,62.104383343132035
16398,61.51403647601977
16399,64.27101199864012
16484,15.917006653289736
16485,16.964731579267664
16486,18.349459649145572
16487,20.17577295759637
16488,20.76386414496643
16489,23.086658010434416
16490,28.384772415971256
16503,0.04164088262837017
16504,0.11258159073492728
16505,0.7943087159061428
16506,2.934244673230191
16521,15.07563394232003
16522,16.81784937296351
16523,18.191415971196978
16524,18.850624995555204
16525,19.965651381809263
16526,21.048674962031495
16527,25.191944158389216
16528,27.75093417225899
16529,33.14134357902834
16530,32.87678621802414
16531,33.73865537352411
16532,34.10318624206417
16538,21.281152565394574
16539,23.670734159961114
16540,29.274825669738707
16541,32.42063104208116
16542,35.88069885444655
16543,37.754645044864084
16584,0.8973716929690181
16585,0.7587758395756241
16586,1.022612925435428
16587,2.9751905885424335
16588,5.573503379448159
16589,10.074208207627693
16590,11.796954941246534
16591,15.346264603153061
16592,19.63021655396749
16630,29.02397806824067
16631,30.26411211260934
16632,31.172704524548042
16633,33.798301291754434
16634,35.052466374448144
16635,37.30489005197957
16636,38.74999745851779
16637,41.43552708798965
16638,44.679515631831265
16639,45.296140402455336
16640,48.34500931319047
16641,47.93838813249794
16676,36.17770030989193
16677,40.93876984482867
16678,42.312158234566176
16679,47.18296627877973
16680,51.12495859549762
16681,55.21337095690558
16682,58.168213804155364
16683,55.78869276655003
16684,59.463690686832514
16685,61.35307700621625
16686,64.32941013492471
16687,65.8619078656743
16712,44.03396519369006
16713,43.94142484806325
16714,48.98053431815481
16715,52.99042344273373
16716,51.30090608005504
16717,53.42075757602525
16718,57.86222555460912
16719,58.118794344008386
16720,58.19691358915896
16721,59.832611905214215
16722,62.29595236255415
16723,63.74908964072202
16743,50.92858543857667
16744,53.53812670313033
16745,57.74415169018157
16746,48.9011757364691
16839,13.696099539279146
16840,14.441850864116086
16841,18.826903495270468
16842,19.73649350420871
16843,21.438214182470695
16844,24.27135519561122
16845,28.92051541049474
16846,32.76657519061861
16847,35.58277019044675
16848,38.47213940174532
16849,40.69036603225979
16850,42.97821579154053
16855,40.27487510087541
16856,41.132493568705186
16857,42.40469850768099
16858,45.36293723607132
16859,48.81220732146634
16860,52.75727981790194
16861,52.92046227374262
16862,56.17125270611189
16863,58.60937904491867
16864,61.46190013501754
16865,63.53124373641958
16880,46.47127652605413
16881,47.55238217665413
16882,48.7212788217665
16883,49.21505002804204
16884,49.50671576942727
16885,52.84068861296491
17000,17.140471597119525
17001,23.5860736914952
17002,22.778306021891183
17003,26.707662732785735
17004,27.799858347686015
17005,31.66348301845021
17006,40.039470936848154
17007,43.697518034662565
17008,48.42949669880088
17009,49.70295450265897
17010,54.99522998946242
17011,55.69833215698768
17072,50.24067938828002
17073,56.67526044901972
17074,60.142475064607524
17075,66.70377811823934
17076,44.248636682900894
17077,44.05789293494656
17078,43.60496256993824
17079,45.57224115012651
17162,14.083173689471046
17163,19.748529478446507
17164,22.89581941322136
17165,25.717821336152436
17166,26.849408583230094
17167,34.03568694211322
17168,37.195393259879395
17169,40.73092998705457
17236,9.952354980386316
17237,11.008911195327759
17238,14.31272822130047
17239,17.824267105637897
17240,20.520143326267274
17241,22.59412059277261
17242,21.486535375896853
17243,25.069622209836663
17244,22.912976750225738
17245,25.279084682671627
17246,26.750298021123328
17247,29.992097928154934
17248,32.6866178737326
17249,34.909183918642675
17250,36.336825198178055
17251,38.8837270707536
17252,41.10087551425429
17253,43.054426098457945
17258,39.52679259771091
17259,42.43235506750491
17260,51.210107606195265
17261,54.56195861915429
17262,61.14107913447731
17300,25.719026236341605
17301,28.364912691083987
17302,33.838310827782266
17303,35.16623387222206
17304,35.653664565706734
17305,35.60253297607594
17306,38.75491165968577
17307,39.79904298395658
17308,44.280972463934674
17309,46.64435853107244
17310,50.70648730949993
17311,50.476874636453225
17324,19.640594909074206
17325,23.430624857595216
17326,26.78030953464384
17327,30.69609174433704
17328,31.545211773428438
17329,35.44749423135315
17330,36.96945639814167
17331,39.43889703346574
17332,41.018081680296106
17333,46.649126535707396
17334,46.706466932672235
17355,3.948368297289104
17356,11.062414272453212
17357,13.771105523950682
17358,16.66851464747207
17359,19.415431022965556
17360,22.485678084098517
17361,25.80713192570372
17362,26.645838146221998
17363,28.687883464590385
17364,28.897359901533886
17365,29.142343903318654
17366,32.08380731403724
17371,8.392068567363257
17372,12.84646919332877
17373,17.87384278766032
17374,23.426022519676838
17541,23.219106496658515
17542,25.19604508545355
17543,29.602444833819014
17544,34.904073239547266
17545,36.6133935753865
17546,36.67691214881906
17547,36.94441844928789
17548,40.101457186136365
17549,43.793475452963584
17550,41.7284563779095
17551,46.250112332160086
17552,45.68915035916904
17557,19.431558149807877
17558,24.103753877705323
17559,28.39028532493607
17560,30.552127607021397
17561,33.41526642800027
17562,36.72265193218773
17563,39.05786347875356
17564,40.23351648552365
17565,42.751058333060755
17566,47.241001870530134
17567,47.779828306039526
17568,50.29462560119905
17653,5.404951300078526
17654,8.909091412363102
17655,11.906310423079985
17656,13.962288726373165
17657,17.679904982317687
17658,20.771712449813975
17659,22.605792077756494
17660,25.90254188537992
17661,27.130620835159853
17662,30.330080268407634
17663,36.704025920032976
17664,39.6871932306221
17681,29.588515544710766
17682,30.6960693897768
17683,33.771774208872095
17684,34.46369558456701
17685,37.41339640505697
17722,10.4817216201935
17723,16.038883558765573
17724,18.539923486356578
17725,21.890554822311312
17726,26.9926009827891
17727,29.839189327119204
17728,31.98322865965141
17729,32.12859885648491
17730,31.10874990531616
17731,31.26086332275689
17732,32.37290591704117
17733,34.81167192676078
17765,4.525434052415001
17766,5.492631271650478
17767,12.397059843151734
17768,13.075280574916125
17769,17.732247608074424
17770,19.712637118132307
17771,22.03475362795982
17772,26.38233105002843
17773,31.375692111632073
17774,31.597176605748995
17775,30.817295263427553
17776,32.34214440200931
17797,29.52436850473913
17798,32.77177951395101
17799,34.87452136537268
17800,39.7655281451195
17847,27.751314619611268
17848,29.586409971652266
17849,31.343997786109163
17850,37.010246162525156
17851,42.12827450143397
17852,43.967132440541825
17853,48.82049481625744
17854,55.66633886186005
17855,63.13873398611637
17882,26.100358309259217
17883,28.963726957159228
17884,31.143200822296745
17885,35.535296057636145
17886,43.13991541214735
17936,5.411118379686374
17937,13.596097254455117
17938,19.146881000002033
17939,23.5667263650913
17940,27.89090087550541
17951,31.346436791486944
17952,35.65341296127999
17953,36.849053967108375
17954,39.915275711811915
17955,42.88536133987051
17956,45.598225341705316
17957,45.55280388692259
17958,48.38110504334983
17959,47.96425454544664
17960,50.360555119386824
17961,51.43377851268086
17987,32.82254542244766
17988,35.19160772825952
17989,40.34005726162044
17990,40.82769324112244
17991,45.39093679774102
17997,34.12690480423479
17998,36.780149919489006
17999,40.96565703184003
18000,44.23889052556307
18001,46.7375336687616
18002,49.07670169200406
18003,51.214929065684686
18004,54.27655350067487
18005,52.51982064337625
18006,55.049782602184116
18007,56.27494539526211
18008,56.866734639419086
18096,20.01169679952513
18097,21.754557762228515
18098,23.461291244699865
18099,27.575622306603407
18100,30.310426553788655
18101,31.856244253383718
18102,1.6908085483949022
18103,2.6531955000224774
18104,5.5905478756508815
18105,7.459381548288804
18106,8.542710359605492
18107,11.480804976357211
18108,13.22613750980116
18109,15.18437340425211
18110,18.322968192512118
18111,18.956658275306935
18112,26.351957133394436
18113,29.222904671623294
18124,15.701152733088914
18125,21.405057819616992
18126,22.538695836476823
18127,25.813857896672477
18128,26.24665947024524
18129,31.352014807143387
18130,33.39524029440989
18131,36.95138089671656
18132,39.53709608158065
18133,39.873781531130554
18134,44.396736335845596
18135,47.02890828368176
18184,2.218247334287918
18185,3.8089525848270394
18186,4.41761253835996
18187,5.344138792143789
18188,8.592592384853372
18189,12.128256707291799
18190,16.83518666275397
18191,20.995809236422648
18192,22.683313479943777
18193,25.895660110909805
18194,27.179338316272094
18195,27.106326931893612
18221,33.87311335062895
18222,36.38226009639141
18223,38.474319568578835
18224,47.92481356220046
18321,19.244411748841305
18322,22.611048568009405
18323,26.8299694301025
18324,30.330728183035315
18325,33.816018226788294
18326,30.352961561098887
18327,32.62526048020211
18328,34.703979632964746
18329,34.58460129482768
18330,37.44447799028118
18331,38.02441775370378
18332,40.410677131544794
18391,32.11572055898307
18392,34.676080375199355
18393,36.386937738910426
18394,36.107672540354635
18395,33.73085681361397
18396,36.82273478783561
18397,19.18900790235618
18398,22.742145672028443
18399,23.93753206963197
18400,25.669253293575924
18401,29.824447225071662
18402,33.5205780537936
18403,37.00246269514279
18404,44.73873644873349
18405,47.46714861335155
18406,48.66886508914109
18407,45.23204114936005
18408,49.83107215580969
18479,0.528124032769079
18480,1.025915233110629
18481,5.192635825501522
18482,6.541902998609552
18483,8.31864524277027
18484,14.70169279783872
18485,15.29743148480226
18486,18.94472234129869
18487,21.320951299075194
18488,22.7040347903315
18489,28.57919358129881
18490,30.417244458713462
18566,13.526208948486302
18567,17.369342112816312
18568,20.368162415797283
18569,24.26892850549129
18570,32.72889501004024
18571,33.34346303483211
18572,34.376215560022466
18573,36.619719818205944
18574,39.534787973694776
18575,40.46596291839122
18576,42.80274504398753
18577,46.30034924998721
18578,48.709516286106926
18579,51.88672366276656
18580,53.758043867074676
18581,54.74379220341816
18653,37.7503493187327
18654,42.820010065707784
18655,45.357461460401964
18656,52.55366352857101
18657,58.14791283047299
18658,59.39234152959624
18659,60.839915869836965
18660,65.98885877858372
18661,65.2628307126775
18662,66.08049697232784
18663,66.96806403383897
18664,67.87318630071745
18665,24.169164743144627
18666,27.48165623812567
18667,29.543866240674234
18668,30.77147585664131
18669,8.69760184876981
18670,9.664814092514828
18671,11.850688844435728
18672,13.873728625658313
18673,16.391521280841342
18674,18.48507501828405
18757,24.15712507557532
18758,27.25670773289819
18759,38.2236782078047
18760,38.23936031087903
18761,31.690842098173867
18780,17.151672592987378
18781,21.64418537843605
18782,24.44340922171311
18783,31.993024653293695
18816,17.108505444602763
18817,23.605365040566664
18818,26.587107810184353
18819,30.639791713121525
18841,33.50946953302358
18842,36.84267741442378
18843,38.52329430431019
18844,39.85431991893017
18845,42.090727787402265
18846,40.69563433333127
18873,34.84895297990869
18874,42.96714667409435
18875,46.581104541292085
18876,50.68035141632109
18947,27.37946968370745
18948,28.39795985320413
18949,27.770425472506492
18950,27.62693985236127
18951,28.52062245121
18952,29.233543451638536
18953,35.75321436530403
18954,37.29714877190907
18955,39.76710680771638
18956,42.3626154148953
18957,46.3352102670127
18958,48.9114405055585
18979,35.896200838371904
18980,43.58064824081283
18981,46.26350028173723
18982,48.008972906900595
18983,40.92909147340051
18984,39.90513544773252
18985,42.231780220634356
18986,43.54430053957609
18987,46.416694813554564
18988,49.06395939717821
18989,49.43102218155917
18990,50.477244208074296
18991,18.95123231722503
18992,21.97299608852259
18993,25.300658556139815
18994,28.27562098531154
18995,32.67109700573289
18996,33.625225024076464
18997,28.95515250852451
18998,32.070559919811714
18999,36.5167842090206
19000,39.08099114980894
19001,41.38439161998258
19002,43.704943562785104
19003,48.61989129215184
19004,52.24878295180778
19005,52.47023491342166
19006,53.83715167847437
19007,55.777868141321356
19008,57.1620166797486
19105,1.7383862684874352
19106,5.356545806583971
19107,6.9855168013590525
19108,9.223483370047536
19109,10.871156500367265
19110,16.274391373450733
19111,18.626224564364637
19112,21.401581711398567
19113,23.867332055972835
19114,26.777389711616195
19115,28.649176922987245
19116,27.558029918023358
19259,50.66000343677296
19260,52.982186211347134
19261,54.167260093401985
19262,53.25173489696909
19263,55.37459405361727
19264,56.54787523304303
19265,58.37250229602755
19266,59.861275449357045
19278,33.08379981528814
19279,34.96493112076415
19280,38.29889802259959
19281,42.203053590476365
19312,24.256739567828998
19313,25.03374462103463
19314,28.18635159866357
19315,32.88755018981772
19350,47.76153151070286
19351,49.86990587570607
19352,49.886594335097485
19353,52.432868366492
19368,25.148282274157694
19369,29.258246365063016
19370,30.553277136646308
19371,35.05223054142298
19372,38.380487242106945
19373,40.57958818386035
19374,41.37555659814078
19375,43.44594431626625
19376,44.25844495095764
19377,45.55718138833921
19378,46.53182556954948
19379,48.551963730668156
19397,17.76643199168067
19398,17.36776197325958
19399,17.617607234455924
19400,17.599700404561332
19430,21.190999050929445
19431,22.356431861672053
19432,24.96635966433279
19433,29.888036499964247
19434,33.004374118360815
19435,34.499312572541086
19436,31.259809003656517
19437,31.560151260945247
19438,31.66399589690549
19439,33.41621336643872
19440,32.81380655008812
19441,33.906871981856156
19454,16.2604351746889
19455,19.113753757041096
19456,22.751878699172288
19457,26.944056773034028
19458,28.61747354784699
19459,31.998043270669484
19460,34.55102226182063
19461,38.416578643682435
19462,42.59006408631704
19463,41.35284070087673
19501,33.80881381062812
19502,33.44068748453035
19503,38.92460685545791
19504,43.62053828271977
19505,46.90081742308144
19506,49.77045551353139
19507,48.81597040237562
19508,48.977087312671834
19509,50.07887844025592
19510,51.98939187992903
19511,54.93985299069406
19512,55.127479378671225
19566,0.08196304823548967
19567,2.2207045961593455
19568,5.485447494678051
19569,7.6728271620570405
19570,11.732418205018531
19571,14.765861496313272
19572,17.298485753006418
19573,16.674736293861027
19574,19.908651983502086
19575,21.93085286508581
19576,23.861602048194726
19577,25.212641503996757
19590,6.339901210193729
19591,7.879249350061808
19592,10.253136464335332
19593,10.282279115936754
19687,16.10294262274287
19688,16.746081182654365
19689,20.057543613611237
19690,24.337547779750533
19691,27.808658509875897
19692,30.036904665866047
19693,32.37818243956163
19694,34.833299603091135
19695,40.8879235606375
19696,42.43940924339644
19697,46.162174164887055
19698,49.23544502833854
19759,46.859473910403764
19760,47.02005289076767
19761,48.71484601970486
19762,48.248150690286145
19775,49.67772713701424
19776,49.217023389456905
19777,49.355935304348286
19778,51.59204909341177
19914,5.1354263173348444
19915,9.34564614854695
19916,11.275283067687345
19917,17.484618166215753
19926,25.479281956889263
19927,32.858036151915364
19928,36.13430961680205
19929,37.43338587976796
19930,40.97782940001624
19931,43.05947514129827
19932,47.48837440551139
19933,51.303206194503396
19934,51.91047245300315
19935,55.458112488405725
19936,56.3502966926428
19937,56.611451380956765
20000,24.381700842053043
20001,27.183490375699037
20002,32.827114639990555
20003,37.33518613438056
20004,40.30937721309385
20005,42.13285099327706
20006,46.21755151475293
20007,47.2897467258208
20008,48.589405670187666
20009,50.0701428089277
20010,51.76713788558695
20011,52.16767726975637
20012,4.286408481819317
20013,7.483201582708472
20014,10.597094517494487
20015,13.88328669701887
20016,16.64548641656074
20017,18.616583043547
20018,20.76300775649984
20019,22.408116752286794
20020,25.21839124774358
20021,26.202517434162353
20068,27.246242548588953
20069,33.03123308295937
20070,36.26725929758597
20071,35.74478951063802
20072,38.11432667716289
20073,38.25524224605859
20095,14.765958464009909
20096,21.09050569553758
20097,29.62148712612725
20098,36.162032821739515
20147,41.06043486510385
20148,44.98504044128279
20149,46.421490510045345
20150,46.936273453428804
20151,49.25869556824442
20164,24.225471276379714
20165,25.15717594769285
20166,25.211493818643845
20167,23.811615451889914
20168,27.373396940177884
20169,29.322009207073688
20170,30.396388463334667
20171,33.3691152207118
20172,35.063711282302386
20173,36.407644294684864
20174,39.92187254901141
20175,41.97026075380829
20245,7.106557344031082
20246,7.763407354868106
20247,11.29645708093174
20248,13.580571371112754
20249,15.055590739743744
20250,15.27928981231921
20251,16.329921900587152
20252,16.96779234572187
20253,19.008661201408945
20254,21.010341771916284
20255,21.93935079546237
20256,22.46671425772698
20285,16.50603075705242
20286,20.75266395898412
20287,23.908531988954735
20288,28.60633639832993
20289,29.6119992857774
20310,9.747890004024763
20311,12.541705458487394
20312,14.87422295055593
20313,16.909973619007875
20343,5.259957101987073
20344,5.043885009541076
20345,6.262060173048212
20346,7.757836990725829
20437,0.12175896242923698
20438,0.378430841247244
20439,0.9496330124843164
20440,1.1839513111458244
20441,7.020588863464774
20442,9.840844778934557
20447,-0.3050271011895339
20448,0.18020918574660816
20449,2.044031779271121
20450,4.911688881248664
20507,10.396830392430957
20508,10.035592610044839
20509,10.902255217165084
20510,11.532640450868636
20557,32.131147115377686
20558,31.270787407726854
20559,30.0440546297127
20560,33.1751486669521
20561,39.267369933640516
20562,46.452362562715834
20563,52.87832723428323
20611,42.861058732537835
20612,44.94025079215629
20613,48.08015650213348
20614,40.618713395369134
20615,40.87387814835814
20616,47.152346988205906
20738,20.27711195841877
20739,21.799116960608195
20740,24.681040995271793
20741,25.903234009662764
20762,20.559658698232347
20763,24.42350415616166
20764,25.705615868629913
20765,27.148987724286435
20766,24.892482148738242
20767,26.93496806125435
20768,29.875545868818154
20769,33.405678688393486
20770,37.49969975798573
20771,37.29049791505355
20772,36.714369983162385
20773,43.17748185960762
20790,47.314516669101295
20791,51.32241200202914
20792,58.123526380103414
20793,62.07225056743057
20888,10.470035258949547
20889,15.153563115926936
20890,18.7820778293625
20891,22.390267254704735
20892,44.04884755151672
20893,49.74550755398427
20894,53.25047797416242
20895,56.01422389654409
20900,14.178636686041386
20901,16.436223237636725
20902,22.150645613038744
20903,26.132460579011152
20904,28.743296997075227
20905,34.73225111196522
20906,37.470233901984926
20907,38.01778399229114
20908,36.83138196295089
20909,39.57687423856611
20953,9.707858009058569
20954,13.295303678461098
20955,18.78972578923911
20956,23.37695828333966
20957,26.126332869296974
20982,28.63734014060977
20983,33.109581227385824
20984,36.02781354563448
20985,37.148067539586414
20990,21.05573626972644
20991,25.321483500751885
20992,28.07979946001952
20993,31.437193261336844
20999,50.48844013584013
21000,52.566859652131036
21001,53.37015376427585
21002,52.03067851607614
21007,19.660743399736287
21008,22.490759650034025
21009,24.79960063396116
21010,31.080668410756058
21047,30.685654197693392
21048,31.750000240053286
21049,32.62811920819184
21050,34.67870736282431
21051,36.227527869569045
21052,38.444773672379355
21053,42.34789886414817
21054,4.5783368530133925
21055,6.286739889638354
21056,8.57526080011122
21057,10.674363730683721
21058,14.791251314900897
21059,17.152180927907693
21060,19.715129267847313
21061,22.860498791871542
21089,44.277095510054544
21090,47.889544970904765
21091,50.43758131348264
21092,54.633226451584086
21093,56.92495534198908
21094,58.369959277840636
21095,61.163961248825046
21122,14.178555431855163
21123,19.2286356545018
21124,21.212389260841743
21125,21.07987449414438
21126,21.378466887273422
21127,22.69287587139056
21128,26.203930886506814
21129,27.148241165758275
21130,28.77618807139853
21131,29.343273901105555
21132,28.409313065884884
21133,28.554762156469433
21189,24.477126778667053
21190,26.44993148081241
21191,27.11721099056037
21192,37.91618126893082
21193,40.919830755365474
21194,44.30187373629194
21195,46.78127301776739
21196,48.938186460028845
21197,50.040715346744754
21198,50.6509295816675
21199,50.210974073448
21200,53.589085094233866
21234,21.45277871682771
21235,26.921407118761614
21236,31.826194517269144
21237,36.072275585819526
21238,38.67880938598232
21239,42.92175795082214
21240,45.195602277848394
21241,44.789525957755906
21242,48.37472805069693
21243,51.70790874027708
21244,54.168074571267944
21245,55.566882919864604
21246,26.973312802887705
21247,27.277302498466828
21248,27.865614468369593
21249,23.12225035789095
21250,24.317877677681558
21251,27.06347445298697
21252,29.51239742182102
21253,31.54045612416193
21254,34.443080587829876
21321,37.6713137325846
21322,38.50658255914188
21323,43.74619985284296
21324,44.48445269629933
21325,50.10147687835145
21326,51.01420700631559
21327,50.592167694084026
21328,53.12545910898923
21329,53.533354308103846
21330,53.91669810562921
21331,54.47673319246317
21332,54.89504713183555
21421,26.86336517460574
21422,28.957575590719674
21423,33.04886553861406
21424,34.2687828923888
21469,22.83266183252995
21470,25.201262381654953
21471,28.095544217260368
21472,31.624511145769628
21473,36.96623111409861
21474,35.62608661096022
21475,41.5437273338848
21476,43.00148463659808
21477,42.66795117019621
21478,44.01068813030629
21491,25.4169979840163
21492,28.171286532093344
21493,28.5384185116591
21494,33.85795938153304
21495,35.40777050472853
21496,37.45431553183783
21497,41.88369332016818
21498,43.767688963303286
21499,50.76422043668524
21500,51.35133905843677
21501,53.54672815632011
21502,54.33418578855576
21553,36.148731281462844
21554,35.26133512678448
21555,41.09599117906155
21556,43.207861394208415
21557,46.86526562506717
21558,48.49541156228566
21559,51.906517702744104
21560,55.739265264719634
21605,61.15513934427003
21606,63.35962075919927
21607,63.0848043262562
21608,62.124645589319265
21609,61.5466620845685
21610,64.02687349759991
21611,65.40254671010362
21686,22.46031724997458
21687,28.029032152191114
21688,29.778703921068733
21689,34.212536917670896
21690,25.30154665627116
21691,32.8520322901304
21692,38.60931256622985
21693,41.68906867653049
21694,46.86963661522115
21695,47.74428478184493
21696,51.57204906185586
21697,54.30939202345135
21698,57.5700223965646
21699,57.7384338292203
21700,58.92231013319669
21701,60.238406765120544
21735,15.548843691340094
21736,18.455641370895915
21737,21.175871852484303
21738,24.083005056647515
21739,27.65170634992311
21740,29.974003371802322
21741,28.65425077219584
21742,31.176450989507202
21743,33.78747003252423
21744,37.59224267321767
21745,40.61476297468186
21746,44.69636548467963
21840,26.56714401619811
21841,28.49746757333305
21842,30.6672771092428
21843,35.41341717693722
21844,39.85929201150609
21845,46.13210514418595
21875,8.464723551746763
21876,9.687374514065256
21877,12.039329046037876
21878,14.916721147951845
21879,17.3171710022783
21880,19.0689710277801
21891,12.60219387503579
21892,21.959088017188453
21893,24.380175496933386
21894,31.27592484752374
21934,28.08413087918918
21935,30.829669779515605
21936,33.39411342690325
21937,34.483835394439005
21938,37.43549379074242
21939,40.10635237710014
21940,39.16535879800501
21941,41.00531306035841
21942,41.863591551303905
21943,43.970989288952424
21944,45.55372057429296
21945,48.99875436920977
22029,61.31011251145153
22030,65.6572934088857
22031,69.56440998119952
22032,70.79074091439225
22033,70.61716440578317
22034,69.88925296590246
22208,39.644697873532174
22209,40.14436506549858
22210,42.38007420088016
22211,35.29158883456913
22212,39.552917031216204
22213,42.93756972094665
22214,47.12456927687378
22215,50.90684999083278
22216,50.28591250701131
22217,54.62079390161357
22218,17.686983637981392
22219,17.20732049952872
22220,22.373076598842637
22221,25.88480762256979
22222,30.47940932736538
22223,34.25895677971827
22224,36.76079479545837
22225,42.11691565539322
22226,43.864669718009715
22227,46.39994108183415
22244,29.56351617972619
22245,39.96509415362904
22246,43.29241996190715
22247,45.53893725150158
22248,39.94896911404825
22249,42.78374175175915
22250,44.87095648926399
22251,46.01701035981657
22252,49.2230804826704
22253,49.79427291995991
22254,53.34008082341298
22255,55.45701707681619
22256,54.99481505111452
22257,57.87418229156465
22258,59.90777997939838
22259,62.432152827051915
22296,0.6682807138156991
22297,1.130688208207581
22298,1.9359151634948453
22299,4.735100545071341
22300,5.762590740791285
22301,7.880946702245499
22302,10.941020565166355
22430,38.91030137260997
22431,43.99643650302885
22432,46.35049701314821
22433,49.10427840391744
22450,9.682797515234851
22451,10.437281932937005
22452,13.330772566686285
22453,14.96409081542314
22454,17.398453711676048
22455,24.26971106857493
22456,26.17532699132116
22457,31.35343834499139
22458,30.995492208047793
22459,33.5773278542037
22460,36.306235031032706
22484,42.2326413866319
22485,42.44589242627126
22486,42.74792014056002
22487,46.07226025487143
22488,47.750091471687114
22489,50.97767300527006
22494,16.995855435716635
22495,23.747300303297404
22496,23.24104696397784
22497,29.714196155031008
22498,34.93887509420214
22499,37.8239653444259
22500,39.93982917607072
22501,42.051851450096464
22502,44.2941177464729
22503,45.803145035873655
22504,47.21296914926836
22505,47.93628526850433
22518,8.398440356744011
22519,9.905087681652914
22520,16.862030176946806
22521,22.542125122465976
22522,25.368979788659484
22523,27.386026716170527
22524,29.269996211636233
22525,33.928424508202895
22526,37.31777957572917
22527,39.429402115527424
22528,41.04826637338537
22529,42.376517174221064
22681,7.378724303859681
22682,10.734879429838397
22683,14.720938284727099
22684,18.961289262923653
22685,25.599083964454454
22686,1.3019395947097068
22687,2.6616358213551004
22688,4.618872938503149
22689,6.1455999410687605
22690,8.37943374534004
22691,11.738697888263001
22692,14.58489706634428
22693,16.92007716847207
22694,19.689949939970482
22695,23.295974666889283
22696,25.50934048251401
22723,31.479039114821674
22724,35.14095937414956
22725,40.4486750419748
22726,50.38814162684978
22727,55.55839712782737
22770,43.12092304872606
22771,48.46567678955293
22772,48.73690472407688
22773,51.80976371273459
22774,54.37897999423434
22775,62.58257054092017
22780,26.240474459257964
22781,32.53939385839611
22782,34.49795774362726
22783,39.2255216110083
22784,40.4760487651649
22785,42.72721162437321
22786,45.411612892298116
22787,48.940480031260634
22788,52.60971649361473
22789,55.52356431767198
22790,55.064359312709875
22791,55.85896725478073
22792,50.310072741469746
22793,52.60535284600682
22794,56.07285476774525
22795,54.100300862932016
22796,59.2299204833057
22797,58.18571498291278
22798,61.20518190687256
22799,61.80868354720983
22800,62.48826980583611
22801,64.94477105649031
22802,67.84669212491737
22803,69.92861832583817
22839,29.412618423177165
22840,31.971171077180166
22841,33.470342155023545
22842,34.156883912653505
22843,37.09983756798541
22844,39.05182807103737
22845,42.63538240324413
22846,45.423754109802736
22847,48.14849222285115
22848,47.29137390077902
22849,50.44144103580774
22857,19.242459126891998
22858,26.43234259218865
22859,30.040596760734573
22860,32.890514473814264
22874,24.098434496374775
22875,27.085990582969
22876,34.50141600657991
22877,37.233007191259404
22878,36.90773926103944
22879,36.135376386677
22888,41.531218558168995
22889,47.04814198773261
22890,57.18812626700357
22891,59.37706369038083
22892,63.938584620576364
22893,64.68011712599784
22894,66.50275715620616
22895,68.22039155832549
22896,73.14662778339053
22912,41.79486994215329
22913,48.54301000614615
22914,53.629055500944474
22915,59.428474207226394
22916,63.63445783689821
22917,64.92042966919652
22918,63.71463117432682
22919,64.07482601826996
22920,69.19392913941593
22921,69.26690558888143
22922,70.51346021630447
22923,73.93744088239166
22964,40.39084477167424
22965,42.06997460735588
22966,44.33887878888418
22967,44.210580245978235
22968,42.81729935008117
22985,36.90775116906425
22986,40.589793047729096
22987,45.426472705975804
22988,50.53316199352551
23022,20.98143125228098
23023,23.328431649908907
23024,25.738015642553584
23025,32.40343821606095
23026,37.391706740025214
23027,42.40817870718333
23028,45.99990444080829
23029,42.30093446082151
23030,44.415830743146124
23031,46.48842206004987
23032,49.13614772781352
23033,52.89067587151536
23034,53.064717545382464
23035,53.61553853800847
23036,56.031055646025905
23037,58.68743425198452
23038,58.044708193211534
23112,10.665309742967485
23113,13.51306010527459
23114,14.538475497435266
23115,18.143555992062375
23144,24.356726911908183
23145,27.0013093490633
23146,31.33998451350166
23147,33.79689243885299
23148,36.226196664056864
23149,37.72422684930603
23150,44.23895222747448
23151,47.67060633031087
23152,53.93840881172067
23153,56.48797246324388
23154,60.70476098411648
23155,63.60987503886742
23178,29.209818474315963
23179,35.71612714329652
23180,44.85643867230924
23181,49.50514707967351
23182,50.59306548138134
23183,8.890113716013435
23184,9.197975371187288
23185,8.837674711245752
23186,10.453403649448575
23187,12.321779836120482
23188,14.300022256122185
23189,11.657871009469014
23190,14.677358781726587
23191,16.326220568412875
23192,19.534642021572125
23193,18.03269446214011
23194,22.22212733083916
23195,24.961832934931156
23196,28.345981165916086
23197,32.23921656293196
23198,36.28683934520928
23199,37.66722181112786
23200,39.799678116903145
23224,20.241129662147184
23225,25.606905322603335
23226,28.011093970168893
23227,29.04956658447701
23261,30.404097392635393
23262,35.34715454483448
23263,45.048547888697314
23264,47.96856891799136
23265,53.06249592062578
23266,54.312391762611895
23267,57.405713564794226
23268,60.24653962738591
23269,61.82696277400913
23270,63.201169358313564
23271,64.19142996522503
23272,65.82341737565548
23301,3.084099575211004
23302,6.339305695940205
23303,6.975872592166532
23304,9.054645683796085
23305,12.303512606680234
23306,14.251126488553613
23307,15.94816019997769
23308,15.403209374744742
23309,20.166114067087047
23310,26.903568425286633
23311,26.79515799447534
23312,29.190161926310527
23313,34.79399575715583
23314,40.37687412708763
23315,41.87207429033554
23316,43.92840151229387
23317,44.57688508364749
23318,47.12597020689447
23319,48.272516404373306
23320,51.56294531906584
23321,52.5157856901495
23322,51.970420467854005
23323,55.00931047891846
23336,57.27564379844063
23337,60.11000180378409
23338,63.36421751122673
23339,64.15190076678788
23340,65.20961078974943
23341,65.73716918536671
23342,68.16430190221256
23343,72.15476423824371
23344,71.22714948043311
23345,74.49207763331395
23346,75.60452219542927
23347,76.54704495343687
23360,7.557656422819332
23361,10.470982308348495
23362,12.021720049996793
23363,15.335098084509793
23364,17.816129064167473
23365,19.315333576085894
23366,22.97577866417661
23367,26.509127575788714
23368,29.115713226938208
23369,36.666741057532576
23370,40.36125013580687
23381,18.550834186768565
23382,22.545542834181862
23383,27.4891482043084
23384,31.90616061004352
23385,33.829468244228536
23386,33.8495980885032
23387,34.74231135109889
23388,35.326103005160896
23389,37.16740810529328
23390,38.32731154054538
23391,40.2694808590847
23392,41.866298391883575
23442,45.505636446339565
23443,55.11778899237757
23444,58.95467759698279
23445,61.54118538736014
23506,19.95734286005948
23507,20.901119992064935
23508,22.2297171591711
23509,23.62017060027085
23510,25.69537100035986
23511,27.173186083356867
23512,29.950229120522188
23513,37.112259178363466
23514,35.272817347801215
23515,39.87143419374994
23516,41.589714563446485
23517,48.43717564715845
23552,16.53530372661858
23553,21.480088338253186
23554,23.670640915874433
23555,27.268726588754543
23556,28.737393459799673
23557,31.89408997791232
23558,31.78295613090392
23559,35.23965744439766
23560,36.71135654500469
23561,41.0198277302297
23562,42.44629412605289
23563,45.53566281396708
23564,55.88786812616276
23565,60.54755601595512
23566,62.1164736104301
23567,53.01184080814866
23568,55.89490900150473
23569,56.57695925188897
23570,56.41948193896339
23571,61.69925793045325
23572,62.72872362580352
23573,63.32082709010805
23574,66.09766028814235
23575,67.37844427824196
23604,16.576468324292975
23605,16.968087417533905
23606,18.4138099843141
23607,20.44284507662194
23608,25.667073748800984
23609,30.100796623110803
23614,31.20375071317105
23615,34.57916621052836
23616,36.097753970608984
23617,41.519043664003796
23618,45.588186499128476
23619,48.31289840111246
23620,52.89453909699562
23621,49.35981682320851
23622,52.887985311232526
23623,55.01312121251852
23624,58.62494058796707
23625,59.61653520225319
23655,46.02734175731113
23656,47.13460729673723
23657,48.54009008393364
23658,44.96110526349636
23659,45.42562710792036
23660,49.2925810644978
23661,51.6602189848805
23662,54.54164286933766
23663,53.26875522699519
23664,54.566204535918956
23665,56.049392074786596
23666,57.05052598563151
23667,26.10516400368488
23668,27.603627084760852
23669,27.88446834927409
23670,25.247614401729642
23671,29.98242223869425
23672,36.87777298341665
23673,38.8561510205606
23686,31.72888239104982
23687,37.95436728930592
23688,36.79053939049505
23689,38.99105489532913
23690,38.141451196602425
23691,39.20903961996804
23692,41.83618871572622
23693,43.87242833055926
23694,45.37408871484488
23695,49.01010618215505
23696,50.9091956028999
23697,49.09138483657037
23711,50.0251732124088
23712,50.711511089885825
23713,50.89814054389
23714,56.374692481344326
23715,57.84219672672484
23716,60.15248952912305
23717,63.35829959741822
23718,65.54889609271827
23719,66.96226643974404
23720,67.94107527291195
23721,69.42292153637625
23722,70.11424681664313
23809,36.94872813691105
23810,45.125641271128835
23811,50.6102628071456
23812,55.300211289749384
23813,58.589491057036206
23814,60.00710355962028
23815,59.800194386624696
23816,50.05638663671755
23817,54.13835059886619
23818,55.780987512048206
23845,37.025767439652604
23846,38.448005834889436
23847,40.53016264980601
23848,45.72364397302866
23849,47.506738595673724
23850,50.992461821231835
23851,52.810956740295175
23852,53.08520933670917
23853,55.72459230061197
23854,58.74122043660176
23855,58.718243292179594
23856,59.49464842358086
23890,22.83307065118477
23891,24.163183579206876
23892,27.412056029424782
23893,31.24435680088429
23894,36.54808371431432
23895,41.613400099642526
23896,46.57670451064247
23897,51.521796275539074
23898,51.58688655174076
23899,52.022164322943055
23900,56.52965704084182
23901,62.0901133460523
23946,43.2456256416637
23947,42.907650857935
23948,43.79439731311946
23949,43.91241703622673
23950,44.29644403157251
23951,47.14273426915164
23952,47.695479861793274
23953,49.49702829954805
23954,49.66138316778447
23955,52.26505531532981
23956,51.30542729901091
23957,53.53181251336222
23958,14.124194578092649
23959,19.04884094953362
23960,21.221300822680668
23961,24.89244736583828
23962,27.307805595030125
23963,35.17101975850792
23964,37.51707450872848
23965,38.89871797345737
23978,18.864963297732793
23979,22.17288326294346
23980,27.376761384832893
23981,31.129169085845188
23982,32.372879943812734
23983,39.07183892880506
23988,20.21617020878608
23989,26.882608451579234
23990,32.29882003729995
23991,34.16928859510622
23992,35.114815571437354
23993,36.65503725027292
23994,36.70464840808745
23995,37.77156425151127
23996,42.49341790913192
23997,44.447908960428656
23998,47.49674534650523
23999,48.1476656714568
24034,20.559214642547435
24035,23.723188109916915
24036,27.57929437333536
24037,31.660180258076867
24047,25.984376552263498
24048,27.958373706568082
24049,29.916697779250388
24050,29.54123375871629
24051,32.68307035116565
24052,37.463581806441745
24053,34.65646623836841
24054,34.95187461778637
24055,41.070602217214585
24056,46.803319900434914
24057,46.655420660735096
24058,48.59613092279956
24147,18.9861713182437
24148,22.243561683900527
24149,29.545884581342357
24150,33.07359967631793
24151,35.55606906660709
24152,37.809414074273775
24153,40.58782481733628
24154,38.99585611227745
24155,40.18078379885479
24172,26.075588467611134
24173,28.201199779877832
24174,32.60903382344561
24175,34.27370905276935
24176,38.40313583553937
24177,39.56027957013458
24178,41.64415667979477
24179,40.78633131177314
24180,42.130487188797815
24181,46.71607513369982
24182,49.140538271219654
24183,49.1770484022196
24184,24.165120665066713
24185,31.659132579545908
24186,35.70917584581029
24187,36.8464288830643
24188,39.99108573068317
24189,44.051471723029195
24190,47.40936107212328
24191,47.916670905423466
24192,51.30364892560377
24193,53.85480567561582
24194,55.4495640877967
24195,57.948822846644646
24201,7.277149916819859
24202,9.692645913169038
24203,12.44872534986514
24204,17.95487251731154
24224,28.906943373228767
24225,32.95464427318695
24226,40.0846828240033
24227,42.74125425880308
24228,45.232355780948396
24229,48.2188646052372
24230,48.41810722636592
24231,49.48492914247857
24232,50.080135654717864
24233,51.065819512853075
24248,15.170848504006507
24249,18.262473035527183
24250,21.453722440089642
24251,22.091092448422042
24252,23.203849039958165
24253,27.76393230048198
24254,35.77081674859925
24255,27.725768061606583
24256,32.35453162286902
24257,36.89179950017139
24258,40.08275012376546
24259,43.178180110376545
24260,48.201460987571295
24261,52.956201427409354
24262,55.20875897529308
24263,54.318362873605615
24264,55.362224355496686
24265,56.63191343923006
24266,60.02985806372957
24303,8.90234215388568
24304,11.469144837701743
24305,13.774086962886418
24306,17.75412888949211
24307,20.5781665490874
24308,22.33226613584312
24309,25.369609408579528
24310,28.94873301770298
24311,33.42652380489169
24312,36.74789442057454
24313,36.64261500778343
24314,40.509049378453554
24315,41.2631118543441
24316,42.186792092135356
24317,45.2862051045055
24318,51.136579126534
24319,60.432858913739324
24320,61.57808478390997
24321,67.26308994256912
24322,15.852392258445395
24323,21.651909413891694
24324,24.433358918984688
24325,28.037986110174685
24326,28.929404553716925
24327,34.98101298202318
24328,39.16761352599153
24329,39.634927765002914
24330,31.136215526750593
24331,35.53390399406277
24332,39.726779777052414
24333,42.28456951157056
24334,44.90491743268275
24370,15.205314656374089
24371,17.711365008532734
24372,19.45032413606837
24373,21.836113426058105
24392,29.88263167345068
24393,38.74385219677444
24394,40.32984938067544
24395,42.6195100851474
24436,25.773373208084386
24437,38.807993784359574
24438,39.55335889892317
24439,45.562047574304465
24456,29.344081586758687
24457,32.113388892697635
24458,39.91438940991795
24459,43.64207452721437
24492,24.69189844585129
24493,34.03465104222253
24494,38.04432076123958
24495,37.81101901229447
24496,44.46895361632516
24657,51.836706265081624
24658,51.40064997974763
24659,54.435629537390284
24660,56.25508296127087
24750,17.06825073329324
24751,19.192857384958433
24752,20.677909569573224
24753,24.46157100622404
24754,25.266412472102104
24755,27.67998148745717
24756,27.35003718079126
24829,13.843250040271707
24830,17.800510358470536
24831,19.81665002904867
24832,23.916710922153005
24833,19.86567743100951
24834,23.02407665986014
24835,23.815935294032794
24836,25.64482072147749
24837,27.372815388941397
24838,30.90038314835325
24839,32.45238174060707
24840,33.50397462706881
24841,39.05144639361312
24939,28.91448850182675
24940,33.98212214877976
24941,37.36834852147383
24942,41.90187752558121
24943,44.61256646916215
24944,46.604568814444306
24945,44.19459947355717
24946,46.75318891684677
24947,45.53187288209004
24948,49.5032659502333
24949,50.71207197597157
24950,52.05116185625456
24989,29.80832061821123
24990,30.943603579832214
24991,34.20238170044234
24992,38.31347304034279
24993,37.238454260202005
24994,40.580076248389965
24995,40.819459200379995
24996,44.63898591455821
24997,48.35152903440584
24998,50.14474470700265
24999,50.356191257885314
25000,52.657463809538385
25076,56.63317492317942
25077,59.719239260277455
25078,61.51638707967505
25079,62.13477368618039
25080,62.383729135809546
25081,64.75121004582711
25082,66.23701189738202
25083,66.66981293110584
25084,67.7699377494053
25085,69.0856690251303
25086,70.07229317634888
25087,70.74410916686196
25144,42.720794792548624
25145,43.78292093796042
25146,50.364520088054455
25147,52.903555618294305
25148,58.011070848471874
25149,55.0746782894134
25150,58.38109082843954
25151,58.558453728400636
25152,60.80811743909786
25153,61.576907052333155
25154,63.47034647909815
25155,65.57058326971223
25182,31.99506990529813
25183,32.82570394888217
25184,34.4031445060627
25185,35.767248473368824
25186,33.30350135442376
25187,36.59822101924335
25200,29.353468740625583
25201,40.082955197101434
25202,46.7332458881239
25203,51.922028301032405
25204,57.270662473147866
25205,60.43108085875916
25206,13.609194834875103
25207,14.974604880059676
25208,18.992369586373005
25209,19.37282206372859
25210,22.501350958874205
25211,25.6130135555106
25212,27.853005211794837
25213,30.770482910285956
25214,33.5683263080349
25215,38.199054454849616
25216,38.69439557945479
25217,40.360254496852775
25218,12.38570612448213
25219,16.601783568977016
25220,17.942455724483054
25221,18.752548322528646
25222,20.85704704438043
25223,22.96352590828405
25224,24.032284943273247
25225,27.385698772024746
25226,32.992804690082735
25279,0.7087951232982567
25280,0.9326326696669409
25281,2.2290388864164963
25282,5.172598029578834
25283,8.832297708931073
25284,11.357872914121483
25285,15.467778522955621
25286,17.74128400527864
25403,27.04543358811642
25404,29.120148239092565
25405,28.86345758716188
25406,28.58314611389215
25407,32.025356332386686
25565,28.169024143427496
25566,30.195937833448504
25567,33.44798983826505
25568,35.744649686760795
25569,35.46819107862804
25570,37.648600307745596
25571,40.24237163560864
25707,15.306825290171332
25708,16.563234352100757
25709,18.674656100199968
25710,19.468989845245606
25827,13.448496565842541
25828,14.728237921834387
25829,17.053830385644915
25830,18.230152688391957
25831,18.320397224879535
25832,18.911135509887714
25892,27.163952096533173
25893,30.182818767672117
25894,33.01845716150415
25895,37.68492916256319
25896,23.858124267364452
25897,25.275456101130025
25898,27.56286714785825
25899,28.243550933867514
25900,32.49809505541807
25901,32.48561572604371
25902,35.39808535105852
25903,39.136007807238094
25904,43.7785017840091
25905,48.188147052918666
25906,51.58547149286319
25907,52.88309296062833
25949,37.86027847734623
25950,39.76132446632297
25951,37.4087471665557
25952,39.6710413949336
25974,14.940734949788794
25975,16.31878423558997
25976,19.660856868803997
25977,24.379296193373477
26011,29.83374179166714
26012,33.08255180192601
26013,38.87691178698005
26014,48.51625730249006
26113,1.6874852363474941
26114,2.856358664036922
26115,4.73078638427798
26116,6.4800330049948185
26117,10.655584965282268
26118,12.809234364060904
26119,14.454292076235147
26120,17.15772430349614
26121,18.151856077999287
26122,21.8518150177065
26123,25.227594806714688
26124,29.252584718455775
26140,37.865525380370286
26141,42.7860689309078
26142,43.8032084544743
26143,52.66133951583028
26144,55.934897751603565
26145,55.606707337388585
26146,60.11878838128193
26147,61.64773083874561
26148,64.55343774157309
26149,64.1404767574476
26150,62.27335452606876
26241,48.18920591781324
26242,51.09359063710458
26243,52.31805076126838
26244,54.30114315119087
26245,56.87325025840165
26246,57.68119493725152
26247,58.32345279842058
26248,60.018152913822945
26249,61.66337410655234
26250,63.3456895336519
26251,65.43405146980386
26252,67.24774170518943
26289,17.910418980686735
26290,19.665018192558005
26291,22.607163787352842
26292,26.793708194888357
26293,30.296704346830627
26294,31.67279445974808
26295,29.152439949153564
26296,34.75294041506812
26297,34.59519350442696
26298,36.453102552425264
26299,37.68128282158233
26300,35.78951202441539
26315,35.65518604821954
26316,34.48813944980911
26317,38.19565719853378
26318,41.12879754664079
26319,43.552656852039746
26320,45.7822355051971
26321,48.66839627994006
26322,49.37371118885122
26323,49.72575996249673
26324,51.196308292949794
26325,52.72953188641126
26326,54.03213195678147
26455,29.234359305670562
26456,33.851045831569714
26457,35.56568462304475
26458,43.632450079504544
26459,22.55801212895207
26460,23.685210134155895
26461,25.87500462569776
26462,29.039875986815566
26463,32.46401463496758
26508,21.0510016258457
26509,21.381474029400753
26510,22.011440093713954
26511,22.61995596525963
26512,21.722485296081338
26513,23.8517583402026
26514,25.81503734852324
26515,29.9664654227983
26516,30.55079075050718
26517,32.26098892852254
26518,34.52467482619444
26519,34.9733621577655
26520,27.788670321628175
26521,30.234213374668677
26522,34.56634636062253
26523,36.62912458314105
26524,33.712881833174535
26525,38.31066315340463
26526,39.999659401645
26527,43.244634196232575
26528,44.70174665336726
26529,46.71593144467467
26530,51.08846832758931
26531,50.53723236815226
26564,20.575525791226553
26565,25.362435732713912
26566,28.02379491349203
26567,28.846761330069082
26568,29.02824486930439
26569,31.334889879037036
26570,32.954793110352234
26571,34.46234264667468
26572,37.99141520945415
26573,41.599984678932906
26574,40.88269903394969
26575,42.2957679837721
26576,21.935481452387158
26577,35.72293958138772
26578,39.77647533991956
26579,45.69612897762193
26580,46.34445455649122
26581,44.598972978058825
26582,52.177251488760746
26583,55.14011764722425
26584,16.490983149517433
26585,17.980410553685203
26586,19.201405100971318
26587,21.051845631524138
26629,16.26791487643621
26630,18.00937070196878
26631,18.617744818980125
26632,18.381449710997266
26633,20.816361444359398
26634,23.289901603081365
26635,29.060976109169218
26636,32.27889613757867
26641,38.926822727587165
26642,43.33796277462656
26643,45.58815450664046
26644,49.02436174086285
26645,51.687362797476574
26704,18.99221221790752
26705,24.323765445031974
26706,28.658479867972815
26707,34.12658474114637
26708,42.024984343408086
26739,59.91739366659062
26740,61.11224633913641
26741,63.33564379720062
26742,65.21045198203666
26779,19.69201077702031
26780,22.58064298160422
26781,26.360976866803465
26782,31.858638514596155
26783,35.126485372574415
26784,37.73336243376696
26785,38.38176969788079
26786,40.50395796139243
26787,41.84029014036624
26788,42.696625499917424
26789,46.109730729261166
26790,48.260290479886855
26819,47.565784908160786
26820,56.00806201348188
26821,59.4468757556178
26822,64.5771774656633
26839,38.74760210753038
26840,39.75893402589991
26841,39.61153105703163
26842,39.54692372744892
26851,21.63806334699516
26852,24.977055589743497
26853,27.881363303976734
26854,32.98239949300993
26855,36.37521908479346
26856,38.30522009378365
26857,40.034432933201636
26858,43.88893069071982
26859,48.70306306478945
26860,50.5393607568171
26861,53.37275018427277
26862,55.58467385417371
26863,25.659895512706225
26864,30.214132622661456
26865,28.39931629803095
26866,28.849817222193007
26909,5.640698227308133
26910,7.239113414593867
26911,10.184116480661709
26912,10.912036647390934
26913,13.743140281086507
26914,15.946766042417057
26915,18.85891860557105
26916,20.695332356780103
26917,24.307958507556148
26918,28.814909871252343
26919,32.252254983789655
26920,35.314672830552894
27006,32.434209950688164
27007,33.367246763335814
27008,36.61861977564065
27009,40.05717177028145
27028,16.769470968392564
27029,20.18285812003312
27030,24.633582016450504
27031,28.69790656829799
27047,28.979617818265094
27048,29.95434364940068
27049,33.19293283587682
27050,36.62525104918358
27051,37.82781236002273
27052,42.42619848596461
27053,44.550462502165246
27054,51.32038425699592
27125,57.19916388536699
27126,62.815747059344396
27127,68.02791290278903
27128,71.1401215958906
27129,14.993156529468106
27130,20.815245161684167
27131,22.617649387920164
27132,25.565255324848376
27133,28.388211441332103
27134,30.19045694537463
27135,32.23141591019166
27136,33.819882040130715
27137,37.54200631346779
27138,40.75738982731826
27139,44.479714669174584
27140,45.891785344341635
27177,34.344235814997845
27178,38.125026140147014
27179,40.82650948276106
27180,43.513368439203454
27181,43.473058076700354
27182,44.553790687879186
27183,46.21702608723836
27184,47.53528429819509
27185,52.07142601592588
27186,52.02299192275977
27187,51.95871468731462
27188,55.2889842859228
27189,25.625885170541817
27190,29.36263311370772
27191,32.09220394436861
27192,32.85623793288891
27193,29.739995354465
27253,19.81948012200585
27254,21.365094111454738
27255,20.408486628977197
27256,22.927333272359192
27257,25.06245333743664
27258,29.00823940798441
27259,30.175375921868692
27260,33.0073899717737
27261,22.35056496890918
27262,28.97694927907871
27263,36.62697288623189
27264,41.29719344599507
27285,41.368201300096516
27286,44.442654901432824
27287,45.05552935946927
27288,46.44425066730979
27289,48.10195058942734
27290,50.35778783244205
27291,51.586470275022855
27292,53.36727730796331
27293,54.75297056571911
27294,56.418293321186724
27295,59.12698472912306
27296,60.17437848895047
27349,22.903101787731632
27350,23.077527723002603
27351,25.205688175665184
27352,26.826023283982302
27353,38.240773814845895
27378,37.71509928745427
27379,40.24014208484824
27380,43.52787650485695
27381,48.549420544340464
27382,51.93692486919001
27383,52.731804443805714
27384,55.362307545043855
27385,56.63896381845853
27386,56.0780348497644
27387,61.882497565605625
27388,64.0965107776873
27393,41.52234387806498
27394,43.97196476472461
27395,45.35665666915237
27396,45.97330902588719
27397,46.996473006604084
27398,47.02220970558059
27399,47.62637335360401
27400,49.1057447217802
27401,51.05351468002214
27402,50.98781260747619
27403,52.77440464638295
27404,53.85366638065087
27425,27.261714322600067
27426,28.833040985443002
27427,34.68378412986475
27428,37.20428233747311
27429,40.38167909879723
27430,44.35292197021617
27431,43.61448781118263
27432,45.81513581430233
27433,28.238326542884245
27434,32.006672501444186
27435,33.267120018542364
27436,38.237656799302556
27437,34.873762550317586
27438,36.58002860671929
27439,38.88029037851653
27440,41.04552040707219
27441,43.73006861927247
27442,42.53677972436062
27443,45.772776716581056
27444,47.49926372923284
27445,48.38410248117328
27446,47.59342700957503
27447,48.1565425398508
27448,46.75951671184518
27449,50.424423240201925
27450,51.18522381741137
27451,57.27396238917846
27452,59.58116475552885
27453,60.83951360071266
27454,7.269221633995376
27455,9.256420207116646
27456,10.107404650359793
27457,10.322711627234714
27458,10.461508014536165
27459,13.217456763126835
27470,25.445310869696012
27471,30.244627156774115
27472,29.81616911115483
27473,32.064372407502034
27474,35.269273025518395
27475,38.248318064204426
27482,40.42976250108775
27483,54.21190756821012
27484,56.79283655115757
27485,58.954220040729005
27486,59.94336517358939
27487,64.10432190998915
27488,66.46893889373487
27489,66.54771272060204
27490,65.78701958686888
27491,67.00327109064933
27492,67.32150462699099
27493,68.2172360421936
27500,42.33538709709874
27501,48.85395742442753
27502,54.13969740882191
27503,56.464282722459515
27504,60.80400390885863
27578,25.50902778202833
27579,32.04354307096975
27580,43.58844914558022
27581,45.515457949993795
27582,47.744415749791585
27583,46.125508840085516
27584,49.36712433644356
27589,57.84796192720038
27590,56.82162732809239
27591,62.58561972015928
27592,62.47085892538023
27593,66.63071691815881
27594,62.322821557973924
27595,65.85962880504978
27596,65.7319091632543
27597,67.53821522238837
27598,69.08035003864042
27599,70.00434326889972
27600,71.20453095447957
27719,19.893989634339373
27720,23.947717552884
27721,28.056035395642695
27722,30.4488698420181
27723,32.34328152141714
27724,32.9677544888208
27725,34.40084868414264
27726,37.45443312770591
27727,38.98713175852015
27728,42.76703668778085
27729,43.71954405201392
27730,46.8863931835807
27795,42.72548811382064
27796,46.97893786309889
27797,51.18257600621312
27798,57.45883476788261
27799,59.293342595050184
27800,60.36820321303562
27801,63.02614877857253
27802,64.88807195983267
27803,65.93100495120368
27804,66.22185179648633
27805,68.2627500671117
27806,69.94133518288092
27807,22.607262085933318
27808,24.825700875668755
27809,28.740516536091995
27810,32.876596685530416
27811,35.01854364349093
27812,37.961952940218794
27813,40.87008270736969
27814,43.53972339046827
27815,50.7376955662985
27816,51.789337250802
27817,51.870436939961245
27818,52.288271628005035
27848,12.39137627044721
27849,16.06720870662092
27850,19.54255703308935
27851,24.814350227318588
27852,37.303553783898316
27863,44.63812643839696
27864,48.50480963561725
27865,51.96661847908508
27866,57.654656291295794
27867,60.036536240028
27868,60.38700314202951
27869,61.817901304886476
27870,64.58072083680294
27871,69.07933719953424
27872,69.96555364835567
27873,73.4443158572716
27874,72.51365543099934
27898,25.703127129529896
27899,32.26487771804844
27900,36.54333483999874
27901,38.72755232279556
27902,33.38515233244127
27903,33.539619750250644
27904,33.803747015460154
27905,40.62934293941764
27906,41.61936128995269
27907,44.53053188627452
27908,45.02595876571575
27909,46.14372552868854
27933,2.295447496811467
27934,6.106515726732179
27935,11.288809911321916
27936,13.908777572103531
27937,16.71361558073477
27938,20.118423025795888
27939,24.151638359193097
27940,27.754784930005
27941,32.2461716527724
27942,35.93398889428015
27943,40.4748482457813
27944,38.783781371638725
27945,41.97044174936586
27946,55.808764920210805
27947,60.28003433480659
27948,62.72942127974038
27949,40.877993292525794
27950,49.52347475663915
27951,55.26547124760826
27952,56.995539027862016
27977,67.49629899725244
27978,66.5599727238342
27979,67.53022919035088
27980,67.08119475027044
27981,66.63884521049143
27982,69.2246746241304
27983,71.44481184088406
27984,73.16718272334056
27985,73.97740389701956
28002,41.674992547553735
28003,44.70598633330801
28004,45.76377171276767
28005,41.53832103693897
28006,45.00226171437053
28007,49.568323452619076
28008,55.38450789236988
28009,55.84244528802996
28010,57.70864419567863
28011,59.81692876892184
28012,61.55353772720426
28013,67.11021859870421
28037,43.40126531490241
28038,46.036280183307
28039,48.056644157783424
28040,50.44252940871376
28041,58.388989635268075
28076,26.765945756048197
28077,30.620485276386695
28078,44.06842445494312
28079,47.61164812557228
28080,48.99255678205371
28081,49.427968936992016
28082,50.14195108488415
28083,52.56960669588254
28084,53.83675946932961
28085,56.65488821318212
28086,56.73076795506606
28087,59.30842403203941
28124,37.10550449398246
28125,38.65957178043284
28126,42.539179583368075
28127,42.251091213120944
28128,45.1177741593856
28129,50.746724704641686
28130,51.00996767289391
28131,55.8480664164462
28132,55.28773276944733
28133,55.57748735526095
28134,56.970304604493165
28135,58.629767559747684
28169,27.077822576020505
28170,30.90915672537374
28171,34.41361668545844
28172,35.94933972134737
28173,39.85937134318905
28174,20.782647140987315
28175,27.47713096317584
28176,34.36875769922465
28177,39.976541907055626
28178,40.472190646968734
28179,43.26522025628301
28180,46.412969925500185
28329,20.72367609174985
28330,23.964807284812203
28331,28.251305299748555
28332,31.770464632678753
28371,51.35767587096291
28372,55.95397136719155
28373,60.30518925223265
28374,62.8659638647635
28375,65.01093103435953
28376,66.82097689629562
28377,67.64424747415678
28378,69.14306223283941
28379,70.63829681536339
28380,71.96975492766504
28381,71.81425352176555
28382,70.79048596664617
28399,49.78145429955174
28400,51.654094436639795
28401,52.82365592067743
28402,57.36072317224249
28403,60.07106501214438
28404,62.2072744753004
28405,64.89368729876253
28488,45.90965226450347
28489,52.59639692124149
28490,56.421784983472875
28491,63.4422141320211
28594,25.565324303156093
28595,30.736510166236375
28596,29.863341097452146
28597,34.17578790841656
28598,34.32179692554827
28599,37.76410741229894
28600,41.15983665928829
28601,45.43603820531121
28602,47.097068418006515
28603,47.576287835706914
28604,49.897575741769785
28605,52.747931653414014
28618,24.173588165082467
28619,25.726641023719242
28620,30.15915789115455
28621,30.007798122109314
28622,31.023120689728863
28623,0.9856148538176119
28624,1.1719197484048165
28625,4.307068900887087
28626,6.341999052796262
28627,9.115562558762324
28628,11.881994847869105
28629,15.282861710348074
28630,16.855652055524967
28631,18.36711764678056
28632,21.720171269030573
28633,27.11476801237633
28682,10.936816851721632
28683,10.774734996770187
28684,16.827386382981512
28685,18.081135372834364
28686,19.50280692621584
28687,22.138310187341244
28688,24.555859913726266
28689,27.810080507237448
28690,30.559212277387203
28691,34.007747368463505
28692,37.258856798822286
28693,41.18014780821889
28711,4.362785452285483
28712,8.43376574705354
28713,10.896153887537492
28714,13.729535588347865
28737,17.483461271849173
28738,22.63964973273825
28739,24.78452092066559
28740,27.76216141172721
28741,1.503459544098776
28742,3.0042570281661747
28743,6.412179515667152
28744,10.424658446508214
28745,42.16531002205113
28746,46.090337424654145
28747,48.28171834065412
28748,51.51212728018071
28749,54.828475015655656
28750,54.994827049925775
28751,59.153390070499384
28752,59.34872583430463
28753,60.01424991093946
28754,61.82185189630313
28755,61.93923435442688
28756,63.68894013530655
28761,30.884131851609304
28762,31.27292980575129
28763,34.66645904057888
28764,37.38174059836227
28765,38.68892534960668
28766,40.756346755125264
28767,43.63258991586317
28768,48.526650751376
28769,50.592842539867654
28770,51.916932815121285
28771,54.88535213854295
28772,55.034786460158806
28825,18.986589895867844
28826,21.551551951907285
28827,22.43306028709775
28828,28.44372787991624
28829,35.50739855213679
28834,25.925106845337254
28835,29.686747740003426
28836,33.02270811912008
28837,36.65388612897864
28838,42.51026458581543
28839,45.58806399981641
28840,49.818261320968034
28841,53.518640487968334
28842,54.585715389816386
28843,60.12653180226978
28844,29.075830167209677
28845,30.335773249834435
28846,35.094407452374334
28847,38.15109818533575
28848,42.641091536938546
28849,44.744992354089895
28850,44.00167014385303
28851,47.94590325701359
28852,50.916822755377304
28853,51.63583744840072
28854,51.58411954006425
28855,53.21650015314559
28901,25.79161379702065
28902,27.72475278565746
28903,28.849648140542328
28904,25.523936466629323
28905,26.87693629771664
28906,30.99227963664054
28907,33.69279307006774
28908,35.40492045890016
28909,37.224013712944476
28910,40.96119639638256
28911,42.16563972253575
28912,43.40427705715688
28913,22.185827438493575
28914,21.881912165621113
28915,23.295866503060846
28916,25.301864701131013
28917,30.26272036158032
28918,33.36773204591875
28919,32.67297410622772
28961,32.15448778013886
28962,36.00700183824413
28963,38.20493898432489
28964,42.8395186775837
28965,36.20622872511824
28966,37.092517358308264
28967,40.371575792708164
29047,23.51129857019491
29048,27.418457812338954
29049,27.284737464853915
29050,29.253161520075412
29051,26.372913568404783
29052,28.88455130678962
29053,33.75669166703932
29054,37.36419327948603
29055,45.71236977223507
29068,15.688972791734852
29069,17.075969977910184
29070,19.787394583603948
29071,21.915860920380922
29072,23.551238359971787
29073,28.26626636712281
29074,30.17768337095605
29075,30.518038222964293
29076,28.903944686503806
29077,30.71494761226
29078,29.528566312179553
29079,30.093283713315525
29221,10.16035382471981
29222,11.528900270032247
29223,11.67410605574885
29224,15.557261903886102
29225,17.571191268832642
29226,20.51795886289688
29227,24.096789326539174
29228,25.152782186271917
29229,29.371659094601075
29230,33.14401967896679
29231,34.31237831728655
29232,39.89003818974175
29341,12.15055042705359
29342,14.694477870096387
29343,17.63369013565842
29344,20.30154502052783
29345,21.453746698510038
29346,21.762942616739604
29347,22.713479505764983
29348,23.181701690682438
29349,27.39695073361489
29350,26.374880171771434
29351,29.414115604990293
29352,31.59920664016857
29384,51.630039833284044
29385,56.21573396092918
29386,56.954500529292744
29387,57.11610172700626
29388,61.43728009159031
29389,63.26412193647049
29390,63.877716238392914
29391,65.83050394785381
29392,65.79039071001847
29393,66.33229983065665
29394,68.31748761579814
29395,69.17315770237008
29417,53.74375729211285
29418,59.70216886563717
29419,62.34242688181808
29420,67.09798611334692
29463,36.46395556461019
29464,38.40135344525096
29465,39.837609952792576
29466,43.21704052341127
29467,47.45082717177374
29468,51.77576008832536
29469,53.313301217432986
29470,53.670133527704834
29471,50.10909124465056
29472,51.58047098344314
29473,51.42766562307894
29474,53.42343273522982
29475,26.079061958641493
29476,27.78185853307338
29477,31.095524725477954
29478,32.085557852352515
29479,33.84844632242066
29480,36.539880400207586
29518,55.11140248064239
29519,60.47265606605315
29520,63.16278434218386
29521,66.83566137276827
29522,66.75802856446322
29523,69.6456585654594
29524,72.1870186937636
29525,74.6453191355919
29526,78.23545432929077
29527,75.15836303213695
29528,75.78047676952772
29529,76.62059604509207
29557,33.24301405048313
29558,35.77531718205099
29559,39.53976536807023
29560,45.373997749134226
29561,48.21759470670241
29574,23.19480611093139
29575,34.56505243710446
29576,39.64875732692875
29577,41.05516670505391
29619,43.10711403575418
29620,45.71503972182561
29621,47.12074372710886
29622,50.2492446688563
29623,41.82357308140297
29624,44.887958286107214
29625,44.0760268003654
29626,44.66916964746209
29627,49.89588822124484
29628,51.353075739075386
29629,55.491241287407576
29630,57.49623613561145
29635,20.293867514286987
29636,23.815527662627044
29637,25.25453697162685
29638,28.059021164094997
29639,30.49791532935206
29640,30.71639923085202
29641,34.92371897150838
29642,35.20855933427045
29643,38.083435429444464
29644,40.06269926253715
29645,43.28872217267217
29646,48.63129657364647
29687,54.72349869628377
29688,51.68983511198173
29689,62.95764124865591
29690,62.06189162232093
29691,71.3660179087845
29704,22.56335053925468
29705,25.264602217471214
29706,28.765859409987662
29707,32.09020793293586
29708,34.57320017608466
29709,35.88748724192607
29710,36.68828982393614
29711,40.09534683849947
29724,8.384365112419545
29725,9.196711135935294
29726,9.903966331860307
29727,14.167442028411964
29728,19.301299661026064
29729,24.267416271167317
29730,25.026006470722784
29731,31.117865135742115
29732,33.512621516302794
29733,36.610778402292844
29734,42.23470116765144
29735,42.9828090747624
29736,17.544894868901224
29737,21.883349813521185
29738,24.956539155838332
29739,28.21304203981827
29740,28.966318160584006
29741,30.092484342654654
29742,32.74102904634036
29743,35.029053056474964
29744,35.93570998768638
29745,38.57218235871596
29746,43.90169327603867
29747,44.42736279319346
29796,31.98371083600982
29797,40.10688963855021
29798,44.17152579991644
29799,47.30272831682205
29800,50.57559164680849
29801,50.636768053753755
29802,54.876549762315676
29803,56.42831549345227
29804,58.15152499104911
29805,58.59341810039482
29806,60.031809948611674
29807,61.097576062020515
29817,1.3367459945262505
29818,1.4894948546430424
29819,2.6103463174480974
29820,7.41113385574873
29826,39.224614744139465
29827,42.287980021574555
29828,44.63965070285357
29829,51.119830968134316
29868,-0.013023248721006953
29869,0.2678612352324418
29870,1.966909695044402
29871,4.039324781900954
29913,21.34587479545962
29914,22.846222759359264
29915,23.231588177254945
29916,23.863522345217937
29917,28.019839281380243
29918,33.910395045754235
29919,36.149366548289436
29920,38.235552092504236
29921,35.993319562464855
29922,38.30629917715693
29923,40.37840233679271
29924,42.330861856762795
29998,25.29471300657406
29999,29.695223130946218
30000,32.50818659051739
30001,36.06850422869692
30028,8.936552541398003
30029,9.89855706906863
30030,13.079085690416546
30031,16.701775742695325
30056,1.735530200962066
30057,3.5344887586021265
30058,4.589484003927718
30059,7.5151400584344366
30060,9.823161442574174
30061,11.485620277619454
30062,13.107994859921515
30063,17.91867445503451
30064,22.428829691283468
30065,24.922950370969392
30066,30.206799182516733
30145,27.022760361861238
30146,30.150934355937306
30147,31.390559572420432
30148,34.037053824998864
30149,36.68692921647408
30150,38.32512843784411
30151,40.624589394040584
30152,45.405526433383045
30153,49.98244490833689
30154,53.195690141507065
30240,29.520164099525815
30241,33.566051157008445
30242,36.826134905529585
30243,38.871846706814694
30244,35.390807176192645
30245,43.51576330902118
30246,43.7706659579224
30247,46.38133230724258
30248,49.080038865402365
30249,52.60180618350024
30250,54.65249793851794
30251,59.056536798632955
30252,19.869752575202696
30253,25.260903171659727
30254,28.790453783197016
30255,32.42301078653401
30256,37.72022201253342
30292,9.054584662315895
30293,13.5654728666098
30294,17.361741266526707
30295,22.63829311016868
30415,20.127416589346993
30416,24.653895039779098
30417,28.143419749343586
30418,31.60262204404265
30435,10.329626563673553
30436,12.767301044650512
30437,13.922745716237038
30438,18.971547660800294
30439,20.987019452256035
30440,23.520641155272184
30441,25.066517565660654
30442,27.385767313557515
30443,29.557239827833225
30444,29.2940608387932
30445,37.58900973394633
30446,39.20254093218479
30452,60.339052093993224
30453,64.36440400501198
30454,66.5676690663038
30455,68.88335875322353
30456,69.81418156687857
30457,71.96115197975105
30458,74.21743807331383
30476,-0.004424382057916783
30477,0.2572057686664577
30478,2.7531542294664546
30479,5.283282797776148
30480,8.791571538425918
30481,9.768481369428507
30482,10.230617063848783
30483,12.323373575120337
30484,14.586933747039971
30485,15.55508841712336
30486,17.09084641527387
30487,19.396063269892228
30500,38.07607508050841
30501,42.78934481651295
30502,43.69235104680699
30503,46.5537473234933
30504,47.52963315316597
30505,47.73247228086353
30506,50.76644095948693
30507,51.117117821669645
30508,54.160776939168144
30509,57.54466368755827
30510,58.353779743266074
30511,59.79837515437215
30517,20.226684208337463
30518,25.857388381136563
30519,30.433055222483176
30520,43.91333977217296
30590,30.909184999491014
30591,35.77627546652815
30592,38.616892065965516
30593,48.95647801052281
30594,27.713431594540236
30595,33.53134086290825
30596,36.68398193630705
30597,42.06755860314845
30608,37.589420061329086
30609,38.654546314790686
30610,42.4216331739007
30611,44.84757600748176
30612,50.46874798665564
30613,53.05424271042684
30614,55.785406586664855
30615,56.40322650390682
30616,58.888179652220046
30617,59.68627112463118
30618,60.6394872910201
30619,62.38376426581187
30655,23.707386842405313
30656,29.268766658959752
30657,35.0360366525486
30658,43.05708447555712
30769,8.184156128756271
30770,8.5537323555204
30771,11.546677735961087
30772,15.682402338655379
30773,17.793431973479397
30774,20.647174115674698
30775,23.79086983107425
30776,27.14969760081438
30777,30.007726021233786
30778,32.810390115941075
30779,34.03444329316281
30858,0.8826823958110483
30859,2.1289906491439248
30860,2.9797656552188134
30861,6.533381544978763
30862,8.57091011694003
30863,9.873466297552202
30864,11.801008837766542
30865,14.26978170756963
30866,16.486662421933307
30867,19.00426753129656
30868,22.388481991260594
30881,33.236396416128954
30882,38.48183605978165
30883,40.34113876051233
30884,44.38429619778954
30885,48.814868279713615
30886,52.47230133369156
30887,56.248016486930176
30888,57.886207803179
30889,62.09568672405908
30890,64.2205037509119
30891,64.78710904582826
30892,67.76773679862103
30893,30.4800347493964
30894,30.014668334992074
30895,37.23202132048166
30896,39.1433294567676
30897,44.71407121879882
30898,48.10685540871205
30899,50.48720573040185
30900,52.85393473335991
30901,54.87926173892373
30902,56.458825528998894
30903,59.03540855758599
30904,60.75682687324569
30993,28.627756144550155
30994,30.062205320495472
30995,30.906610432797272
30996,29.674975038100424
30997,34.95219048935094
30998,34.22237769263898
30999,40.391842181223254
31000,39.47836129618534
31001,43.25363789388697
31002,46.33260696454958
31003,48.37502587295536
31004,50.742611394592146
31005,26.637973350264772
31006,33.28651173897804
31007,35.36726607072421
31008,34.83690202610284
31009,5.050027833835969
31010,8.04522793159585
31011,10.123623737457796
31012,12.434673839892467
31013,15.719879079899739
31014,19.398667074795625
31015,22.433165313207805
31016,25.76042289289915
31042,33.33364756342676
31043,36.0377216830677
31044,39.48616333585436
31045,43.97119075092397
31046,47.09352467555697
31047,48.248218121919386
31048,51.11381236319947
31049,52.079494535298856
31050,53.863869484308346
31051,57.12163460170754
31068,18.914591175164293
31069,22.17018200091853
31070,28.423459200272088
31071,36.242665100222624
31072,33.832004805713396
31073,37.062971185258796
31098,9.129254894137599
31099,15.04597982253515
31100,17.899947576513984
31101,20.613951878842673
31102,23.06640942119685
31103,24.358687500766255
31104,30.571196378359236
31113,38.59804856566095
31114,44.63863412671488
31115,47.910874985138065
31116,50.46440731072329
31117,12.692910447002241
31118,14.689964260962862
31119,20.727171916202856
31120,24.821084719863226
31181,4.823683183584408
31182,9.429258109943868
31183,12.009351062436501
31184,15.579567966675624
31185,17.83454381189868
31186,20.30887677334799
31215,24.26031632376092
31216,30.007872069146085
31217,35.626682476469796
31218,36.556212696027465
31219,43.15310481543387
31220,44.18311397362605
31419,24.8991306417277
31420,27.193190308595295
31421,31.278809582878775
31422,38.74033911516531
31443,39.284062196549435
31444,43.45520092295626
31445,44.887498794446046
31446,48.266498289738195
31447,49.434143596169065
31448,53.867496627145684
31449,56.23005861588528
31450,59.11011292191711
31451,62.16824051614191
31452,63.894693588725346
31453,61.80168490062624
31454,64.50911691900556
31483,52.512644080316655
31484,53.24539831344664
31485,54.12006243664508
31486,52.40521318339926
31487,63.610738554031606
31488,22.429091299891272
31489,24.071238224722713
31490,25.895557072798226
31491,32.77011480272178
31492,36.88088790867181
31493,42.39629320325344
31494,45.68343311350881
31495,48.68392944585575
31496,47.232716947552376
31497,48.52146680152643
31498,48.220328982267624
31499,53.84356400268338
31536,41.29239507814436
31537,44.89888404148253
31538,48.55648577548434
31539,50.32995273099229
31540,55.93067874769099
31541,56.891191994435474
31542,57.144834359393855
31543,58.90328060402822
31544,58.62566169130601
31545,58.431550322519804
31546,61.546625823405066
31547,63.95206388322824
31548,20.944738437762254
31549,27.367675529909555
31550,39.69764473868611
31551,43.98112796609737
31552,48.81281139072995
31565,26.49214236078223
31566,31.249383272887062
31567,36.468957847143784
31568,38.3266159210191
31569,40.36784767200006
31570,51.35206094340046
31599,22.5860849677937
31600,23.38838667493384
31601,27.238200975717575
31602,28.911770423285887
31603,31.985965388137597
31604,32.92550523832657
31605,36.51765652549327
31606,38.45756102051072
31607,40.87803024235275
31608,42.15986101025444
31609,42.87646566093723
31610,40.31894109523969
31627,27.243707103283352
31628,33.85658703859927
31629,35.282047254280734
31630,39.29011118797601
31631,46.9825392568199
31632,55.32153222412844
31633,58.76791339043084
31716,15.350111441484378
31717,25.524855880313616
31718,28.527026151504256
31719,31.328801342655883
31720,33.07928741978786
31733,3.5242404533449094
31734,4.630497454860041
31735,15.099103783917204
31736,20.532535434132015
31786,5.824448491097427
31787,11.273294481742592
31788,13.297648363643475
31789,18.00155806376515
31832,60.08760943225283
31833,62.5386520449107
31834,65.85448535533526
31835,67.31239882472784
31836,66.7307882403168
31837,68.54381088175656
31838,71.31074477614405
31839,72.91195085731195
31840,73.27384421978503
31841,73.82667485265416
31888,33.17210059657996
31889,37.93904196625334
31890,41.529501328819
31891,47.56612231095482
31892,45.6535505496754
31893,45.96257395915738
31894,48.8351249679558
31895,53.829972082520584
31993,37.8068761854654
31994,40.61697189029698
31995,44.920960044806314
31996,51.878379275214066
32014,16.94942041466503
32015,18.900546983596044
32016,19.143595984409902
32017,23.883694713261406
32018,26.477552908557072
32019,28.148120255822224
32020,29.548531411349348
32021,31.23762289700987
32022,33.63628470732411
32057,26.84412332451889
32058,25.92205711628716
32059,26.550509416004058
32060,26.6173892912294
32061,29.56063337033331
32062,29.951700684679757
32063,30.776623172688414
32064,33.50487987677348
32065,36.86411537354009
32066,40.41794814117496
32067,41.2999082806605
32068,44.8156668954791
32119,1.3280689254090043
32120,1.5986658098132207
32121,4.493257950007233
32122,7.078121581300055
32123,12.196201579077037
32124,15.145337942631086
32125,17.424612837471244
32126,19.406479787092817
32127,23.06858208855167
32213,39.4645707425162
32214,39.819080549604074
32215,41.8906334950495
32216,40.809993789806754
32217,42.56729633829111
32218,45.34515562256338
32231,25.936930176151026
32232,39.40038985334047
32233,36.81201982082679
32234,39.84610760626787
32235,43.180017232510316
32236,19.947241039618955
32237,22.730400560376953
32238,26.522691709048576
32239,27.44091546927502
32240,30.604946519760446
32241,36.227772470685586
32242,38.04758812995829
32243,37.15587693855506
32244,38.5187487145266
32245,41.44302332752765
32246,45.10529170400412
32247,44.588745775073164
32353,10.612575384130023
32354,9.972660802925402
32355,13.885444178347562
32356,14.059725675181188
32383,-0.13342645852307566
32384,0.16753471749039558
32385,0.9834119631978467
32386,3.45970394354248
32449,4.618741176803361
32450,6.738471788660435
32451,7.685126913606843
32452,9.483331938767543
32453,9.342881680832456
32454,12.822962178447938
32455,17.27711359452163
32456,19.589924621687064
32457,21.433361514926926
32470,28.86960988815042
32471,34.842974343226494
32472,34.75811470166643
32473,37.04109193302037
32474,43.973828695427144
32475,47.02455599652265
32476,51.07582480080295
32477,55.67979928998833
32478,59.19453150042604
32479,57.21651158859498
32480,58.77115366520001
32527,37.45990929542768
32528,38.91577949162836
32529,40.383020335049395
32530,36.81034620255991
32608,7.155424153815094
32609,7.453733006200585
32610,10.487966457278162
32611,13.133154060819129
32627,11.685444705135005
32628,20.64426581169875
32629,28.84495518847373
32630,31.85121721753731
32713,26.671434027722
32714,32.62275714085747
32715,32.3826058179311
32716,35.739231336696385
32717,33.632584548768286
32718,36.73416045936933
32719,39.83246602882192
32720,42.80893808486253
32721,45.96991860732599
32722,48.20222026333612
32723,50.37696995343354
32724,51.932655365128646
32725,30.13414181508002
32726,31.81469361983909
32727,34.68099974872396
32728,39.0504707629908
32729,43.257907840517944
32730,46.128393418860874
32731,47.48935202822095
32732,52.271294917044635
32733,57.88773434474784
32734,60.19847595391752
32735,62.087667556123826
32736,63.186740145402126
32741,12.885962592365894
32742,17.60043705022567
32743,18.972096297450538
32744,24.86331476999974
32745,28.43249521807502
32746,34.10392320270332
32855,23.371970140096742
32856,24.59843689130095
32857,23.327075627331524
32858,24.020891434596273
32859,27.065465669868217
32860,29.990510069599093
32871,1.0366140884339239
32872,1.7361335153310427
32873,3.5080374171998847
32874,7.752723907065166
32875,11.111918696420036
32876,13.032917208553892
32877,15.523343526573187
32878,16.652231382650726
32879,19.50763456737602
32880,21.999010516948704
32881,25.25504891312429
32882,26.51454565851013
32901,11.372722683844115
32902,12.319473871599197
32903,13.76182754900511
32904,14.197274450637945
32905,24.706422282771904
32906,27.020184400059936
32907,31.500709427428372
32908,39.01603045764613
32909,47.05247618108637
32929,42.03837516733796
32930,44.94983972097872
32931,47.996616816447705
32932,50.66844878263115
32933,48.77461709760756
32934,50.41579697831857
32935,52.181242459535945
32936,55.268917868451034
32937,56.16185081226656
32938,58.006253106917875
32977,0.9526650224329782
32978,1.417408141743754
32979,1.0495716829521196
32980,2.3558602803672146
32981,3.5221604512655835
33029,34.51887636611049
33030,39.679793344609706
33031,41.551539221836805
33032,40.47439626866483
33033,39.80566728505266
33034,41.624402665310676
33035,43.719425002573274
33036,44.75531387825015
33037,45.65678564107574
33038,46.74760967744588
33039,47.96945315798534
33040,48.74012712077522
33107,39.25060316569851
33108,42.14509572995158
33109,46.32661157501272
33110,49.5684072927044
33111,52.06557079617839
33112,54.51620123969196
33113,53.046009138674115
33114,55.1309424228632
33115,56.68402624250504
33116,56.985083062666334
33117,57.76679374166406
33118,59.26786919531074
33119,26.05495562397933
33120,31.346983552142593
33121,33.38564898514178
33122,42.04341897368487
33123,42.8327823911884
33124,45.143950007492805
33125,47.70455657954926
33126,49.456951215529685
33127,51.49496018874018
33128,57.853107015450966
33129,62.444438080168865
33130,61.822352075850596
33135,26.533236909491176
33136,28.863599388202235
33137,29.99285105840706
33138,32.420904827467965
33139,32.24450338092928
33140,34.520675976557456
33141,36.94700434764768
33142,42.682016174794846
33143,43.94555428076664
33144,45.804730755225265
33157,27.047470455033373
33158,30.650606507535326
33159,31.288729049925873
33160,32.630891326766296
33161,35.54441486898557
33192,10.615529047166662
33193,12.591430707964077
33194,14.444107969819015
33195,17.731278990749235
33196,19.065548927129125
33197,21.34820618652341
33198,23.36932510720104
33199,24.678840792019443
33200,29.028922437877604
33201,31.591294978136155
33202,34.67720543685285
33203,36.14807412901225
33204,25.475766227547716
33205,25.418082536507455
33206,28.818751208185066
33207,30.9469603073028
33208,32.81589354720626
33209,35.025065072969284
33210,37.35256354792027
33211,36.686772114725656
33212,36.90151325531569
33213,40.20796220777713
33214,41.996109381239556
33215,44.592504589142294
33228,13.56524591272739
33229,13.817374577633904
33230,14.71730132416132
33231,15.595298932203766
33232,15.665702121332833
33233,15.632588746807297
33254,17.29496596036526
33255,19.83937585919353
33256,25.05585145876337
33257,29.81009108616754
33258,-0.3174729817190379
33259,0.13577776450963067
33260,0.6676157380855784
33261,3.5484257963460326
33262,14.246274081134029
33263,15.010442563234292
33264,16.13993226388614
33265,18.238919948197903
33266,18.740606077773588
33267,19.109937375206815
33268,18.45476623663473
33269,20.59347174144058
33270,23.850436649095844
33271,25.954520764342384
33272,30.57292682311585
33273,30.60936743169396
33274,11.549059337268655
33275,16.097718635555673
33276,21.770470285759014
33277,26.55132933738958
33278,27.752756909544782
33279,27.51441472794264
33280,28.4780380697653
33281,28.525808435583773
33336,37.74555129635839
33337,35.58003438995782
33338,39.1136505920479
33339,43.851545700283815
33483,3.429939259578361
33484,5.674685673618394
33485,6.95004140341808
33486,8.198767999507965
33487,12.35306141642834
33488,15.178101144900376
33489,19.67752730472837
33490,21.42826218431159
33491,37.60098917316143
33492,42.13735632888053
33493,44.41359308097413
33494,47.744120813983216
33495,48.67183441152402
33496,52.051076253862
33497,50.7007785797297
33498,50.828782868554164
33499,52.77665681978971
33512,31.67861849879979
33513,31.632169746909433
33514,32.33833965647268
33515,35.85171265027762
33516,41.09011378725525
33517,42.33282684517008
33518,44.90022354300595
33519,47.555451396973666
33520,49.779370143623474
33521,52.53235019300029
33522,52.46700073457756
33523,55.31252518401368
33528,27.052298802283826
33529,32.653863565229884
33530,43.44879260781265
33531,50.37305030090286
33639,6.070105004432073
33640,8.589359131172221
33641,10.348319355223294
33642,15.723278210152161
33659,42.812779653928736
33660,43.21152102035277
33661,48.77914941561535
33662,55.68851545559028
33716,33.38033897644413
33717,37.62031091283912
33718,39.72774055540445
33719,43.13598497065115
33720,43.72293047790504
33721,47.046426050141406
33722,52.06565393171975
33723,54.73708070381767
33724,56.920199689679066
33725,56.156431592903694
33726,60.389553660004786
33727,59.9094447960076
33958,13.595473210288185
33959,14.50595169667936
33960,16.249764485354763
33961,17.890493418886027
33962,18.65477862654328
33984,8.255383635819845
33985,12.981882100844068
33986,16.09289081769884
33987,18.53735042412657
34035,0.3925708855736345
34036,0.3038092017360395
34037,1.3547714512773974
34038,2.961329398746879
34039,5.680550724709825
34040,7.738216157502767
34041,11.361648497179967
34042,13.349034112960917
34043,15.25179086928213
34044,17.03499445132509
34045,21.703284053482513
34046,27.05054288999269
34047,57.38669947924255
34048,64.55101992610679
34049,67.05168244965259
34050,69.12899171919082
34051,72.20193100752718
34052,73.08209914684892
34053,74.10610135633884
34054,74.8959074946967
34055,75.45503581759351
34056,78.30888829013352
34057,79.23375062327017
34058,81.39200261305652
34063,29.48479497231021
34064,33.90645863867784
34065,39.432008605241194
34066,41.171967688538395
34067,43.85769542400586
34084,8.926750443205814
34085,9.549800620486106
34086,13.379414909304275
34087,15.655307974577306
34088,18.64048823455118
34089,20.579878131050133
34090,23.207443791164867
34091,28.5633355226964
34092,32.24402440411518
34093,34.17475345437729
34094,35.949113951528425
34095,41.22807013937573
34108,29.165990507537508
34109,30.677187380456505
34110,32.07679414022672
34111,41.21543992977366
34112,45.903180609459255
34176,18.275728323914745
34177,20.07771869925149
34178,22.881432380564124
34179,27.580210277079537
34180,31.093290175523126
34181,30.145805104719553
34182,32.8718613888311
34183,34.04652154434325
34184,35.64367831888218
34282,13.751891924324301
34283,14.666141181334707
34284,17.218303181720483
34285,18.729959701661176
34334,8.72570350576446
34335,13.512808836600778
34336,17.0403353043437
34337,23.333155311280905
34427,44.523922361021626
34428,46.42564982677035
34429,47.3635503144764
34430,49.470365456670976
34431,50.41146298640588
34432,52.35954525748694
34433,52.8532530235553
34434,26.829315050208642
34435,33.59507442142714
34436,38.90651557364718
34437,44.01203106306594
34486,31.301318481199026
34487,35.15507341958431
34488,39.45849115695019
34489,42.65137728259012
34490,42.9011471568791
34491,41.65948020193601
34492,43.716069947104394
34493,44.14939797474615
34494,45.62654096350113
34495,46.98682940013323
34496,50.80264073226803
34497,51.0664463723397
34538,0.17026718012104283
34539,0.3893803151867475
34540,3.1942851029866057
34541,6.549919364880895
34594,37.461446024558605
34595,40.77464857867851
34596,44.566116559941406
34597,49.02757625266588
34598,8.716769375187962
34599,9.228666944198967
34600,9.927879806035724
34601,12.849641564528723
34602,14.725802207760024
34603,17.97066982237349
34604,18.6325042858866
34605,20.48762628330876
34606,22.267644133676832
34607,24.93035943485342
34608,28.175709318924625
34609,35.49970152285114
34610,25.094378991540662
34611,25.121664922404957
34612,31.454652915729802
34613,34.693595024281706
34614,35.23161963570614
34615,35.92614007859711
34616,37.09066686538609
34617,8.868059617201848
34618,14.184911012721066
34619,17.71433279236833
34620,21.3472261384986
34621,24.953951142483234
34660,11.010684246246099
34661,10.548456032448254
34662,11.945083338566597
34663,13.276378740130225
34664,26.80079902510151
34665,34.52195448375615
34690,1.5079553357300002
34691,6.409687210654538
34692,8.369128198785603
34693,10.513208548266402
34694,12.629681063716927
34695,15.878408035519872
34696,18.30270302994743
34697,21.707856756799337
34698,26.95411881555533
34699,32.44864651089279
34753,10.045577483912751
34754,13.544265358799096
34755,21.20152919541879
34756,25.515450970375756
34757,26.643528001594536
34758,30.637407592300747
34759,32.45405944988483
34760,34.4570483141714
34761,37.66463638594157
34762,39.89225335592765
34763,44.722153502053125
34764,44.52802821349633
34806,12.077111972412448
34807,16.507389451141755
34808,20.408113808679765
34809,24.172976979992814
34810,28.985179059137447
34864,20.631559795640644
34865,22.801248170090446
34866,26.653857954168345
34867,28.667323591046603
34874,23.930384230635813
34875,26.862029751306384
34876,28.76204255936795
34877,39.500698637924465
34906,27.798956264538464
34907,30.838094348797924
34908,30.947495655837432
34909,32.2712884644013
34910,33.61201519332187
34911,35.97605756199473
34912,36.604391417552954
34913,39.56495719688034
34938,37.871126686101704
34939,39.4201032600531
34940,41.659236237902554
34941,45.54936081201024
34942,50.18317293523662
34949,15.960671633610245
34950,19.89545525048185
34951,23.1276735962431
34952,25.13834887754062
34953,27.76499899594586
34998,41.20746661361453
34999,43.34515487215424
35000,43.769881086466675
35001,42.464326384413646
35002,46.538685043890574
35078,44.03368367219834
35079,39.908583946345
35080,42.47624383289446
35081,47.644434386819945
35111,10.143337299392597
35112,11.727810182224587
35113,16.565171421494572
35114,22.682418244340003
35115,25.084784452669027
35116,28.451113888315152
35117,30.43578654110463
35118,32.20146916622505
35119,35.15342123307569
35120,42.151425084298936
35121,41.13763781220476
35122,44.0739065115221
35177,30.198707691924962
35178,33.37419339982268
35179,37.23948611822695
35180,41.4619619430861
35181,46.437907908759065
35207,22.87424328221952
35208,25.28728622997891
35209,26.768970092267693
35210,33.05984873822694
35211,33.87604828792931
35212,32.996731500896004
35213,35.0318337436277
35214,39.43788381639689
35215,40.47319991033835
35216,43.89087385838426
35217,49.30651598960435
35218,48.104489318804774
35277,40.252843270821316
35278,42.92423589297796
35279,48.934708092917184
35280,51.49024987974921
35281,54.40490848873944
35282,56.43009470234074
35283,58.27643939629869
35284,61.52910753764451
35285,64.69805808652137
35286,46.37100723435245
35287,49.439543555574886
35288,48.67666366694764
35289,51.54694753113544
35389,20.29600717345844
35390,23.011705261728284
35391,25.75966674029107
35392,28.70547091265722
35393,29.599876043336614
35394,30.078831322917125
35395,31.129622335795418
35396,30.625337784910734
35397,32.08201867955466
35398,35.60622513298368
35399,37.92652357835709
35400,38.56753449539012
35401,28.30562330565122
35402,32.74189709956133
35403,35.35576981910597
35404,40.46125381487538
35405,45.034561024047406
35406,45.11995079996565
35407,47.14052948236863
35408,50.534378280592826
35409,52.603654732920454
35410,53.727117990445244
35411,55.84048722557354
35412,57.53434017379231
35438,30.809677281055556
35439,34.915227328850555
35440,37.809068244458494
35441,44.745245616561384
35442,46.86330430810278
35443,42.59348382426156
35444,44.07278492404733
35445,45.914675512028296
35446,48.60736819089305
35447,51.50324900011645
35448,53.30971977474244
35545,55.68921992046288
35546,57.586062735867415
35547,57.86276254600894
35548,58.07255139022704
35549,59.419823823945784
35550,60.80939844715482
35551,61.055505812554706
35552,61.23364296125166
35553,62.30117907943032
35554,62.53932350727185
35555,63.34405302478828
35556,65.51141127155469
35557,33.621313386986934
35558,42.543474433063395
35559,45.73855578764038
35560,46.95670576919394
35614,40.70715548013504
35615,49.804235664471456
35616,51.335560778336415
35617,53.06485110481494
35618,45.84917860683985
35619,47.43655432128512
35620,50.26101126166412
35621,20.178225488501415
35622,21.306647252249647
35623,22.874465198867046
35624,24.092963015496924
35625,26.39165148540398
35626,26.581815683537585
35627,28.015092109025645
35628,31.364783957273172
35629,35.28653351222548
35630,35.62012918537522
35631,36.40596238396032
35632,36.984817112592104
35676,49.85317611927764
35677,50.977135253763706
35678,53.53015714896161
35679,55.74397782665968
35680,56.647789643209464
35681,57.308778737912604
35682,58.932311877682956
35683,59.98036501928091
35684,60.06342627949294
35685,61.5886463296078
35686,62.98670526580831
35687,65.62946194721322
35706,24.917910886615914
35707,24.99398867158875
35708,27.45057370457963
35709,32.92896095190238
35710,15.341224050357573
35711,18.220777325857522
35712,23.190975187399044
35713,26.95351996109517
35714,29.723104504862935
35715,29.47806275058585
35716,31.02711793860095
35717,37.41316110785062
35718,23.13062747279501
35719,29.683597220997672
35720,33.270520433008826
35721,32.66678898101283
35727,16.41389213306304
35728,23.151319630391164
35729,27.35940277547765
35730,28.30805945244527
35731,31.456352057321144
35732,35.35705113903745
35733,35.93470991707866
35734,35.025815459003695
35735,36.60828827912181
35736,39.90675622883534
35737,42.36253567891973
35738,43.80227447587335
35745,13.153947420570349
35746,13.13082836153415
35747,12.893047147847847
35748,11.467009518060191
35749,11.14039843918445
35824,16.69421110661531
35825,16.60745828809062
35826,16.25720205893151
35827,11.929268012277964
35902,0.9910383750864705
35903,12.248568809199924
35904,13.094132470629125
35905,20.346765664138534
35922,18.221667336059774
35923,19.607440509168693
35924,22.921392155872788
35925,26.171769859392477
35926,27.519370711766857
35927,28.97651175962458
35928,31.136745921039292
35929,33.167473369789555
35930,36.2326437022944
35931,36.640958645551436
35932,38.63794357488984
35933,39.85812294454909
35974,18.483059932963158
35975,19.185324384267496
35976,19.732599293330924
35977,25.32655551558322
35978,28.707827375799916
35979,32.63567689929875
35980,33.48437462754738
35981,34.388109418335254
35982,38.44279011967961
35983,42.07076034393748
35984,45.50444327687605
35985,42.11713497020968
35986,12.245688590995785
35987,20.44167285049034
35988,21.932931223218148
35989,26.00463068475
35990,29.830183943871237
36068,23.933372413712714
36069,29.02919625646093
36070,34.1324246103166
36071,36.533515910629255
36120,34.263767247784834
36121,40.55142136430234
36122,47.01858827792135
36123,49.933782649292674
36124,57.06297234070145
36137,17.436858024289727
36138,22.188830793452702
36139,24.512715129867946
36140,25.475310562231435
36141,29.948035196590542
36142,33.01407663368196
36143,34.30843596703362
36144,35.14545221739443
36145,36.45343877756261
36146,36.64483552060594
36147,38.32766398593385
36148,39.672664403902786
36192,39.89698139059499
36193,40.88157710713579
36194,42.17822054505968
36195,48.161447893694984
36196,47.22570512379569
36197,55.925089305438995
36198,58.29822185380796
36199,58.43000343665121
36200,61.068950200137834
36201,63.01662593052268
36202,65.04762777145858
36220,22.525945964107617
36221,25.533050408092652
36222,27.720491778146513
36223,32.07637804354837
36224,32.52345333013088
36225,37.09490773831449
36226,38.01965259009211
36227,38.9755314785108
36228,37.90341342325651
36229,44.60614210662505
36230,47.03786157271342
36231,51.58011621922262
36245,45.45350885043211
36246,46.529856003655595
36247,47.44862491902083
36248,45.69205460316784
36249,47.48874886402391
36250,48.780653159686764
36251,51.395684633350754
36252,52.347948461907315
36253,54.87186976648802
36254,35.23601973354725
36255,35.42779758328343
36256,37.591049131858554
36257,38.562213687700705
36258,39.447461172457515
36259,41.816733529691454
36260,43.38826263250043
36261,45.54708906376277
36262,45.986760930591906
36263,47.73661992314132
36264,48.91169845495428
36289,0.29428009369152625
36290,-0.26566537523401207
36291,0.43706436159940765
36292,2.6333462712266034
36293,4.105519441695142
36294,6.749013795730328
36295,9.65945629783654
36296,11.167691258439586
36297,13.775987468119762
36298,13.968207902758257
36318,22.24713874490784
36319,24.023552908560703
36320,25.830162343014855
36321,30.50283022837267
36322,33.319420668246494
36323,37.21334320557589
36324,41.959762972562004
36325,44.73181801347165
36326,47.58167792286462
36327,50.32612536342628
36328,52.750716451107905
36329,55.05028335221906
36330,57.44181628466101
36331,58.273379538212325
36332,61.48893321105588
36333,63.7292017780358
36343,16.135774817493136
36344,21.953806041302947
36345,23.080777774060007
36346,25.008036202844014
36347,26.067962663605673
36348,26.525908289845997
36349,28.871082918298775
36350,29.768696741426066
36351,33.74932794836441
36352,35.1238917167419
36353,38.799236659679394
36354,39.10069609575731
36367,19.822967783383
36368,23.955163916799137
36369,25.62610676925246
36370,25.5882572299882
36371,21.99289877104723
36372,25.586747329838808
36373,30.61057877740597
36374,33.57438282347626
36375,35.46878223911838
36441,36.072396802552035
36442,38.26581429632632
36443,41.69660589689887
36444,44.44544697979064
36445,47.394544162814306
36446,53.48568146842747
36447,53.83325325815765
36448,59.4299002970416
36449,60.88452414566641
36450,69.91678632780663
36451,75.62704428370837
36452,79.18426067437238
36453,21.403322356071893
36454,22.5593852428273
36455,30.387456587243936
36456,33.224365083508545
36457,33.69294358131237
36458,37.81121526642913
36459,42.063815849504806
36460,48.294234686754365
36461,48.588872783986545
36462,48.21664142339114
36463,51.53405078175032
36464,53.22533590356556
36523,2.1214344423032223
36524,6.680770806143578
36525,7.8547687958878205
36526,18.99977655043797
36601,24.64329309574761
36602,27.623579300109444
36603,31.985544504950646
36604,33.92977613929414
36605,36.092788069019264
36606,37.531629456610275
36607,36.929317579759584
36608,38.1353439429569
36609,38.59963165066984
36610,40.41981179134452
36611,42.619863403737675
36612,43.665991185737916
36618,37.42862320102729
36619,38.915793850479595
36620,40.729005435065964
36621,45.27317383080492
36637,42.42072675499043
36638,44.923051054212145
36639,49.892053319039945
36640,54.35394387529967
36641,57.59749162539751
36642,59.548127272957956
36643,61.945087080556824
36644,62.78086408159425
36645,60.228016313307684
36646,62.14669752339441
36647,2.0857106099092726
36648,7.010590487801676
36649,8.972940438212007
36650,11.9829737040576
36651,14.229573436920935
36652,16.894772265642043
36653,19.635161201332732
36658,39.70833836345583
36659,41.1915251370865
36660,43.615773839044834
36661,46.081519012760026
36662,49.67958747278471
36680,30.1921229032764
36681,35.09523573258566
36682,36.35957231392364
36683,42.156500451198404
36714,14.681275104926714
36715,17.031451019990335
36716,21.966968351481075
36717,25.445420597564024
36734,51.414682248193856
36735,53.011378743604915
36736,57.37752184662712
36737,59.66657139768367
36738,61.366473011484665
36739,64.15850064738888
36740,67.05483508571007
36741,67.17443221554726
36742,67.51754185383076
36743,67.70719100158605
36744,70.48798424712444
36808,29.041788982499355
36809,30.43428651492561
36810,33.632641328362276
36811,33.65440939219662
36852,19.594692981538756
36853,23.449413215936943
36854,25.876114065431825
36855,29.127481519544123
36856,27.72994821317855
36878,7.925413129539303
36879,9.867235327222058
36880,12.341627379965445
36881,14.496679449886784
36882,18.703369236892293
36883,21.029191885258832
36884,24.524767892129972
36885,25.709872583119093
36886,26.818379259052136
36887,27.93038273954259
36888,29.855642556581497
36889,32.21422123101851
36890,40.959542994500154
36891,47.299630822857566
36892,52.70651344931273
36893,54.23457403465762
36894,54.06257479273407
36951,30.147090499167106
36952,31.408692420477855
36953,33.3286424889448
36954,35.67186851291098
36955,41.06442958224291
36956,43.7770867500459
36957,48.61223402677705
36958,49.33221270391981
36959,47.216723676554
36960,49.54001383445188
36961,52.98035001187383
36962,55.35222700213508
36975,36.26295054142677
36976,47.696275787235635
36977,46.903403448364735
36978,53.0866368045104
37010,2.4059338570514623
37011,3.524700939497005
37012,5.592806119798367
37013,7.146846204595706
37014,11.679385300064876
37015,13.964833852248924
37016,16.4986885690032
37017,19.737963527663847
37018,24.275652658777382
37019,28.067844384993794
37020,30.17765641080557
37021,29.801148997713085
37022,45.66777118185091
37023,48.80158337462892
37024,50.90188990763639
37025,53.92274078654282
37026,50.78673331808012
37027,51.51493166936415
37028,55.16408769364543
37029,57.6748770316645
37030,59.70259019453661
37031,59.6096951144177
37032,60.621344144507034
37033,59.639548562995486
37034,24.5216304812564
37035,27.072803802594365
37036,27.693294800817245
37037,28.033973414865397
37038,28.729712372646226
37039,29.995402406852797
37040,33.01187375979112
37041,20.125178040894603
37042,21.29767438665324
37043,22.260454265686857
37044,22.920052043268253
37045,25.287334924980275
37046,28.726073251431774
37047,30.808083624518705
37048,32.14989763500273
37049,34.9168381383886
37050,38.71862463121101
37051,41.262275955255944
37052,42.45870090185368
37053,36.156071371027075
37054,38.25906324592096
37055,40.69644898894863
37056,44.00963346020226
37057,60.63938992696991
37058,61.550316618872394
37059,65.74336138398371
37060,64.75288211847024
37061,66.37766082787498
37074,30.97971367864818
37075,38.52898501523149
37076,39.74325254048423
37077,39.88177258503358
37078,29.75141514552464
37079,35.053497035255084
37080,38.7172024460596
37153,23.23022958292899
37154,23.660117233341495
37155,25.738852707899063
37156,29.601550667580504
37157,33.06630982236537
37158,34.47821797609741
37159,34.50128924257867
37160,36.000074924313864
37161,38.5588715986032
37249,23.58506982849156
37250,26.05155139102471
37251,27.514473573037804
37252,30.972434605983377
37253,32.17247446875193
37254,36.153715403564014
37255,39.15645320093403
37256,41.70412963506165
37257,41.72781740817107
37258,47.151302629527656
37259,49.82037402694299
37260,47.03251313797344
37261,7.651916143352859
37262,9.952168878958064
37263,12.334643656690144
37264,14.799897993857856
37265,15.722168535129297
37266,18.692370289144236
37267,21.877173112911354
37268,25.345837410287096
37269,26.115055981381445
37270,29.1671533276043
37271,31.47891212578896
37272,36.89739389775432
37308,33.96316407716484
37309,40.48213252965636
37310,44.58715612242243
37311,46.803107158585455
37398,35.31894863702868
37399,38.9639344828176
37400,42.01813340093952
37401,47.796863403562206
37430,19.736960694662507
37431,22.07114228322422
37432,24.3972752471723
37433,26.981188414864445
37434,28.689085281244278
37435,34.33592181245271
37436,34.96232096895901
37437,35.24727872128248
37438,35.61934102398196
37439,40.04623878618487
37440,43.91967764799863
37489,37.5303003114275
37490,47.95592873105683
37491,52.22672860973982
37492,52.57570085957718
37493,49.92800755428157
37494,51.56462382920377
37495,54.2598527958761
37555,15.310956870068178
37556,15.031862340526231
37557,18.090218457199914
37558,20.24372033955185
37559,21.288995868263157
37560,22.621647563696996
37561,37.62773510208913
37562,38.49826489217674
37563,47.01381898310929
37564,58.21753144643671
37577,28.428172020015555
37578,30.979480331947673
37579,33.18379068074774
37580,37.16576122720437
37581,40.800911546154495
37653,23.095649730648603
37654,24.373257342616146
37655,27.582835728730085
37656,29.03342671406201
37657,32.55496622261811
37658,36.40985879783712
37659,45.843008417514675
37660,48.48564769413901
37699,45.23263278102989
37700,46.24437722862348
37701,47.47305795429186
37702,48.33012781080799
37703,51.34574523016643
37704,52.377397936018966
37705,54.78048857392635
37706,55.118684972533714
37707,55.65000795344401
37708,56.02877512793684
37709,56.687991192118574
37710,60.29091778517025
37756,45.947671757148875
37757,47.859043050982024
37758,52.557310722597016
37759,54.60293235084546
37760,54.738308103059076
37761,55.04128482070481
37762,54.90476759189797
37767,32.19844905876432
37768,33.6124812755085
37769,39.491710842620506
37770,45.95943968123155
37771,45.184495901990026
37772,48.759663358637304
37773,53.049516454051556
37774,56.56220368714955
37775,59.41529984539231
37776,62.14826076067828
37777,65.51768772645053
37778,67.23047561488725
37816,13.739753067327431
37817,16.809315159590057
37818,22.77486986853594
37819,26.50022509569514
37862,18.138697686189253
37863,18.928577697490446
37864,18.61349454219484
37865,17.742701786679767
37960,27.55205536126215
37961,27.613209740669017
37962,27.97327855825669
37963,31.285092846631162
37964,32.86733476733807
37965,36.2960997700314
37966,38.52160637495123
37967,44.042647705167504
37968,47.70245104360751
37969,54.08749151503121
37970,55.96186454933774
37971,57.187509376387766
37994,28.890627602745415
37995,34.73952722007703
37996,40.11311757846557
37997,47.89030264777322
37998,53.56704287907116
38021,28.757435131054265
38022,30.807318945847875
38023,32.90583232307872
38024,36.59861556703911
38025,37.690069230943415
38026,38.84721243610623
38027,40.59208138190362
38028,44.084908017241546
38029,47.7712246492717
38030,49.53520697961233
38109,31.170049566486476
38110,33.03695274539983
38111,32.859396994145655
38112,34.74415020549963
38170,22.575720558492808
38171,24.758727060694117
38172,25.99831641478002
38173,27.082921559586804
38174,31.566293055522284
38175,36.13492580630305
38176,37.88786981777136
38177,39.760672724338185
38178,39.148359375066846
38179,42.41152669667738
38180,44.398931697607225
38181,46.47491646509782
38197,29.168117976192846
38198,31.13007425184155
38199,33.701780935463695
38200,39.425878870992335
38201,43.10054565137763
38202,43.36077954098992
38203,46.943670581153306
38204,50.15896029890523
38205,53.52634230442805
38206,57.731145521255364
38207,65.13122305741823
38208,59.596093278731956
38209,60.53901064880766
38210,63.64519621710085
38211,64.26629308377966
38212,64.74320274957833
38213,65.36972705839257
38214,67.75330803696063
38215,42.190908626346385
38216,50.737518695919405
38217,55.33823020106774
38218,59.51641459691017
38239,11.355135270714547
38240,20.15132124906277
38241,29.42094600073635
38242,33.19444911167767
38243,32.54459712060192
38244,34.24823893166596
38295,17.562602023958053
38296,25.673125244222096
38297,29.41312721533793
38298,30.987429068691906
38299,27.475124666444223
38300,38.85866291626368
38301,44.01344552522481
38302,46.80628626406222
38303,48.68553925502875
38304,46.67160469496378
38305,46.664506294473284
38306,51.644384599374774
38307,52.95296818225839
38308,56.03304332530368
38309,55.84810648477616
38310,57.87381846680244
38311,58.75231603254658
38312,17.175633408425373
38313,18.884456112216075
38314,19.983563271691317
38315,21.895911418826614
38316,21.765537391714684
38317,23.966280029280828
38318,25.67578025070833
38319,28.525126197182953
38320,31.134134361628096
38321,32.535720500601414
38322,30.329003575367626
38323,32.29226209024947
38324,28.7333770326528
38325,30.13729016627811
38326,32.4486392673906
38327,37.40317601053359
38328,37.027154163767605
38329,40.70249616545533
38330,42.31930297478262
38435,30.811590769285942
38436,29.859755812627306
38437,30.709932604446774
38438,28.974966105356316
38439,31.508279643672427
38440,36.019345268309486
38441,35.41068529802963
38442,40.14614469456729
38443,40.24027597238027
38444,42.60975284676827
38445,48.250625595198045
38446,53.15087865191217
38447,32.00811571230278
38448,33.45384699973299
38449,35.83133769078683
38450,32.16543224105587
38451,34.96528481965292
38615,31.513479299276405
38616,33.5312447008301
38617,35.87935096114277
38618,38.117931479642955
38619,38.086160004944844
38620,39.45296065239358
38621,41.81343274808325
38622,45.50079396297101
38623,47.42279787449012
38624,48.59066581916873
38625,52.088953394018944
38626,53.75081893512666
38627,18.89383154744164
38628,21.687572467855418
38629,25.521822499995405
38630,28.7405165636626
38631,17.76863399142534
38632,23.470357199349273
38633,30.264570588804403
38634,34.7944472337659
38786,41.85666530889977
38787,47.82447238931449
38788,59.88894110217142
38789,65.78797460077277
38790,71.0015882280774
38853,34.72260091813097
38854,40.86829127400837
38855,42.689982752156645
38856,47.01510632069093
38857,48.327183292682356
38858,50.0278553161373
38859,50.057812962123755
38860,55.547800396262055
38861,58.037450196305706
38862,58.07143186059148
38863,59.58683564873908
38864,61.726015869792704
38869,28.362681229415255
38870,35.459050486256686
38871,44.70186742843804
38872,49.64990533686244
38916,27.70798086863886
38917,30.380718339683654
38918,28.971935353528757
38919,29.239777633171734
38920,30.52443238162622
38921,32.211862910970446
38922,34.258401653402295
38923,38.061348588700845
38924,37.532674325192964
38925,40.516473547149054
38926,39.48295338256239
38927,39.070352551725755
38936,44.35160413775974
38937,46.20526898477778
38938,48.15847398653094
38939,52.823124689128605
38969,19.224913803747214
38970,20.552921304937993
38971,22.304965266057145
38972,21.685861924848957
38973,24.312163956783998
38974,26.60587687416637
38975,28.300845122842386
38976,31.44732974242637
38977,33.32722867637967
38990,3.157547362767081
38991,9.505686028822014
38992,12.412512195901133
38993,17.147844972364144
38994,22.901640459098072
39004,36.23084348319241
39005,38.22492900427522
39006,40.48848754702887
39007,41.30635321572994
39008,44.56716174087746
39009,47.733957051009924
39010,53.26488161824638
39011,53.795604824468654
39012,57.32872521440593
39013,54.911474223708076
39014,57.6677562889901
39015,58.04107800579726
39040,18.864280671779476
39041,26.832981147078957
39042,32.40057207071841
39043,36.30292986961275
39089,33.83084461446857
39090,41.34035988908086
39091,46.69293199786011
39092,51.723316113641125
39222,18.81213822103414
39223,19.88210361890867
39224,26.44972792198544
39225,34.352640608711724
39226,38.27206951860124
39227,42.73756181638807
39228,44.77254868868155
39229,45.86644130953845
39230,46.4108867376169
39231,45.54521141759932
39232,47.63404683452988
39233,49.960673998930865
39252,40.00008033008402
39253,43.76730060393358
39254,44.381581411172796
39255,47.88023375745834
39256,47.28145783960677
39257,50.62859302138623
39281,11.07590471045645
39282,15.380098289490414
39283,18.68824339037018
39284,21.786212246932966
39285,25.309686790408104
39313,15.735118584080357
39314,16.337317159964087
39315,20.531249267065288
39316,24.322950910064463
39338,28.71448318190518
39339,29.090123261513277
39340,30.32491689126741
39341,33.165573138603406
39342,35.317320246259385
39343,41.59611270128717
39344,41.648848370060264
39345,45.415806877446464
39346,46.563714950088126
39347,50.12599962180107
39348,52.45564452291371
39349,54.656104129600344
39408,21.202900937006497
39409,24.29275829798588
39410,26.435064387796164
39411,29.39100594440847
39412,36.734503353944405
39413,39.6387429560337
39414,43.04076959655881
39415,45.65572400225715
39416,45.81039912915106
39417,47.75315854187321
39418,55.818274422442705
39423,22.427234309040575
39424,24.121349548517667
39425,27.12644448827758
39426,29.53897861542263
39427,31.11207060564631
39428,29.564790787038714
39429,32.04255203199265
39430,35.42946424219802
39431,34.732246213802405
39436,26.876464136668268
39437,29.30058717918544
39438,31.853649387741488
39439,34.05848360746014
39440,41.74409700867921
39441,42.84043295125233
39442,43.184446049524844
39443,46.19777799075994
39444,48.399715710188964
39445,49.657688416578516
39474,14.161733219454629
39475,18.058417786500065
39476,25.593279270773166
39477,31.27287821281124
39478,13.656753177323024
39479,14.721001159670449
39480,18.36588083109126
39481,22.51034787915497
39482,24.965168639780103
39483,30.07528553129706
39484,34.32335864187165
39485,36.712687236985715
39486,43.45035881523608
39487,45.06179033363552
39488,49.06137802540774
39489,48.01926999721678
39522,44.97888689939151
39523,48.16001786797949
39524,48.86700592072767
39525,53.4335090860542
39537,12.667640910859493
39538,19.200029532059634
39539,26.885011979285427
39540,28.4641794420235
39541,34.580455979464865
39542,36.046764012906884
39543,38.94036307769833
39544,44.796214013410314
39557,21.49859363826938
39558,25.447186170362674
39559,26.195114258502503
39560,30.85932064184482
39561,32.871946275346936
39562,33.569643585338326
39563,37.3989949350119
39564,39.62586439568136
39565,40.35039107935308
39598,20.846835355504407
39599,26.216839347756405
39600,34.63352637316777
39601,37.91063074383053
39634,10.32167770710493
39635,11.778880595974162
39636,13.626310676494676
39637,14.392266088617058
39638,16.45937363587663
39639,19.355513509638275
39640,22.086854491478956
39641,34.84251487790974
39642,37.894826102062574
39643,39.65288815350562
39644,43.217963289559336
39645,44.73833696704833
39708,50.24114652076035
39709,51.441504053382936
39710,57.53442213580512
39711,60.63443635785563
39724,34.98193189644157
39725,34.80010622052338
39726,38.35591549897785
39727,41.025835404270765
39728,43.65151773405036
39729,46.03547686118901
39730,50.59572688658064
39731,54.891293651963494
39732,57.32388518930574
39773,39.72564300629316
39774,41.25875895260887
39775,40.82000755509273
39776,34.16130423370022
39777,37.941080909759464
39778,43.1323938673397
39779,19.106567433016426
39780,19.95748443113568
39781,23.32496161213553
39782,19.940811012375796
39783,24.43421458212831
39784,26.574021108561126
39785,32.12747169869092
39786,32.359311630703615
39787,35.4468110902628
39788,42.462585004706554
39789,47.76308219089434
39790,48.816554063799806
39803,32.19860425823387
39804,39.92560704954026
39805,54.3172172395052
39806,56.68006091462119
39807,60.34297401481586
39808,62.541374905222526
39809,65.82367750621536
39810,66.63405494315309
39811,66.849787966891
39812,66.95303480278021
39813,69.83027518138543
39814,72.86681126094511
39815,77.6373097806631
39816,77.40392006005571
39817,77.72597942677433
39818,79.57173059696522
39819,80.14199525466364
39860,35.861441530106056
39861,41.203848248781604
39862,41.54954148273627
39863,42.27657812200695
39864,37.38980281608365
39865,42.36527282661067
39894,29.02030905189916
39895,30.19876291543401
39896,29.566554136738123
39897,29.433420874154532
39936,12.393938062650932
39937,13.59955574225388
39938,15.30393589664087
39939,17.102487406005004
39940,18.271072900004437
39941,16.83108765832875
39942,18.328138224409564
39943,21.16411453119552
39944,23.53797237867448
39945,25.477311682169898
39946,27.01507818970837
39947,36.800642819189015
39960,24.52707573622745
39961,29.656242922620887
39962,33.42924947490063
39963,34.348521926156174
39964,36.3854216612891
40034,32.60718094134458
40035,38.58314893401395
40036,44.04742414304015
40037,42.39561335866123
40038,47.14286325777563
40095,33.38200476357939
40096,36.39012285771596
40097,38.55012052944784
40098,40.05685635034037
40099,41.275642805005496
40100,41.53885595259551
40101,44.04945465179361
40131,8.62909540370749
40132,9.548836975690632
40133,10.424775889061868
40134,12.662599062591566
40135,14.027835396663919
40136,16.046651462861544
40137,19.100192129346503
40138,25.857540737604197
40206,6.874106300410359
40207,7.162818124402084
40208,7.6885126876475836
40209,8.20944191962754
40210,9.465465873513853
40228,8.385720676291337
40229,11.184390946553965
40230,13.624081119550624
40231,15.71737833055348
40232,18.318956594280653
40233,22.736092934784896
40234,26.803993288507773
40235,26.35130798842288
40236,29.08946644007861
40237,31.522478727214352
40238,32.775672107741435
40239,32.749051479914975
40252,31.298734647199346
40253,36.195209362671655
40254,40.59602569732143
40255,45.62556818848201
40256,51.18700049475948
40257,58.07066156822595
40327,33.07346711874351
40328,34.31865504375891
40329,39.79928724747185
40330,43.181876925875386
40331,48.82623457128735
40332,53.83536270082371
40333,55.430695866800406
40334,59.20450364773282
40335,61.65495901967818
40336,62.34887474914468
40337,67.76508552368217
40338,71.88849929482399
40394,29.93608734107533
40395,31.541090409692707
40396,33.909849117318196
40397,38.828903419837516
40414,44.39046478047239
40415,48.10858255467732
40416,51.355578725279656
40417,51.13144833993883
40418,51.916481882208956
40419,56.01263532736745
40420,11.978188721871597
40421,13.067870977686594
40422,16.834553345837847
40423,19.65651657698665
40466,22.583766123958064
40467,24.62726656588906
40468,25.92795459615957
40469,30.000132605874107
40470,33.43046869902407
40471,36.0334931607969
40472,39.64267496786232
40473,38.04363704964909
40474,43.16927166286483
40475,43.42732247125074
40476,46.57669174684468
40481,38.96534189932822
40482,39.445357032634234
40483,44.79675189643012
40484,45.254082038547416
40485,47.35156451981944
40486,51.70756184720529
40487,55.22880577012749
40488,56.64029449396121
40489,60.61044999604022
40490,61.0726155813018
40491,62.94459363656113
40492,63.71313836428524
40493,27.692514576374265
40494,31.595611052944783
40495,37.87626727495027
40496,46.20555337023994
40497,48.79868464430727
40556,37.358245769432195
40557,44.57374046648535
40558,42.04504517480664
40559,42.84650682813878
40560,46.47413509176354
40561,51.59815845524241
40562,52.13540737252519
40563,53.53506401340593
40564,56.32096121965975
40565,58.657244501358754
40566,59.11044017348318
40567,57.7846311403589
40613,28.135022948126224
40614,34.79051653907598
40615,37.934780665120904
40616,40.173626000376636
40629,10.00187772027536
40630,14.056067102975502
40631,16.669482199794583
40632,21.031422235460074
40633,23.201084644455843
40634,25.753568703907728
40635,26.63169737397967
40636,29.086499208320916
40637,32.40581548935392
40638,35.02259206752371
40639,37.558985307608204
40740,7.126415769122526
40741,9.397759586601733
40742,12.828424493001085
40743,15.929897972341406
40744,18.73523700175782
40745,19.98723114800381
40746,22.89142885075257
40747,25.892068433469106
40748,28.079554853684407
40749,30.216471743861703
40766,49.579386202008386
40767,53.759682416073176
40768,56.689220077194086
40769,59.32212649678273
40770,40.63907005423746
40771,42.75877061903496
40772,44.307878997236244
40773,47.45976161818794
40774,49.91094658219956
40775,52.479832901182476
40776,53.441825423579616
40777,55.61661003229015
40778,55.5556596382715
40779,59.595004958396615
40780,61.24248605069537
40781,61.94533053078366
40837,18.25669093216638
40838,21.62949953208612
40839,25.479252188510248
40840,28.38721719781454
40841,30.090473690051677
40863,8.242142638400601
40864,8.509861931644858
40865,13.207527199258529
40866,14.80880842211308
40891,15.863138130427272
40892,16.22086691773878
40893,16.913567748180185
40894,15.537529581370748
40903,30.85264091913622
40904,32.58573681660793
40905,36.499855572439735
40906,38.38994316239748
40925,4.754302806453891
40926,6.605761785322445
40927,9.185117398232789
40928,11.21341016064305
40963,24.907958782849008
40964,27.742904299671203
40965,28.998843398995163
40966,33.388423504185695
40967,35.00221475063997
40968,37.15765869795116
40969,37.80620706924716
40970,40.13623830998299
40971,42.521266900985864
40972,45.41067716904466
40973,45.224046676492776
40974,49.54413654775864
41003,25.95771420895573
41004,29.765067342840858
41005,33.34126995673053
41006,35.353410759155835
41079,44.28290976066429
41080,47.24339585643824
41081,50.154599028447464
41082,50.509400315246424
41083,46.240722630235126
41084,51.659291200711735
41101,21.395483167338373
41102,29.144613222011714
41103,32.32787401131294
41104,34.55901295165905
41105,38.15332299608818
41106,39.0638031212745
41107,41.70927697075362
41108,42.382379283879864
41109,44.44805635157139
41110,46.351183062560516
41111,48.86715489043069
41112,50.01050179579421
41129,31.682416559788003
41130,34.027647063786084
41131,43.33609451435663
41132,44.034064707609595
41133,47.83091569816035
41134,42.35198460849522
41135,45.70661060964042
41136,46.68860741222574
41137,45.05209502617198
41138,47.474594874828014
41139,34.102185363474405
41140,34.762032070358025
41141,34.52706981549291
41142,39.70929560715833
41143,43.53836804397347
41144,44.68982027134824
41145,45.05135685262646
41146,47.21946092811918
41147,51.758990102564006
41207,12.923249525037797
41208,13.82165230086544
41209,17.265554622341075
41210,19.466947802782922
41211,22.993719066749154
41212,27.147419765443754
41236,15.31095098241102
41237,17.42175053542216
41238,19.62353714825744
41239,20.546241435708165
41268,28.856813394702364
41269,30.843115105419557
41270,34.63080350876895
41271,39.1001345611215
41272,45.48417516103803
41339,34.9074146793598
41340,38.396993214735126
41341,41.75212045376537
41342,39.2414333888946
41377,29.403062975739537
41378,32.223305696286864
41379,38.03534926321391
41380,42.13235443360586
41381,47.14061222285337
41382,48.36592854003802
41383,51.342705870838266
41384,52.399310506257066
41385,54.53635006481867
41386,57.02021787705009
41387,61.770362999607144
41388,65.20310302308783
41401,20.727398043150917
41402,29.47067591710975
41403,35.69042277222954
41404,36.83640193450672
41405,39.16836782837579
41406,39.324185490500604
41407,42.518785056889634
41446,46.443572039814285
41447,48.08106747441668
41448,50.909372056671465
41449,53.15666533106768
41450,52.72861204470369
41451,53.787335407847344
41452,56.688630505132615
41453,59.13440115686487
41454,59.098206587993694
41455,61.77084108651599
41456,62.23053766562197
41457,64.00679759458208
41484,28.987535246999315
41485,36.85314956938961
41486,47.64803975459156
41487,51.18622542565205
41488,54.893984921292805
41493,17.055317039233394
41494,18.604726165966927
41495,18.61813693917881
41496,20.977285450962313
41497,23.05001201217501
41498,26.120958637606126
41499,28.563591513275977
41500,32.348783726596956
41501,36.08555273514872
41506,26.718504186108298
41507,35.815952655795215
41508,41.09978986080146
41509,44.18679505639564
41510,1.1859722365078633
41511,6.362945563968305
41512,8.069006763220047
41513,10.05317507979361
41514,12.907804712679894
41515,14.212201241654457
41516,16.591130895604543
41517,18.533535389266888
41518,21.665422988012192
41519,25.200454523757237
41520,27.55088410671504
41521,28.55717354643353
41530,0.41677724926214355
41531,3.74863023074067
41532,4.6244663821243925
41533,6.867403983602369
41534,9.861239762929536
41535,18.72626551459617
41536,22.689161304432538
41537,23.49264387140057
41538,24.945839252790886
41539,28.493167027549323
41540,31.246753741653222
41541,31.83147119737851
41559,30.8464548089069
41560,35.58338024954822
41561,35.80040733135282
41562,36.36572334023212
41563,41.67722088684908
41564,45.14288877383702
41565,47.674137812273685
41566,50.42641427834843
41567,50.08684358666203
41568,55.85707753926265
41569,59.67210407289429
41570,61.541421746498585
41579,38.50343818306443
41580,42.24794181103381
41581,45.86305135107448
41582,50.65850347457966
41595,24.06533599080183
41596,24.958854945064285
41597,31.20490679542049
41598,34.426211585696
41599,31.72081026692835
41600,35.451028335831275
41601,34.81657699123664
41602,41.57457298956991
41603,48.98069380796459
41604,52.01793684403139
41605,53.63743579889607
41606,53.139258412587715
41652,50.17420859038264
41653,53.14431043203177
41654,55.564837658145606
41655,53.65274985117223
41807,17.474487330143155
41808,19.542371308028414
41809,22.251690041680114
41810,23.867055205736875
41811,25.35442579332309
41812,25.939998310557897
41813,29.309126718505233
41814,30.753049148614256
41815,31.97617125047187
41816,32.66105987456448
41817,33.177277002002164
41818,33.639558886601336
41856,0.7852573366405304
41857,1.1474895984347782
41858,4.010904292273211
41859,5.880998554713111
41860,9.010356740207012
41861,2.010649705249737
41862,2.7189233058850353
41863,4.929595990856713
41864,8.926808078423502
41865,11.015641970733608
41866,13.167262911812587
41867,14.905004757415792
41868,16.934690696003834
41869,17.697380676315962
41870,19.713760412575805
41871,22.835077094933112
41872,30.881550207108234
41901,13.61862335167702
41902,17.56374662525856
41903,19.600136749166282
41904,21.35014730494448
41905,26.378600455007437
41906,27.35785412255162
41907,34.269746411013166
41908,36.75299401322022
41909,38.039735643526235
41910,39.98646844413671
41911,42.333950362624755
41912,44.7141487484276
41929,37.066576245305995
41930,41.03984756177387
41931,48.435563037105396
41932,55.176846895293785
41933,28.916925495934233
41934,33.277412157408186
41935,34.96435982550032
41936,35.5019926398656
41937,35.90705920009967
41938,34.594059137865386
41939,40.56225575455233
41940,41.13047286186737
41941,44.83486090385164
41942,46.66177649477596
41943,47.54187039497907
41944,47.44188955838139
41972,22.176622531501483
41973,25.79762567000286
41974,26.151468621909274
41975,26.2808601242704
41976,34.28686510974265
41977,37.79219532074012
41978,43.44256120777086
42010,41.31205151365097
42011,48.2824132405513
42012,49.98532637671098
42013,52.675107923211506
42014,55.16339859499077
42015,59.06941212884908
42016,62.87956722499155
42017,64.68685210157459
42018,66.50772337866911
42019,10.967078597639523
42020,12.450233214554142
42021,13.18929570461793
42022,15.094730643624569
42023,44.160561971399446
42024,43.16386830103392
42025,43.57678899949279
42026,45.09690410431341
42027,47.15942991341858
42028,48.35096727561998
42029,48.37899935814881
42036,6.5153692187842145
42037,8.67761039630819
42038,9.576089616070478
42039,13.850502008137228
42040,16.282113460621048
42121,19.172342721290008
42122,23.73727800702773
42123,24.622663714204418
42124,26.374692317428437
42125,28.51460727792389
42126,30.157328042881584
42127,33.482346192749844
42128,39.094584415243546
42129,40.97883462835241
42130,44.00057241949441
42131,47.52768910436706
42132,48.893527146732566
42133,18.341852706961795
42134,19.71276463745603
42135,24.729432350145892
42136,28.357302176773334
42137,32.0476568574924
42138,34.635649503866404
42139,37.748393514990696
42140,38.376403102736504
42141,40.97194596496693
42142,41.90881515254471
42143,42.429780099156865
42144,43.23377994869046
42181,7.2423826724238625
42182,7.951323152848718
42183,8.865183351756077
42184,12.393940525395724
42404,30.658437614986745
42405,36.511523048328364
42406,39.15989673010299
42407,39.3716011155385
42408,39.388456682771604
42409,41.334858684167614
42410,43.185359291781644
42411,44.582665732137045
42412,48.11080234229232
42413,50.523354327800554
42438,16.90680955899466
42439,19.855859064135245
42440,21.58479380323389
42441,24.50168157308264
42442,25.048475749245238
42443,30.190935656421733
42444,32.381605730020674
42445,32.849714458680936
42446,37.968798721502196
42447,39.301766361568916
42448,39.36657855637609
42615,29.81634792055764
42616,32.602320464495506
42617,34.12933917539861
42618,34.435346009997225
42619,42.43868788103081
42620,41.94185786701084
42621,44.32800523848973
42622,43.80142184911893
42623,46.026938878499706
42624,49.802977768645974
42625,49.39915553842316
42626,55.04492150508563
42639,20.71441204655747
42640,23.52673045295164
42641,24.677045039884348
42642,26.846292580414662
42643,30.524193549548265
42711,7.740944232275719
42712,8.2202582422324
42713,11.514188377190905
42714,12.618012111112387
42715,15.367713532441195
42716,17.075545674192416
42717,19.090992633085765
42718,19.309499994215848
42719,21.134473784436537
42720,27.0214070219413
42721,35.916460136218525
42722,41.58069998946049
42749,30.296340208028347
42750,36.513271582731164
42751,39.07493395534124
42752,49.43702837760839
42778,26.85371937407775
42779,28.3294451891634
42780,28.45572577727273
42781,29.66472960364159
42782,29.82611978158919
42870,4.640453656449523
42871,7.140141072748734
42872,8.050356215144939
42873,13.000246411015
42874,15.516742929904991
42875,17.96354259765524
42876,19.694544570501108
42877,22.76586969034726
42878,27.308150911933087
42879,30.27030159258237
42880,31.75275195916605
42881,35.869559722787145
42977,2.456150084628264
42978,5.331944020498103
42979,10.565128148574914
42980,11.972675505349814
42981,17.157616554780343
42982,19.234162835013482
42983,25.173915485473785
42984,26.729130730152125
42985,29.742288240238853
42986,28.730868364900623
42987,30.36237967638789
42988,31.522208088853493
42994,48.0800993290997
42995,51.632269454947505
42996,53.07941977113147
42997,56.259670212076905
42998,57.7216089595038
42999,59.60254819077625
43000,60.935060384153836
43001,61.11260035776925
43002,61.60327419664813
43003,62.897098940602
43004,63.363761317387485
43005,64.91362461261669
43018,17.104466511936515
43019,20.517296415912686
43020,27.24838884498049
43021,32.882657522583365
43038,19.733584671870975
43039,21.552687866223234
43040,21.978153370758278
43041,24.812945773463994
43042,26.997809005644957
43043,31.167296199357
43044,33.087725584640275
43045,37.2223814091888
43046,41.40600910499743
43047,43.098086693414665
43048,45.813952618539695
43049,48.088467216189976
43050,31.818183392114687
43051,37.02072158798128
43052,33.25922850927169
43053,32.0732269009215
43058,19.726078454523382
43059,22.705565088248274
43060,24.1339854556017
43061,25.31089866734138
43062,29.075640978543916
43063,34.28259441253029
43064,35.415989871836544
43065,41.621095787663
43066,41.24715471773536
43067,42.944714886558245
43068,45.100183355563125
43069,47.08524363691043
43120,19.70577680975911
43121,24.568351098565092
43122,25.972022419526503
43123,29.96768263833986
43124,28.66303343986788
43125,30.06374783217632
43126,34.213685983608926
43127,36.13418746952678
43128,36.78641944409711
43129,40.51357707376113
43130,42.50917997024488
43131,43.2114207138559
43132,14.4439968980957
43133,21.344927483638255
43134,29.66599847665305
43135,32.127678811751274
43145,33.23704850624149
43146,38.13153465862338
43147,39.37222681788825
43148,46.243703314014375
43149,46.20280356632235
43150,50.24216343395884
43173,24.97356357151914
43174,27.299007197383162
43175,31.147800953615974
43176,34.37117568698689
43203,40.8633537620362
43204,43.35049533994196
43205,50.354155890488954
43206,52.15259047602012
43223,22.082721627128805
43224,26.010477387912207
43225,25.10161866850517
43226,29.362026075081666
43227,31.323310784422443
43228,31.81699586803558
43229,34.01295888289197
43230,37.80338054513054
43231,37.29667318734321
43232,39.75109740947909
43233,44.12163869910134
43234,46.3442028565464
43279,22.465376832357403
43280,23.106842198473124
43281,26.15458482344152
43282,29.184878602175257
43283,33.09059708232666
43335,25.602472907994155
43336,27.124232643683122
43337,31.69263387636665
43338,34.25730625767012
43339,37.660753954067474
43340,40.9769905765399
43341,44.49714238582693
43342,49.63847814174263
43343,48.53875837367554
43344,52.091820807495175
43397,35.45873235116474
43398,36.559129759765035
43399,37.45132222981266
43400,33.12932970767022
43401,37.41364914982853
43402,39.631467556241624
43403,45.24237820077384
43404,47.74943796768158
43405,49.98161172993322
43406,52.509856338455826
43419,33.71896591478801
43420,35.693767554000814
43421,37.57959559144477
43422,41.16327053718672
43423,42.534141557456465
43424,42.936981304348265
43425,46.529301604517954
43426,48.1993058250856
43427,49.575952568628274
43428,50.459578664318684
43429,52.55227919866693
43430,53.30717340170146
43457,16.610282719591986
43458,19.37892421998836
43459,20.800126188206296
43460,25.233150253763892
43461,28.34129548401464
43462,31.134321954403568
43463,32.36022134567834
43464,31.325635744485716
43465,36.33362384428649
43466,34.74084170307639
43467,36.3013198071308
43468,37.20792434234288
43506,54.05562842818997
43507,54.75420635307154
43508,55.60397126925497
43509,57.87659519953752
43510,58.02050041788175
43511,57.34383770523855
43512,57.09421534545644
43513,59.427909797367946
43514,61.6486155882479
43515,63.45181653940748
43516,66.02842174876425
43521,3.328963895869769
43522,4.340356203091829
43523,7.11746603170431
43524,9.115003178527333
43532,22.00389294574471
43533,24.30017855548357
43534,24.970974997362077
43535,27.019208863500772
43536,29.434475764752406
43537,28.999901190365495
43538,29.217379594073982
43539,31.211242418530933
43540,33.31835066940796
43541,34.80943789836541
43542,38.73711608324427
43543,39.70817827443782
43616,31.16164144763903
43617,31.614396791315688
43618,32.92990177094672
43619,32.983459754976046
43620,36.18264424921165
43621,39.04286300443194
43622,39.779612293193416
43623,41.17261824763462
43624,43.1250866245272
43625,45.887621885084066
43626,47.998554415096734
43627,50.02412338561559
43776,13.876194579223359
43777,16.131694216482604
43778,20.547388494950585
43779,25.39943772754312
43857,27.08032944009929
43858,30.26645096327099
43859,32.28691207766784
43860,33.230616884967404
43879,1.4524813077017278
43880,2.2935077424584276
43881,3.2052489938470954
43882,5.333234288026931
43883,6.798797916946766
43884,9.732428141399847
43885,13.092135121776247
43886,14.19520019448651
43958,46.10454832934112
43959,46.57877519681673
43960,46.678733836439335
43961,47.65228977313417
43962,49.82862247704158
43963,53.66619358348333
43964,56.18560046881163
43965,58.21964130047952
43966,58.75430439792108
43967,63.111172488262504
43968,63.528474441320334
43969,65.90007244996534
43970,16.967730243168607
43971,20.79242263597806
43972,24.455796387720344
43973,27.55601340662737
43974,35.011365208135075
43987,24.17436848889558
43988,28.607743339850146
43989,37.237886336621116
43990,42.6890794582908
43991,37.54645785422828
43992,40.54249803646124
43993,41.71941720617174
43994,46.34382767961855
43995,48.05034841600558
43996,50.98655434144306
43997,52.56130248306976
43998,55.0981580718985
43999,55.83714812862647
44000,58.11774597392416
44001,59.441141095373524
44002,59.36343117077527
44074,27.015859400520178
44075,30.80805915108285
44076,31.5615531750944
44077,36.89253015025825
44078,37.39704862488173
44079,40.81281193005486
44080,41.572914281804636
44081,41.78368233926181
44082,42.946237303659835
44083,46.270349708809356
44096,41.87306042786126
44097,45.607038576846676
44098,44.789269384182504
44099,55.190840816623975
44125,22.654667041520415
44126,24.98039862074181
44127,27.21671218784193
44128,30.409773147481825
44129,34.008029993050584
44130,36.50615658141004
44131,36.31553745421826
44132,39.22254761812005
44133,40.147421661974455
44134,41.819605043539404
44135,46.40941440266173
44136,48.2814199980811
44188,10.34517296694653
44189,11.297041195219988
44190,15.458527923636138
44191,17.440314824202073
44192,19.336640679035717
44193,23.32072760068494
44194,30.981755448410187
44195,34.8411163341423
44196,35.43194526536351
44197,37.03004623008931
44198,39.721032199864155
44199,40.871705611350805
44200,5.925949707395275
44201,9.373913960475125
44202,13.23268064714462
44203,16.067831838494598
44262,12.004081896803413
44263,13.222758493053611
44264,14.241383589248304
44265,16.590617404684163
44266,18.774536309657417
44267,20.960784061570585
44268,22.766571528834493
44269,26.12144403448597
44270,26.25580040571639
44271,26.914376826233976
44272,27.969885440044983
44273,26.920505753496403
44274,5.756846535469368
44275,11.33594952476671
44276,13.440893488309074
44277,17.10423294995065
44278,17.651220420771704
44279,21.382358057189993
44280,29.048419720771356
44281,36.07795836355071
44282,36.158700064057435
44283,35.94349441603741
44284,35.94878129490002
44285,37.68109127999515
44286,46.34348755893232
44287,47.39022756156128
44288,50.63367785124509
44289,55.9919041117762
44306,33.99169542928671
44307,41.58065285866199
44308,44.43474880315025
44309,46.931237259007865
44310,49.86283087259444
44311,50.63631541813622
44312,52.609672089516664
44313,53.340743105453164
44314,52.81056522398451
44315,55.98454768186262
44316,-0.10346223855618929
44317,0.024875186429304134
44318,0.5950389851157873
44319,2.97730502623023
44332,22.604343438044708
44333,27.472240675652785
44334,28.20981787717235
44335,31.46792452144978
44336,34.13378688660431
44337,38.539645524200495
44338,41.12883504030085
44339,42.718374809680476
44340,47.888722477482176
44424,46.623652203190915
44425,49.96538990507276
44426,53.30265615365116
44427,57.572787693829056
44428,60.33346394982794
44429,61.845761210833
44443,37.447521743956386
44444,40.03351501686399
44445,42.571553096422086
44446,47.590668400047036
44458,4.952384293107216
44459,7.297889216902957
44460,10.593670450087188
44461,14.041512527330077
44474,56.22057335604106
44475,54.81679807494811
44476,56.766208863958674
44477,48.08765656818098
44478,49.51888386450002
44479,50.93824545481088
44504,47.81904856270639
44505,51.181292021060656
44506,52.670687788363445
44507,53.752544386072714
44508,56.86039347086142
44509,60.08249519743198
44510,63.318141560278896
44511,64.642957330402
44516,33.57449134754851
44517,35.79687034072555
44518,45.807886948509385
44519,51.17362494584583
44582,5.853733937126247
44583,10.07171138762537
44584,15.508757081166015
44585,18.755560487674522
44586,24.46881323105263
44640,45.82308385325717
44641,49.36014367201708
44642,51.59541074077868
44643,55.60549291112289
44644,57.60437880315369
44645,56.446305234898794
44646,62.62070107368896
44647,63.48981775899775
44648,65.05180631185101
44649,66.59610281358621
44650,67.41197205674379
44651,69.06802453877265
44669,29.678646176936514
44670,36.48124868856047
44671,37.92996337844699
44672,37.3899662663293
44692,46.84055890410464
44693,49.017899124312535
44694,52.06718156489511
44695,52.86732183331231
44696,54.024572619951456
44697,55.66405714724065
44698,58.128676206847835
44699,60.78210800041712
44700,62.29908223932888
44728,18.371694517831006
44729,23.5207215700509
44730,30.487747889146316
44731,32.94415952736028
44732,35.38220655032503
44733,30.558923529787705
44734,33.50308762099561
44837,19.21820034177064
44838,21.910968833526937
44839,33.52475054145928
44840,33.69348728739396
44841,30.138637705740102
44842,32.54733350428029
44843,34.378827546544116
44844,37.69036792852338
44845,39.940117355233085
44846,45.11697902528673
44847,47.49095045265397
44848,49.54946697419264
44849,51.72658034359705
44850,54.58117222218841
44851,55.892097265383406
44852,56.36216945846467
44853,27.90832013468634
44854,28.898105714046128
44855,31.0217785369423
44856,33.35267435313683
44857,38.810803892960735
44858,40.197196940286446
44859,40.30223009829419
44860,43.019536720390946
44861,47.01274935922399
44862,46.888662156020466
44863,48.68611927239501
44864,52.8279244313805
44885,27.818868973245202
44886,28.25511962605543
44887,27.179057606266372
44888,20.639381904062507
44897,50.82801562981158
44898,53.380996416553195
44899,58.80615257361854
44900,60.89910850062529
44901,62.25961257611625
44902,66.10981038681408
45041,21.90756873353841
45042,22.805702371620804
45043,24.669576863990763
45044,29.505664762082848
45045,33.135198139785814
45046,35.379277968410996
45047,35.639517031332446
45048,38.54511899374011
45049,42.07801757124856
45070,12.836875732422806
45071,12.076341442391316
45072,12.184443351886037
45073,13.164481904824788
45074,15.968707582604953
45075,26.981187646255542
45076,36.098922795590134
45077,39.04838117672572
45078,42.35612764771452
45079,45.944576813723856
45080,48.5472136907765
45081,49.62781894418587
45082,52.341492766508445
45083,55.39979871223977
45084,56.81407395433166
45085,57.822712420416
45086,61.415405401347456
45087,64.03826099287858
45093,47.72936173466261
45094,52.4428381776292
45095,54.51429221186588
45096,55.2356032234128
45097,58.533693312455554
45098,60.442984866155875
45099,63.667428413327684
45100,65.86576390962527
45101,67.34981587113641
45102,67.381654581024
45103,69.73052905603936
45104,71.98614928904648
45105,28.927028064768205
45106,31.92226792453367
45107,39.52950290292937
45108,49.67951797157861
45140,17.70396432908636
45141,22.240329165400407
45142,25.116008530957334
45143,27.48197591593692
45144,26.69388314870356
45145,28.21830468076646
45146,28.279791792433585
45147,31.14390530932976
45148,33.54832092795283
45149,36.465141202638506
45150,36.49448720350622
45151,39.32763035819243
45176,22.181688736849832
45177,25.683583905966287
45178,29.1442636947134
45179,34.91006291572927
45180,35.42534148667672
45181,37.851461528513354
45182,36.21801716794973
45183,37.61758708617778
45184,45.51279373626481
45185,45.70020741260774
45186,43.315436726286386
45187,45.46917929634025
45253,17.38240589162545
45254,20.510982466013814
45255,24.758995403137575
45256,28.804810191692027
45283,39.03533485592456
45284,42.03140433642622
45285,44.90700029814298
45286,47.862030166053465
45287,49.59286110045172
45288,52.246317994291296
45289,54.95209296234845
45290,55.59863926529765
45291,57.081979373856036
45292,59.60676633579562
45293,59.531608265238475
45294,60.800626847160714
45354,7.923040756416502
45355,11.199662862284384
45356,14.382026377328971
45357,17.033456715331248
45399,17.538146405810433
45400,22.64439492878655
45401,24.878178451552575
45402,26.373609551002136
45432,15.838558127187953
45433,23.50860833755699
45434,26.32616618574706
45435,28.258324483789412
45476,28.74931921576987
45477,30.462604434963552
45478,33.91370528231389
45479,41.68783518611408
45480,1.0117882600956722
45481,1.55902777027988
45482,3.283242075268581
45483,6.410819459561677
45484,9.25337437198046
45500,19.04042523596187
45501,24.677251454721564
45502,26.812371198542234
45503,30.625726399913788
45504,26.603483143209825
45505,28.355723491619706
45506,29.74200605406328
45507,30.241690177249634
45508,32.331690872572196
45509,36.33117343498336
45510,38.963704869315585
45511,41.08974582573528
45512,41.46141008663812
45513,45.083641753359025
45514,49.709066776918796
45515,49.225114858736696
45556,26.11486798589611
45557,32.44994048675735
45558,34.964306295430596
45559,35.69385920629317
45560,28.74153405501222
45561,32.13198576163864
45562,35.34002464518253
45563,38.87167533539405
45564,33.668919359867544
45565,33.96386870773444
45566,34.002812160366666
45567,35.72284640474379
45568,39.21584904641226
45592,20.298332247761696
45593,24.90191701840725
45594,25.993100735041413
45595,28.325145522890917
45662,30.228112430325222
45663,34.52476957439613
45664,37.63845471492417
45665,36.715833773850655
45666,41.31309319490003
45667,45.10489618752827
45668,46.55412420367544
45669,47.038491608108494
45670,48.010121738769726
45671,52.41107963946044
45672,54.503408525155
45673,56.10506519446393
45690,20.685397521644276
45691,22.449308042147113
45692,27.61874947891952
45693,39.65672379463217
45694,38.913221520986546
45695,46.067280867430576
45696,47.43331633127165
45697,50.42015174930331
45698,17.634052415844973
45699,18.906762096536244
45700,20.569627863515397
45701,23.7479284725864
45702,26.11941214414012
45703,29.246176858248912
45704,31.864839972579322
45705,37.34805728453648
45706,40.38203697901976
45707,43.23397308632397
45736,15.040078533050108
45737,17.37208522741727
45738,19.18437409399337
45739,22.263728026341862
45740,21.960095894625038
45741,26.949682576556178
45742,28.95305597822021
45743,31.534033798104815
45744,31.01800904520657
45745,32.421670974906284
45746,32.919553586177656
45747,33.70509465031364
45820,0.8834868001423085
45821,4.459085007672016
45822,5.573799285280713
45823,7.338816167950714
45824,9.555557057377765
45825,11.262730177481298
45826,14.172162378667611
45827,16.637384576434368
45828,20.02453261294747
45829,25.865871082284755
45830,26.327521770659796
45831,26.7619588560673
45832,38.178486847958155
45833,46.664173158335316
45834,51.088288527795875
45835,53.87663383608643
45836,57.98611490766738
45837,56.607000021647664
45838,59.842733271166345
45839,58.99014016877359
45840,59.93339539388994
45841,61.925989233625806
45842,62.83159868528246
45843,64.63591036248864
45873,40.589110050656956
45874,44.26276772224809
45875,51.70662136039032
45876,54.74671558199409
45877,54.557709298416526
45878,59.838171042671334
45879,62.19624221536914
45880,63.88960522268315
45881,65.32827343097293
45882,65.56085018137641
45883,66.76248389716874
45884,67.73745127089708
45920,48.75349500864334
45921,47.84500577405172
45922,51.83061756960911
45923,56.2058769599991
45924,60.353756424537316
45925,63.12278994418781
45926,57.947285909819826
45927,61.140596903990385
45928,62.6523899251488
45929,63.80303889361262
45930,66.52185906101477
45931,67.55281782644464
45944,34.67465175185614
45945,41.32538249743709
45946,44.94009097418886
45947,45.215594263247425
45948,39.3434084322213
45978,38.22966721278948
45979,47.06945539697532
45980,49.418318075476705
45981,50.658917747265214
45982,52.505226634823316
45983,54.23635813927736
45984,56.50122350543179
45985,59.50511940183673
45986,59.380030630942684
45987,60.58318764358667
45988,61.77978427163818
45989,64.81673494540952
46068,27.330981331944006
46069,31.85013873697903
46070,36.06863819594329
46071,40.383913124036944
46072,43.34336780374257
46073,46.145482122868565
46074,47.9601903677913
46075,48.305893263374394
46088,38.36979174988927
46089,40.23745652385733
46090,40.73169641154958
46091,44.84992046927574
46092,47.29024370105179
46093,50.16500123495278
46094,49.46906029872587
46150,34.570250515363085
46151,35.46547704024766
46152,34.04397506466353
46153,30.494882317272157
46154,30.767954343108194
46155,32.57259003718541
46156,47.88200452733887
46157,46.10752771492854
46158,49.493871896278925
46181,34.04079888619557
46182,43.42490621751796
46183,49.052081267402194
46184,50.41807416403114
46216,50.22678055684095
46217,52.430494016014045
46218,52.12457725440941
46219,41.21103863200536
46220,47.018159053746515
46249,47.23234807583628
46250,50.584818247513944
46251,49.6744783289748
46252,46.439214002476696
46253,51.39302818681151
46254,53.856980398488716
46255,55.42288070094512
46256,58.602859273556824
46257,58.81540657477418
46258,59.735666315283076
46259,63.085757658800915
46260,64.84807893635426
46272,11.041894662733407
46273,12.030984739426348
46274,14.147100001412149
46275,17.850635768588745
46276,23.24063626846002
46277,26.744591952694897
46278,29.2099341214567
46279,29.364951390142004
46280,32.572364002958224
46281,34.16132282710768
46282,32.39461687072293
46283,34.94419537515563
46288,11.497942106355612
46289,17.903785067855953
46290,23.978438773838867
46291,28.476175940000424
46312,7.780631378348828
46313,10.176024007324905
46314,15.131163934964489
46315,20.835425170273044
46316,51.00506660255247
46317,54.53527072150437
46318,55.07560944798783
46319,56.78483061747117
46320,59.573113237673304
46321,57.0714582432892
46322,58.6133430312862
46323,59.63851172431533
46324,61.33509996893408
46325,60.99131515789648
46326,62.401745459060756
46327,64.64506447962232
46340,36.4249580817491
46341,38.74071397073001
46342,43.05047602619509
46343,43.01232660241838
46425,13.735594566299996
46426,16.205573412335163
46427,18.726646614825846
46428,28.629278160020196
46429,38.635186164612605
46437,32.21157550547053
46438,36.694230096952765
46439,40.672394719058985
46440,41.50570151686616
46470,16.932040092844474
46471,19.894326921772194
46472,22.38968604492559
46473,26.377602687450267
46474,27.48231624699556
46475,30.676639438200606
46476,34.607376909756084
46477,38.93507924561277
46478,39.071262445956144
46479,42.78666877904251
46480,45.10762663229098
46481,47.58011089690867
46530,31.810419478598785
46531,33.09159773974083
46532,37.70265349530538
46533,44.70928992330751
46602,34.87795396224251
46603,38.606980532326084
46604,39.51867195319353
46605,41.402628208595715
46635,24.504582021420795
46636,29.099849136090757
46637,30.85000313132067
46638,31.766226462435274
46672,22.848045049152283
46673,26.441562529477842
46674,30.885362431458386
46675,30.505258016743184
46676,35.06104705536814
46677,41.954613973823605
46678,51.09320193829967
46679,54.2768220264064
46680,17.283951825583852
46681,20.604828401553434
46682,28.513575445825282
46683,34.72802051795308
46684,34.354297846387404
46685,34.94511199297642
46686,37.33116486084186
46687,39.54621170518234
46688,42.02035727918307
46736,50.10757434968391
46737,51.543136817110465
46738,50.916341044221674
46739,50.81198892522869
46780,21.514313252528158
46781,19.55866540779873
46782,20.844792872722046
46783,25.641592384431192
46784,30.96446052913603
46811,37.75435621587101
46812,46.07626502378984
46813,49.95778654690159
46814,52.795914242672495
46815,54.363486970179146
46816,56.08589373691858
46817,58.18290530388031
46818,60.881825857298246
46819,63.17108405658951
46820,63.24521793228862
46821,65.28297209466338
46822,67.14901159095857
46839,17.858593600544417
46840,21.007289726276717
46841,24.923513025471678
46842,27.454013882173445
46843,28.427484028186523
46844,27.588083635823317
46845,31.667403715926785
46846,37.48618628399829
46847,38.833711425527405
46848,43.594434410814785
46849,46.20965553539737
46850,48.910942404809525
46977,3.249478921824077
46978,4.734722524932551
46979,5.247800276948711
46980,6.426673895743652
46981,9.703764623236314
47007,14.037482550806867
47008,18.450997613009186
47009,21.338776014512277
47010,24.64214397911497
47011,27.883595739687603
47012,9.825284940832987
47013,13.20966903627011
47014,19.39324650830349
47015,24.05597266628365
47038,20.402855585441877
47039,23.482118615126662
47040,25.161914675317856
47041,30.211232507914772
47042,33.607023250180625
47043,36.74687335431042
47044,41.615890625922404
47045,46.74741250368704
47046,46.27947750788452
47047,48.88848053731719
47048,52.01907819806844
47049,53.42206791040873
47141,40.62909787328953
47142,46.77453560766491
47143,50.51559023295422
47144,53.1628712151433
47145,53.78520848790136
47146,58.61847345558557
47147,59.26728545765564
47148,60.62420590800582
47149,62.164014254987826
47150,64.44181516906615
47151,66.02004822904293
47152,67.71745428107617
47211,-0.26408694270224886
47212,0.5067631005093765
47213,0.708549283989478
47214,4.00123857458741
47215,4.9806962357318385
47216,6.7565208910047865
47217,8.10044809420882
47218,10.846291548888173
47219,14.581143958679494
47220,16.638382085297188
47221,21.138970858011685
47222,19.999341633381505
47223,57.00340090157477
47224,59.86536468446242
47225,60.33651458984702
47226,62.31488870255396
47227,18.304455163197453
47228,23.548469447797277
47229,27.191290515698814
47230,35.58819787543305
47231,42.59970637888242
47276,1.7382015883962074
47277,2.680230338560338
47278,7.391922263859924
47279,17.223532912219397
47280,-0.11337947948682188
47281,0.39546450416464185
47282,0.34641149871041477
47283,0.6532162811717287
47284,3.6822907665292517
47285,6.946459015347085
47286,9.032738366437327
47287,12.918197816400438
47288,14.040121094513161
47289,17.622637388883646
47290,20.995761348479405
47291,26.332765111645003
47292,30.549311213669142
47293,32.756816575797295
47294,35.94987970464451
47295,42.730662946250554
47296,9.756890515838268
47297,11.495161797449853
47298,16.33277181624149
47299,20.852047294903507
47300,28.033331303644
47301,30.06512295888822
47326,57.19032015860597
47327,60.95531206610246
47328,60.9633836795224
47329,61.87226449111866
47330,62.52305153369663
47331,62.70805904786072
47332,64.77058830974154
47333,65.72648742723115
47334,66.32961308332249
47335,67.54508859596437
47336,68.75795341191977
47337,70.68517661380267
47377,13.133844458887584
47378,17.53304914709011
47379,17.937156272532704
47380,17.611183259573643
47381,19.623035516435085
47382,20.23858745294399
47383,24.839819781636997
47384,27.51638154729775
47385,29.58151962539656
47386,30.55143527352889
47387,33.00290839761109
47388,34.56533343889416
47438,38.84345167229146
47439,40.0489729802132
47440,41.22168448186079
47441,40.1999044682849
47442,27.24195642726385
47443,30.066364364424892
47444,30.98184133780051
47445,34.29723678998272
47446,37.66935361159731
47452,51.55744034764676
47453,56.76418800403925
47454,60.78775826182332
47455,62.772147877513596
47456,54.53170721695189
47457,56.957552195190885
47458,53.597360306391266
47459,12.690899835407357
47460,15.858177904820714
47461,16.206360073644493
47462,23.829086578108257
47463,26.966726398770923
47464,34.490868907904854
47465,36.68946658736028
47466,41.386003106879286
47467,39.45282295717688
47468,41.350280728748686
47469,41.638336926801756
47470,43.55946963206372
47490,14.636810702353934
47491,19.142914663013954
47492,23.84438296000385
47493,30.907242235904807
47494,34.47129720202941
47511,38.52808959767998
47512,44.32509109241048
47513,46.63271576061622
47514,54.72403698571575
47530,25.272734632242074
47531,31.252488154026874
47532,29.312119712318058
47533,37.00897441761894
47534,38.55385805283909
47535,40.07351055971539
47536,41.76109718629894
47537,45.79898768911224
47538,47.68620867424992
47539,49.189040160462305
47540,50.10359794795703
47541,50.66052699773468
47551,8.4723532841166
47552,9.726449536481745
47553,10.32196700459019
47554,9.733831042622484
47555,12.471202130637044
47556,15.975030742206512
47586,43.1203491488615
47587,49.97064951635522
47588,54.504066806308224
47589,59.09333210505372
47590,61.73752371467925
47591,62.481999683382455
47592,63.03471521021091
47593,64.61367880014699
47594,66.83419688233327
47595,67.29166232329088
47596,68.41141345735127
47597,68.62151026915606
47598,26.45335741890026
47599,28.375314667786487
47600,30.49507518892975
47601,34.87732303836522
47628,11.142971834541603
47629,13.329979228787943
47630,15.553962653137262
47631,17.969005018955986
47638,20.279919835619225
47639,20.549795754893406
47640,19.15540701876686
47641,14.019168920124386
47642,15.500084673954547
47643,16.668240290241727
47644,22.911216941168966
47645,27.008414077372734
47646,27.22490092911075
47647,29.593150000864732
47648,31.41729564523429
47649,33.53144658906224
47697,11.727111904282724
47698,14.287288353592084
47699,17.489477138638865
47700,17.519283024429576
47701,19.85268698021406
47702,24.19600321516346
47703,27.69089759979162
47704,31.142628297494078
47719,13.100041851299428
47720,14.349734625463606
47721,15.090104182491597
47722,19.683040633609167
47723,22.60213916216877
47724,24.683390967221055
47725,26.782689037203216
47726,31.356936289382634
47727,11.935618121920937
47728,12.80261923105775
47729,15.664031201816298
47730,18.314730308931754
47731,21.782780525322938
47732,23.633024864973965
47733,26.03075691257115
47734,26.864257643370895
47735,28.33956826868063
47736,28.727823637867182
47737,32.71888228077965
47738,38.68711165020659
47739,45.632656277291595
47740,49.213703346610686
47741,49.77174906469831
47742,53.271213837353805
47743,55.520628861453794
47744,58.30336355577135
47745,59.857613494792524
47746,60.45655115212846
47747,61.142803230417414
47748,60.167896945044454
47749,60.920231629245194
47800,35.951470208907736
47801,36.94752714563701
47802,41.061103494744295
47803,37.189402790908126
47804,39.30023552890062
47879,26.507960601460063
47880,36.64853375810512
47881,38.51851477230602
47882,39.829593279484506
47895,11.247158989897905
47896,11.725935868808198
47897,13.46486705965985
47898,17.339631107118105
47899,18.798824396188582
47900,21.65571048982992
47901,23.772748346533426
47902,26.91029260167158
47903,30.01884165483601
47904,31.594866800019446
47905,34.27039999584424
47906,33.9262694158518
48043,17.307029447744224
48044,20.46787487260358
48045,22.490785526792507
48046,25.62505870883532
48047,35.09272147723563
48048,40.4453686962883
48049,37.844760489712364
48050,37.295417263429215
48051,40.50316293763861
48052,39.560774871221035
48053,44.8363986867349
48054,42.271468799029904
48055,49.13761556600891
48056,51.00764657698414
48057,52.822140336807536
48058,46.13597410796865
48059,49.62368473164217
48060,34.33773533728809
48061,35.63780208038591
48062,37.305615993635136
48063,34.009464801448495
48064,35.23338011603055
48065,37.75739562185709
48066,40.612007896690834
48067,42.661552458693365
48068,45.9048718645559
48069,48.33073959865994
48070,20.67021716428237
48071,22.496967570819397
48072,23.499433639332057
48073,25.137472107772435
48074,27.111871380502
48075,30.6267972684334
48076,34.44282024888301
48077,36.07880233980068
48078,40.757958573702275
48079,48.30304708405999
48085,43.608109576940514
48086,46.12985453608608
48087,48.91725296926909
48088,52.625948482238016
48089,57.7937649508609
48090,59.13305130073885
48091,17.312295594727495
48092,31.391778495310724
48093,36.553811942190194
48094,37.92530633757981
48095,39.274691195228435
48096,43.67178275043838
48097,44.19112481353481
48098,44.2292733997741
48099,48.37636160492377
48100,48.64268072823631
48101,50.49191539772188
48102,53.66209918522483
48128,3.229571133494412
48129,4.869426798279542
48130,8.294339057762325
48131,13.347485501574155
48132,16.7855014491526
48133,19.57606339541704
48134,20.543373111741566
48135,24.724166258506884
48136,29.11255822426922
48137,30.810579438220543
48138,30.68123537060169
48139,31.859796569343427
48212,29.240995148701575
48213,30.84225296733162
48214,34.99785411926533
48215,38.11906427937178
48216,43.27254754549757
48217,46.376557732112516
48218,46.58751131691793
48219,47.75068885924584
48220,49.7414190410304
48221,52.5722393550616
48222,55.77440938554668
48228,6.746365388254754
48229,8.343255506439444
48230,11.152811193762746
48231,14.325279960814626
48244,36.5839453870208
48245,38.45640371186023
48246,39.553159711108854
48247,43.43450073780128
48248,42.5766972621029
48249,40.60239811145352
48250,49.545407448980875
48251,52.412418506142785
48252,54.965024472148244
48253,55.055330361259834
48254,56.83221994369087
48255,61.50898579429477
48256,66.4056876149787
48257,68.3823747643178
48258,64.80667380241343
48259,67.09135280373769
48272,19.667430330560656
48273,21.4472751336108
48274,25.46477790949398
48275,27.87406081846923
48276,30.085215548583424
48277,29.345255882186823
48278,30.89311697605988
48394,55.26301315093999
48395,55.70728880561571
48396,59.26043947390759
48397,60.90236163538611
48398,63.60765838446853
48399,62.68329523678612
48400,66.68765467255612
48401,67.82414146377529
48402,67.69333967375397
48403,70.26890620242926
48404,71.7608447756245
48405,73.65295716717424
48406,43.47000803659626
48407,45.78091448314704
48408,45.93346509752481
48409,44.672132766814926
48410,45.61596193043195
48411,48.20093947095839
48412,47.316864778368824
48413,50.267897945642204
48414,52.53570153320297
48415,54.267801565144694
48416,56.02369517804224
48417,54.22795091040535
48418,57.36897455701696
48419,50.06707582539777
48420,50.53450022682291
48421,53.19360279851609
48422,55.701624169451925
48423,58.84829958927252
48424,58.839967359997694
48425,58.201313675937726
48426,59.338537515644035
48427,59.56357730767038
48428,11.983832042627116
48429,13.614373450174643
48430,15.686038078160085
48431,20.268491409080713
48432,24.027142198506525
48433,28.230682735958844
48434,32.26082478230196
48435,32.7940360143657
48436,33.43648169407371
48437,35.09087695714275
48438,36.25572450718535
48439,33.4341084032843
48475,2.830009427828228
48476,4.179963616720945
48477,7.840444040842272
48478,11.307924544878146
48479,16.303523471986313
48480,18.406601090069216
48481,20.860499672401065
48482,25.099271389230317
48483,28.078446681192933
48484,30.494805815586723
48512,15.739261666212368
48513,17.59410102186321
48514,17.90521291456481
48515,18.280530532248214
48516,17.869303646255236
48517,21.704133567915328
48518,23.90201901839689
48519,27.48462361569442
48520,30.531099815814862
48521,36.045303752885594
48522,37.39958770684587
48523,43.82319512342219
48528,18.105739459162773
48529,19.567756659659015
48530,22.662649910036453
48531,24.97942047424827
48532,30.29785150654352
48533,34.67119855807055
48534,36.39319819103472
48535,41.18989854314909
48536,41.37779443128446
48537,43.756635710083835
48538,45.80306685568714
48539,49.88425515561438
48610,25.23458579673298
48611,26.975018552070097
48612,29.325807721660492
48613,32.54654144843842
48614,34.590117171486924
48615,37.27446325258686
48653,14.516489923836506
48654,16.797978422852815
48655,20.09197523822769
48656,22.070370598315538
48662,14.674146659626244
48663,15.474250397596991
48664,16.555078973937533
48665,19.149895431879447
48666,22.496790361867937
48667,28.97731915289021
48668,40.94911485196856
48669,45.50646979989274
48704,23.30356356867194
48705,31.419768508734848
48706,33.20803495389012
48707,33.22481143904188
48736,15.273839068542053
48737,17.001524911765333
48738,21.79314440927624
48739,24.668939512547187
48740,26.75309328870511
48741,30.410292124802336
48742,33.75995117791965
48743,36.41451408559295
48744,39.133498185087596
48745,38.896577990651544
48746,40.006706100497055
48747,39.820595623635406
48748,35.74647243589378
48749,37.48792856218524
48750,39.60477306713915
48751,43.49400747468618
48752,46.96186958610936
48753,50.46266570423474
48754,51.67660194054962
48755,52.87243396115673
48756,55.908493519222915
48768,50.037391681835395
48769,51.81392777433825
48770,52.89079960804112
48771,54.553930714808395
48772,56.10162167280689
48773,59.42101038497712
48774,58.66079872653812
48775,59.97894810663396
48776,59.06583899721697
48777,59.79438601488669
48778,60.70348734391602
48779,63.22994645132557
48828,27.353842581583798
48829,26.662862041673826
48830,30.268732102062852
48831,28.30060009504615
48832,18.28030586040245
48833,21.668136396550647
48834,24.507229071046233
48835,28.90941721431152
48836,33.62857046281071
48861,27.92319835366191
48862,28.75099755992464
48863,30.85674401576989
48864,28.64268151140582
48865,35.86989403034479
48871,35.72084234043237
48872,38.98988779022603
48873,43.87127883576508
48874,46.63357137698848
48875,52.42330783696997
48897,12.693242707080985
48898,14.495949005669377
48899,15.745187296623515
48900,17.49970539968342
48901,21.04293919473841
48902,23.01572514730649
48903,26.32297641149139
48904,29.358112029385566
48905,35.35249407192852
48906,36.719106572153194
48907,38.41785239293524
48908,39.733081033669876
48918,13.627267894750814
48919,16.053658774935844
48920,18.458771557209264
48921,22.200018305864027
49051,24.136517398657325
49052,30.320311728861704
49053,35.23560376483636
49054,46.01086226538552
49055,38.266175698912924
49056,40.91373578324375
49057,45.53000148292719
49058,48.3594957201768
49059,49.303842939318386
49060,51.098035726654004
49061,53.51080330976714
49062,57.20492230067395
49063,58.673503669248745
49064,60.904873762906476
49065,65.26175206927999
49072,7.674045769233984
49073,12.065266267182695
49074,15.277129806455964
49075,17.85037093121834
49102,24.902027812256055
49103,40.08122209069067
49104,41.77719719248401
49105,45.560294664905435
49106,45.0363721384411
49107,49.36018061066735
49108,50.98989355780599
49109,52.043716178108305
49110,51.8186644191405
49111,56.31616390936714
49112,57.08002144816409
49113,60.861974979116745
49126,25.294034934862058
49127,26.244480871656087
49128,29.23720119017646
49129,32.67366596993806
49130,35.672356304793674
49131,39.07993564054906
49132,41.512159298154664
49133,42.87387493816621
49134,46.222039039582434
49135,48.76989005855983
49136,51.05540258233434
49190,29.655314283727442
49191,35.46830051877454
49192,37.46042617450971
49193,42.305023980889146
49194,50.39478282606335
49195,54.291359487905126
49196,54.343740116351974
49197,56.58603148458053
49198,59.03014824432557
49199,59.03845713939735
49200,62.12766790657567
49201,63.75257385809685
49212,33.23427926840555
49213,34.8493106367116
49214,40.58353892586141
49215,43.72644804179992
49216,46.816283410573114
49217,49.67138630856652
49218,52.75817701999435
49219,55.62044245345541
49220,57.1346841322526
49221,59.69475615042165
49230,21.112307006271944
49231,23.533208352475935
49232,27.3995942421875
49233,31.364179486877664
49234,38.817807770678
49270,59.69083223193237
49271,60.18397553931732
49272,60.37841234599077
49273,61.169613297136834
49291,17.961597624510173
49292,25.193837687621105
49293,39.01564573905288
49294,37.024108451611006
49342,21.55283557957302
49343,25.677072204583332
49344,27.431554713772783
49345,28.856622302907844
49346,27.726345369896425
49398,7.180830146451129
49399,11.881676493240583
49400,16.404930748565178
49401,20.202900655166488
49402,22.727379225330598
49403,22.71382901784545
49404,24.2449273641971
49405,28.23722319538404
49406,30.267534162807042
49407,30.96852487840321
49408,34.588356650525306
49417,22.61190954470784
49418,23.573675095592716
49419,25.939676646565484
49420,26.67136890885406
49421,27.35084685396036
49422,31.37837411635469
49423,33.05142422231038
49424,37.062703378760546
49425,40.45409443998574
49426,42.30136170340576
49427,44.35703232712244
49428,47.15807219577505
49429,64.49892166416001
49430,68.81740806189102
49431,71.11550496958048
49432,71.82284405163554
49433,15.910419800994687
49434,22.688373731074396
49435,25.173522246772116
49436,30.70675092729182
49457,21.27816197174922
49458,25.735009232392528
49459,29.349313145840146
49460,34.509160075814016
49485,44.73717503322796
49486,47.18588136592564
49487,49.22564753580009
49488,45.46952481547378
49489,47.93473508214693
49490,51.46588648950525
49491,54.5216342850269
49492,58.189248719509756
49493,59.843586683456515
49494,61.14979890938946
49495,63.6487468359694
49496,68.30763978215748
49497,41.30491526704052
49498,42.20671801224305
49499,43.067424359924104
49500,45.245375882045394
49501,50.51366359635548
49502,52.234525367242604
49503,54.694228108276114
49504,57.59845213756589
49505,57.30038238192221
49506,58.38579696869284
49507,60.492421410516776
49508,61.35447480652397
49585,18.367023151482005
49586,21.15978094460212
49587,22.415325484057703
49588,24.313225974295868
49589,24.078145579272764
49590,29.470369857637504
49591,31.446340735204092
49592,39.79072301119672
49593,44.00291105152318
49594,46.488819052173135
49595,42.83329938509436
49596,51.74471939878716
49647,4.687509424967469
49648,7.471914184446861
49649,11.29709470165359
49650,16.829048805290782
49651,20.318541431261902
49712,41.632736111035385
49713,42.63742730019114
49714,43.15601599183515
49715,41.853078189118214
49716,48.185680836994194
49717,52.27564022601665
49718,54.935115617197944
49719,56.01648602263168
49720,61.13032933171997
49721,61.64157722331556
49722,63.09283691699717
49723,64.2788375322148
49770,43.262340989542245
49771,47.06664333055096
49772,47.07188710058213
49773,50.32400759584471
49774,53.9703785798472
49775,56.74178752646217
49815,15.676482308988588
49816,21.80670155754565
49817,24.7573126064317
49818,26.811804786239062
49897,21.018797816610576
49898,25.237724719972963
49899,27.74407204324988
49900,33.15631497019204
49901,42.166286904055504
49902,44.429604262825066
49903,45.0935583317703
49904,50.158035259084116
50004,2.453555968759551
50005,4.897842406898325
50006,7.738240717037987
50007,9.93094868939666
50032,25.057192921683864
50033,26.224989308906547
50034,32.65328887043306
50035,37.08405303063277
50036,23.653290042681746
50037,29.493726369735416
50038,30.08626548812028
50039,32.140258105733295
50040,34.61536312662829
50041,38.04126967954636
50042,39.686344401312624
50043,40.957333829400135
50044,43.320951691270345
50045,45.45749358835388
50046,49.05505779101414
50047,49.882281836879066
50096,54.68097606175171
50097,57.29599169521429
50098,59.29387363842593
50099,62.78901932523921
50100,69.35045096222424
50223,43.362806311721044
50224,46.63295121532316
50225,49.794602745669785
50226,54.822122786217214
50227,56.87842700011488
50288,20.346840863000608
50289,20.871128085918304
50290,22.10150152829269
50291,23.089121744376868
50292,25.92474189557142
50302,9.164370101948702
50303,10.455743469251345
50304,12.840998137902995
50305,18.248370999795497
50306,26.447711071079702
50307,27.391444936324305
50308,30.662070984988315
50309,31.092506487689032
50310,32.43585710588073
50311,32.94132357074341
50312,36.46773724463221
50359,29.58130295829783
50360,32.547689174292216
50361,34.93398138317031
50362,37.028429005472766
50363,20.00041506942985
50364,21.450712078704903
50365,26.101933152246254
50366,30.942154853879334
50407,22.765691290398973
50408,25.624377805542153
50409,26.94642789388864
50410,26.95456163307487
50411,26.261137388281927
50412,29.508756421489462
50413,32.481692193657246
50414,34.3701653819492
50415,38.15852633077127
50416,44.19626032291431
50417,47.65779481254902
50418,48.352949113061
50457,39.99389360135144
50458,44.81150914285269
50459,59.09721801657239
50460,59.14314732766165
50507,15.060636652341833
50508,21.14693193579683
50509,27.452616909146375
50510,29.736287446888557
50511,39.24158812993103
50512,42.52914120651732
50513,49.50900281162543
50514,44.84482035077489
50515,46.96606157554216
50516,53.51143335163886
50517,54.55998725739344
50518,56.10634159488837
50519,53.99587534058849
50520,55.3574057442561
50521,60.445104622851005
50522,62.90433693062832
50558,25.96170292686512
50559,32.586231559583474
50560,34.11831829309623
50561,34.54228074970118
50635,52.2572814523904
50636,55.40093196770913
50637,60.275121931235674
50638,61.84514134408958
50639,66.88127958048435
50640,61.44100335331627
50641,63.05645231278334
50642,64.43943760546577
50643,65.70040258100553
50644,66.39992580992988
50645,66.50717612910341
50646,67.80281921579099
50656,19.285921064626937
50657,22.7922327517976
50658,27.037988916145164
50659,29.795462696314143
50660,22.081136597564733
50661,24.808859139814714
50662,28.8647535568048
50663,30.32635794833558
50664,32.739857302380706
50665,31.58512706997461
50666,38.64380902482188
50667,40.14151690926738
50668,42.188153842604066
50669,45.69263144360975
50670,48.70122216406258
50671,53.574306982506535
50686,22.064818814095116
50687,27.492672155397628
50688,29.516114349382732
50689,31.782620944492226
50735,7.883964100424147
50736,9.508013025755991
50737,12.217892886109588
50738,13.829236366852697
50739,17.099089405438406
50740,17.151937491361696
50741,20.01573453622865
50742,23.058640393448034
50743,25.524715297664535
50744,27.227118671944794
50745,27.851558166216712
50746,31.012585355172092
50752,34.26317344919501
50753,38.2771686969986
50754,42.86747833367393
50755,45.05173140740875
50756,45.32888635138378
50757,47.47031187573664
50758,49.85838379373293
50759,49.8506078725768
50760,53.112492260670365
50761,54.20989645160761
50762,55.0208465521405
50763,57.963616144271946
50768,5.890639364597565
50769,8.248247025229746
50770,11.503244219777665
50771,14.650760305486314
50772,16.2049795492302
50773,19.30496713998835
50774,21.641206734398903
50775,26.269435295491498
50776,28.96953013408293
50777,31.411130778045766
50778,28.75303153504969
50779,31.21909274997163
50792,44.02224284044285
50793,47.60482037526507
50794,50.16750002510203
50795,51.98899708775086
50796,53.42476585313243
50818,31.13584404662621
50819,33.117115723276186
50820,35.05017272050503
50821,36.9380612315049
50822,39.75702976967149
50823,43.123960280380274
50824,45.762949462975364
50825,47.21968688749301
50826,48.26816232577792
50827,48.527542883569716
50828,48.80258276043423
50829,51.45371275865487
50848,50.75043981138918
50849,51.95905474049365
50850,54.61071370012884
50851,58.74928719604666
50852,60.1545176619992
50853,63.14062026656766
50854,67.57984844552294
50855,66.04744281254939
50856,66.24070688724322
50857,67.06773038357265
50858,67.84899761251587
50859,69.66363041864119
50860,34.44033556763361
50861,36.30794446117104
50862,37.70717700031502
50863,41.50384581485282
50864,43.34961653040679
50865,48.82111532551501
50866,51.613582234805456
50867,52.26237658870606
50868,54.398786330777824
50869,54.455863474473404
50870,55.69240078684179
50871,57.781722964975344
50890,18.651872089414965
50891,18.60450055177899
50892,26.431632385613995
50893,31.007921863776662
50894,36.04597983585184
50895,37.092270963415885
50896,36.99027617772474
50897,39.90802282614825
50898,42.91180363180195
50899,45.42362553351365
50900,48.59482500105284
50901,50.46908680459034
51021,37.181596919358945
51022,42.347632053486755
51023,46.86330536700614
51024,45.40018379164487
51025,48.69408197059055
51026,54.89576261752705
51027,59.52967285720086
51028,57.69784787873197
51029,58.12158048415304
51030,61.70605063401305
51031,63.07405462845161
51032,66.22933318585942
51088,40.38789299331415
51089,50.72220321189288
51090,58.244552785548215
51091,60.74753324076351
51111,23.53379933514974
51112,27.97867016151602
51113,33.2252567834427
51114,46.92184246753508
51122,39.5766745500482
51123,42.573338329417155
51124,43.762974138430415
51125,47.64304962065802
51192,13.010483107635446
51193,16.917572761543656
51194,21.160275864180175
51195,33.97120083566121
51204,45.124251207245834
51205,49.12966245253143
51206,51.859658907181405
51207,53.54712762739609
51208,57.18791940239535
51209,58.487332193990476
51210,59.98329836611468
51211,60.079669721771516
51212,60.546672856388966
51213,62.54128337935692
51214,63.34983697121201
51215,66.14833056675509
51221,12.300904778780401
51222,13.836825971887539
51223,17.573021611998296
51224,19.54783617610946
51225,20.35365544082514
51226,20.452434062350918
51227,22.367153401733077
51228,24.880889005563336
51229,27.45348653186986
51230,27.37760803744456
51231,30.031637093411415
51232,31.554421193701515
51334,9.425215158177174
51335,12.222417375957217
51336,13.568807787015489
51337,15.68496124314898
51338,17.383950756432817
51339,19.27511032326994
51340,23.311558436045594
51341,27.052059138483674
51342,31.22508933085451
51343,35.205590245931056
51344,36.28739353327191
51345,39.61280904084936
51400,15.38935267072992
51401,16.384348963789073
51402,15.885941898789895
51403,22.483811355883166
51404,24.073004576196954
51405,26.89233826171821
51406,27.844003127620248
51479,15.528652635447054
51480,15.417273582849853
51481,16.55607340475874
51482,15.677905137564652
51541,19.02536041090804
51542,20.97139403843937
51543,23.072215905901125
51544,23.89437755811964
51545,22.097474610948588
51546,24.028504858521416
51547,27.64129495472199
51548,32.593050758900056
51549,34.035735819588126
51550,34.45069895463802
51551,38.16428041979272
51552,40.511971457475916
51577,37.748879195126996
51578,39.50774986281503
51579,43.90054348143621
51580,46.835266296888186
51581,50.061348360592575
51582,50.66495537502864
51583,52.16831785942826
51584,52.43287119409229
51585,52.83999124791194
51586,56.80016980711959
51587,59.4987658211194
51616,44.55957620696847
51617,44.177777079631085
51618,53.39105284568911
51619,55.439402287858336
51620,56.03696104328978
51621,56.78851085804416
51622,63.14905074135252
51623,64.10187941180112
51624,65.61376559197758
51625,65.38520766735279
51626,67.4495735883258
51627,68.40720235845784
51674,30.35503234226631
51675,36.90093024285045
51676,42.37007599985285
51677,49.175606953279285
51678,50.01971966354573
51679,56.09088760972568
51680,61.793396897976116
51681,64.0858110015572
51682,65.85049260740152
51683,66.86126929079742
51684,66.52635034340744
51685,68.16114066010634
51702,36.143415035091515
51703,36.610109162249536
51704,39.68797194507008
51705,54.19817473161146
51706,57.72977472046324
51707,61.194181601900155
51708,63.12566196263254
51709,63.86816511510392
51710,68.34114573208235
51711,73.50657656532982
51712,73.68185493486048
51713,73.66124781513037
51718,20.217687598662792
51719,22.206289388943237
51720,22.36022986755011
51721,27.2383214547211
51722,31.603705491771866
51723,34.38829749662233
51724,33.79144488252985
51725,35.533687400264434
51726,38.632466481516325
51727,40.78470056877788
51728,43.0481434565051
51729,43.39274014151027
51730,35.07029250729465
51731,43.2832134248609
51732,47.29115437537243
51733,51.62895855792141
51734,57.7631708007018
51735,60.38175555548825
51736,66.89809563530628
51737,73.84711086356766
51738,75.30210774171557
51739,77.72339177918452
51740,77.09998979772138
51741,78.09816397338672
51747,21.390030756023293
51748,20.934239731096344
51749,25.459292630741654
51750,30.274828573945868
51751,32.61088825492624
51752,32.9910591418429
51792,24.539316413092553
51793,26.29819366679934
51794,29.964693081989505
51795,33.95681338341546
51796,35.257921760827884
51797,42.374088948627
51798,42.278739358920134
51799,49.143803110191705
51800,48.73421542898407
51801,50.6166990462559
51802,54.64720872523268
51803,55.8352185735556
51812,7.17542566954927
51813,11.851915290779967
51814,14.594555513462625
51815,16.3661008306
51833,26.509735298067895
51834,27.121229904066958
51835,28.584364113338648
51836,32.1392011238098
51837,35.02489563798954
51838,40.343924980196974
51839,43.99105755800883
51840,31.077901452799683
51841,33.97836904475405
51842,35.3372590874383
51843,38.54407852749776
51844,38.604701217993245
51845,39.61643859166238
51846,42.347263513518854
51847,43.88931046688332
51848,45.450599531940824
51849,46.23976099829404
51850,47.83750454282131
51851,49.3422032445733
51864,27.96697663572653
51865,31.542156760435173
51866,33.642908239780475
51867,35.83953814086552
51868,35.876518539639676
51869,35.85130705556083
51870,42.57588833619371
51871,42.27167193338526
51872,41.10746713599636
51873,43.215947097406215
51874,46.33458793505768
51875,49.00949544716863
51891,12.178288575994385
51892,14.723851201397023
51893,19.418019823057215
51894,20.996710071473466
51921,21.846685493681107
51922,24.182457019625556
51923,24.571432358953732
51924,26.966228752378715
51925,28.935100054044984
51926,27.86723659410372
51927,31.62937204236104
51928,33.87060373584049
51929,36.677976752739276
51930,38.09459800479633
51931,41.85298453877042
51932,43.28655364266883
51937,42.32156809346351
51938,46.42802149449088
51939,47.04246666364288
51940,48.64224137661183
51941,50.267213880020435
51942,52.98084901842839
52202,31.379907497895047
52203,37.4107460619113
52204,39.442460571634705
52205,46.41301596533367
52206,13.39056216779962
52207,19.786183166742624
52208,21.689412338857228
52209,24.68910455980313
52333,26.54479000147666
52334,30.911536935182845
52335,33.16357020550403
52336,37.113465317245094
52359,35.50180781272389
52360,38.450944333527865
52361,39.781619181563556
52362,44.327151172254226
52363,50.81444917047827
52364,54.4294569054297
52365,58.01832500242296
52366,52.79794519445969
52367,53.82370926503904
52368,55.85848400047311
52369,57.82443556184838
52370,61.19346914760678
52377,6.904176985360778
52378,8.708273246627353
52379,8.925622093719701
52380,10.447585692401843
52381,13.325307122382316
52382,16.18798732751624
52383,18.560726547919163
52384,22.02461842454624
52385,25.828630021668115
52386,28.16557086407011
52387,31.61482277015759
52388,31.80344835404124
52413,56.68615569080636
52414,59.24953416372174
52415,60.29394945504151
52416,57.38214496830833
52417,56.86223740937183
52418,57.59919245532798
52419,59.31101649340201
52420,61.2447299445174
52421,66.14056392346517
52422,18.761716974055016
52423,18.922398235261955
52424,18.66804676800969
52425,17.519588459335232
52499,20.57198884442988
52500,23.296872389267044
52501,29.921655931428976
52502,33.946566475093995
52515,32.44073837079202
52516,39.22933160124094
52517,45.178390687129486
52518,48.2193719860592
52524,13.393836763661389
52525,15.488604801288275
52526,20.50318186677857
52527,23.024589029298788
52587,29.98482394178256
52588,29.68674377033758
52589,35.310839072218315
52590,37.85508162279164
52591,38.37690097217469
52592,42.53771756037882
52593,43.9577692180947
52594,46.04453843537472
52595,48.89486787439536
52614,27.521212303879558
52615,27.921994068984553
52616,30.013689122299155
52617,34.57090508920604
52657,3.667443766102265
52658,6.607382825554729
52659,11.029149600242704
52660,13.790827099810556
52661,45.39717301824763
52662,49.34421336512864
52663,58.12822897293873
52664,64.20112829634401
52719,38.615223404185855
52720,41.53847812609868
52721,42.03244397000638
52722,41.77667446431577
52723,42.32323199292971
52724,43.64931007857662
52725,47.79133643349299
52726,49.42022081391267
52727,51.252029263587005
52728,54.311027890768216
52729,57.60073065195298
52730,58.73699620583465
52753,8.894034205346228
52754,10.670264003635276
52755,12.38524015001959
52756,13.881698588689563
52757,15.792129004125405
52758,16.594511494052767
52759,18.644310018963463
52760,20.549316227820153
52761,22.57232608185784
52762,22.65314178211221
52763,25.35602028413859
52764,29.85634861433733
52802,53.54588117278516
52803,56.29541150334561
52804,58.05315523908166
52805,61.952341332205165
52806,64.55485511801635
52807,65.17072212497226
52808,68.15203433519437
52809,67.98104016447216
52810,69.05652406965423
52811,68.64535212073694
52812,71.78024838349695
52813,72.94514923794776
52861,20.76379697414064
52862,26.1716066345057
52863,28.266029802001945
52864,33.78902683876547
52865,44.9736781183268
52866,49.86484838261769
52867,51.149665275938645
52868,51.701099628121135
52869,53.45510871138082
52870,53.28339305129252
52871,56.8937869345994
52872,55.877000416576266
52913,10.182034538212132
52914,11.734378211889227
52915,14.114680518761942
52916,16.018050463874022
52917,16.760832179696003
52918,18.803119535798455
52919,21.24589784608546
52920,24.598711544332197
52921,26.586260243185727
52922,29.110857296253688
52923,15.577958899494718
52924,19.802438786174235
52925,21.73829052318337
52926,24.059052005628967
52927,27.585301829123292
52928,33.057924934183056
52929,35.92385771737709
52930,38.562836625870844
52931,42.82185744131741
52932,44.88180477733096
52933,48.29356696404597
52934,49.28522506984582
52955,24.975697922457666
52956,33.150760868172206
52957,32.09936410643587
52958,41.962326484349795
52959,40.252522452605355
52960,41.95766556026134
52961,43.38800158332451
52962,45.032710898828064
52963,45.69133319478669
52964,48.40278706803678
52965,50.16794894345925
52966,48.57064433313024
52998,32.99535739376153
52999,33.91350261005107
53000,35.573620395973606
53001,44.84296212949897
53002,31.1678333480145
53003,31.62261338015831
53004,33.404271034108056
53005,37.95661867089562
53006,42.02099876395793
53007,47.12263982658057
53008,46.21196806075745
53009,48.536610496169764
53010,51.40007908356607
53011,51.794584549553896
53012,53.017794687960965
53013,57.555095348894376
53014,19.881966076265556
53015,21.586579968679672
53016,22.918568589814484
53017,25.061174640998807
53018,27.67829602708333
53019,31.33626309435615
53020,38.949356288537835
53021,43.3384623644983
53022,43.800213446244335
53023,40.704621295812224
53024,42.96219902215618
53025,44.8820578125837
53141,28.4935404513069
53142,31.527126495236196
53143,34.42288999419919
53144,37.0934712437096
53145,38.01440463094794
53150,2.8032896043217734
53151,7.141762173795113
53152,10.19579198758162
53153,14.64391056564868
53154,17.575227585458933
53155,19.29135124676911
53156,20.42534318335774
53157,24.545915785824178
53158,29.333110534868418
53159,33.24217007076961
53160,35.38623306770449
53161,35.74956114165104
53162,24.82588491129015
53163,28.013767312478016
53164,30.385530602187306
53165,34.720521849799894
53166,24.47255465985394
53167,24.384858583462865
53168,25.82519886979708
53169,28.754990334015236
53170,28.57442295946755
53171,25.796224601161565
53172,29.178266250693824
53173,31.39366363581336
53174,33.20170087544279
53175,30.95913401191939
53176,31.94797736790219
53177,35.79044408272494
53178,39.734251743438385
53179,45.0362087136645
53180,47.04186108452383
53181,47.69724672257939
53182,50.6520953428551
53183,51.90993025802304
53184,48.52638657557864
53185,50.44097807401142
53186,51.890762250563526
53187,51.369546025707955
53193,34.16006303455902
53194,36.297452418779834
53195,38.06524670379077
53196,41.49987385369239
53197,46.31431824549072
53198,46.65178568960785
53199,53.51659464405481
53200,56.20982078717224
53244,27.329614180442647
53245,36.02433181650481
53246,37.461609781236085
53247,40.40365330137291
53248,46.202159543456474
53281,23.699417278488287
53282,23.823345266645177
53283,25.871285278356606
53284,26.039274370478136
53285,28.192104610012176
53291,40.81473205060059
53292,44.745914441408694
53293,46.53325280270783
53294,46.69228226730864
53295,47.633147951673116
53296,52.22260155548518
53297,53.95149570778711
53298,55.56047367212749
53299,57.87840462812954
53300,60.0237357704836
53301,61.84248729853909
53302,63.067312440928895
53318,42.036412031579744
53319,39.86229976107925
53320,53.08096006756199
53321,52.955024112768015
53322,58.73324554674114
53323,61.078056839008255
53324,61.43983718111635
53430,28.230482389115508
53431,29.72813493945432
53432,30.912777030921173
53433,38.01091301208348
53434,38.46366165461901
53435,39.7225303195997
53436,41.74024782291568
53437,42.343621832834195
53438,44.51782768585815
53439,43.961799869816105
53440,48.31669860595688
53441,51.25816930329022
53442,32.90468625746925
53443,33.7841052172706
53444,40.79362386798096
53445,42.94529757688617
53446,45.442794027161284
53447,46.29474349131402
53448,48.38861811013142
53449,46.97728572129799
53450,48.30032139644585
53451,53.3013889652123
53452,51.96742604967158
53453,52.77463430388838
53483,24.107613884366053
53484,28.8543585515377
53485,32.76565786900074
53486,32.98705757358802
53487,34.849118877459865
53488,38.089395887630076
53489,41.601273395531294
53490,48.01880071768322
53491,49.683084808156316
53492,49.722744908844234
53493,55.486878952566606
53494,55.86859610449866
53527,42.51512633389813
53528,44.110454114478735
53529,43.89309832266337
53530,46.318591605484485
53531,49.06722167751189
53544,25.57549950346376
53545,29.488895859509377
53546,34.83670249237364
53547,45.30950645740459
53589,52.34042045639918
53590,55.11389788959028
53591,60.346272345546495
53592,59.89724010600381
53593,63.5374060204023
53594,64.00365699016423
53595,65.57962205640627
53596,66.69199123687316
53597,68.56143883348713
53598,69.76532351963944
53599,70.0062671737665
53600,71.51102304951728
53651,46.24279443763242
53652,54.498628728432536
53653,57.81030281219069
53654,58.23513026886109
53655,55.8284148725599
53656,56.172249429705396
53657,59.51510988717479
53658,62.58554938756871
53659,61.7333270485131
53660,64.91021307344668
53661,63.562676141244026
53662,64.7316201567828
53663,64.55563082374091
53664,64.28382305784488
53665,67.4095972415367
53666,68.64694896028034
53667,27.411687383151484
53668,29.191944676105578
53669,31.043734096693665
53670,31.8318258316727
53671,32.00693290191492
53672,34.40533210655973
53673,35.88487636851703
53674,38.40600889316581
53675,41.216775040634445
53676,47.44160192918694
53677,48.65023707895419
53678,47.84882068351792
53703,33.34863577860722
53704,37.58564662409973
53705,43.142424866366945
53706,50.70848792751764
53707,59.94277295855022
53720,3.748120075200174
53721,5.168353964276509
53722,8.163736589632613
53723,10.163567247907524
53724,12.863123214118966
53725,16.229188459222385
53726,19.900330943866106
53727,23.02162672040033
53728,24.345127258112875
53729,27.47685094950607
53730,32.02729583308843
53731,34.70455866538241
53732,16.873320812281964
53733,21.71852670368088
53734,23.551640177521012
53735,25.828869858500383
53736,30.557600232824463
53737,30.671702132047592
53738,29.662829532922203
53739,31.01418688474628
53740,32.12926389607231
53741,35.550640415348624
53742,35.68000538751467
53743,35.808968077534495
53794,15.282620175379295
53795,17.029866185322586
53796,19.373480143177012
53797,24.43470210467309
53798,28.28290798682252
53936,46.261874536159254
53937,51.02898923875709
53938,55.05558269643865
53939,60.029793786354794
53940,62.22846533980643
53941,66.03652340671654
53942,66.12184389870382
53943,68.36105595988735
53944,69.27467091216829
53945,71.587390902402
53946,71.81431992688107
53947,73.31230201617437
53954,-0.24895604004080502
53955,0.053124856703085345
53956,0.1303603978177012
53957,3.2491271399605064
53958,5.725807138787572
53971,26.660406503609085
53972,28.731601787998166
53973,30.51248418058283
53974,31.08285684921887
53975,32.90905171941913
54001,25.16901072089985
54002,29.726644169125006
54003,37.47531792719398
54004,41.309380167681795
54017,23.86735587113798
54018,27.94553619888756
54019,31.360722434788045
54020,31.792794394236093
54021,35.085101544691625
54022,37.69432334657272
54023,39.350204892188934
54024,41.66409196919574
54025,42.41973365567164
54089,36.65577218494463
54090,41.7048817877068
54091,42.85716628183992
54092,49.929470208997905
54093,52.21132525475561
54094,53.73125434617935
54095,62.20232019444038
54108,54.446191241913986
54109,56.61932533690745
54110,59.32871464078976
54111,56.45781274773349
54120,6.8863933716859025
54121,8.93458380380729
54122,10.976132117836828
54123,12.822363044277568
54124,15.514595497363247
54125,18.63509149336246
54131,1.3425528132444668
54132,3.735071247716421
54133,8.095105954699836
54134,10.36690044028959
54135,13.355910616310117
54136,17.51069253651725
54137,21.063107321509587
54138,24.309041156666986
54139,27.106954875463366
54140,29.93860404686782
54162,27.964564369404883
54163,34.242190897489394
54164,36.622852063829974
54165,38.39641096538006
54178,0.3012911494849644
54179,0.8459495048536845
54180,2.988551779330477
54181,6.502513411987183
54182,10.279439298126114
54183,12.895525340649446
54184,15.730722742462035
54185,15.916747315876687
54186,17.601799101955738
54187,22.75216406087386
54188,25.71995658949077
54189,30.59489911736104
54202,62.9667437082451
54203,65.42380626520983
54204,66.66567385075452
54205,66.82219816540162
54206,69.47208325564819
54207,70.81186793918766
54208,70.75990822628239
54209,73.64429633678029
54210,77.04338374790335
54246,5.3198038422609315
54247,6.000953058307746
54248,7.826242963030547
54249,8.789955195862216
54250,12.772252562463438
54296,40.485989820516195
54297,40.861757548634316
54298,43.113281016042485
54299,45.678055625439484
54300,47.506951116829846
54301,51.10945930299445
54302,51.50619347919883
54303,56.277847787768614
54304,56.74871077633764
54305,59.456179496658976
54306,59.40593681463412
54307,60.6682542846603
54323,15.648276206200336
54324,15.999184038615862
54325,16.389645677759162
54326,15.140105501439372
54327,16.583084391865206
54328,16.277300292516905
54329,22.87263089737732
54330,26.891966758834158
54388,28.67140978719709
54389,33.48262228195462
54390,35.66732416778375
54391,38.995170189031064
54392,43.419337628849135
54475,4.710179626751083
54476,6.458843631745502
54477,7.628245203258139
54478,10.383877170620641
54479,12.34915576732664
54480,14.503835901408403
54481,15.574161394888394
54482,17.19072449656768
54483,17.73277104459232
54484,20.005650612086516
54485,19.632981938475584
54486,20.806006275191912
54493,31.228097723227094
54494,31.27378884693684
54495,33.28897172918551
54496,34.07247135694644
54549,13.01870663564314
54550,15.336872082382385
54551,17.989278455034665
54552,22.803992246089596
54553,26.103885253251796
54554,28.422392616342723
54555,31.14581916092211
54556,34.21595271581832
54557,35.79823548796956
54558,37.50194496111624
54559,39.813277364382586
54564,2.080864382571216
54565,3.787092147668395
54566,7.369560818248714
54567,10.839869979129196
54659,11.888600158093485
54660,17.6710562638182
54661,22.133239839660334
54662,26.197981750480587
54674,18.268200277501233
54675,21.528895790941792
54676,24.335243232098826
54677,24.629827737877765
54714,18.540278610554445
54715,25.065055847195612
54716,25.7080830715958
54717,30.293243221099008
54718,38.2455534484854
54728,31.823020417114968
54729,34.623500798477345
54730,37.615539488904524
54731,37.19605151747986
54732,42.935057205412086
54785,31.130379087815513
54786,34.99209088646276
54787,37.0871532105805
54788,37.64478140348179
54789,37.83048524110995
54790,39.39512225134173
54791,15.035255768713393
54792,17.02435518916418
54793,17.553904949433786
54794,19.681562397087898
54795,24.29977828247201
54796,27.519739291070024
54797,30.27180361290931
54798,29.04938931881085
54799,32.44158226662062
54800,35.60092091047995
54801,38.0520236347095
54802,42.51723750529253
54851,22.22588555321979
54852,27.22838801473431
54853,31.014230181245992
54854,32.102524947428925
54935,36.88007834488977
54936,44.19827247381593
54937,54.80045774413331
54938,51.696525891667726
54953,55.4571710421098
54954,58.67389334229215
54955,60.30871119198876
54956,60.22555220556002
54957,60.692543701480176
54958,63.08661799955982
54959,64.46594314232892
54960,66.24917153714001
54961,67.44213216394795
54962,68.38909058221951
54963,69.54989271881158
54964,69.59047946840579
55017,33.21571228415609
55018,38.90563308913988
55019,39.593792738785474
55020,38.56595912684606
55021,42.05077401938957
55022,45.957238458253656
55023,44.61440226349489
55024,43.63784117149302
55025,47.75252191990615
55026,47.524081922178
55027,49.86193450670474
55028,51.16047630344261
55041,33.56221735003351
55042,36.66576960264405
55043,42.54740294515132
55044,44.97543656544246
55045,45.84244903123833
55046,46.891814912862884
55047,47.785919167483485
55048,48.607998182580594
55049,53.93633556456092
55050,53.97294181339064
55051,53.265070199145
55052,54.71416455670208
55060,42.735701512906196
55061,43.91909495331314
55062,46.963996209021765
55063,51.38036824524625
55095,34.26901964738164
55096,42.34319724878628
55097,45.31011577911691
55098,56.69571127167647
55127,26.545984405057695
55128,28.20225559277998
55129,29.5215167949362
55130,28.498986283527586
55131,30.79730279616146
55132,31.87390980783256
55133,35.18270673659828
55134,37.00738004428427
55135,41.54976986541649
55136,44.4292861415722
55137,47.2444785087548
55138,49.03345999963041
55179,24.7991052766975
55180,30.88727340046919
55181,33.322471590225305
55182,37.04757065889322
55183,38.796461820116654
55184,41.03742503905386
55185,43.67806550598773
55186,46.316998044195415
55187,46.79071665917101
55188,47.620185219130185
55189,45.33943645027412
55190,46.47196705776488
55191,48.94532074759057
55192,49.89781060595639
55193,52.24305928916037
55194,54.69289031041835
55220,15.55297997966066
55221,16.68463680684055
55222,19.15328563724276
55223,25.236211949459367
55224,29.058243483484322
55225,31.57944706560885
55226,33.5171102458137
55227,32.64319944675985
55228,36.271991949705345
55229,40.58564293307526
55230,44.625578320962745
55231,46.06647508585982
55261,6.621727561391214
55262,9.615218026409355
55263,10.8267557303883
55264,12.539973693679949
55265,15.376031578791576
55266,17.036853654062526
55279,45.749351805542155
55280,48.69833351247378
55281,51.18824762414466
55282,53.12869201773115
55283,57.408480267943645
55284,57.04187071857362
55285,59.18610685439997
55286,61.90551093776837
55287,63.34873937684267
55288,65.67824798921939
55289,67.60528476354511
55290,69.05035927777112
55349,51.50930073911293
55350,52.6996193873099
55351,56.783668759726936
55352,55.97287539046095
55353,59.14607281141933
55354,60.403631291261426
55355,62.1079857951614
55356,65.65251891425358
55357,65.6786236446106
55358,66.79787125599239
55359,67.70770345799792
55360,69.44256195550055
55517,9.779548381307633
55518,14.200264792823008
55519,16.821484502796917
55520,17.99952010181677
55521,15.562502625212918
55522,15.890602939307836
55523,16.977221222642548
55524,20.1326533523716
55525,24.193627734993914
55548,25.0275350452427
55549,23.923073591984302
55550,25.281183780068208
55551,26.34221411983453
